[2026-03-10T08:04:20.453Z] [Update] Status check: current=declined, original=declined
[2026-03-10T08:04:20.454Z] [Update] Resubmitting declined document doc-1772859035378. Resetting to pending.
[2026-03-10T08:04:20.454Z] [Update] Final updateData keys for doc-1772859035378: updatedAt, status, declineRemarks, approvalRemarks, docName, docNumber, dateOfIssue, revisionNo, duePeriodYears, reasonForRevision, location, preparerName, dateOfRev, reviewDueDate
[2026-03-10T08:04:20.454Z] [Update] Final updateData values: {"updatedAt":"2026-03-10T08:04:20.453Z","status":"pending","declineRemarks":null,"approvalRemarks":null,"docName":"Minutes of Management Review Meeting","docNumber":"NFDCL/F/ MR/ 3300","dateOfIssue":"2023-03-07T00:00:00.000Z","revisionNo":10,"duePeriodYears":3,"reasonForRevision":"Due date was overdue.","location":"Unit 2","preparerName":"Priyanka K","dateOfRev":"2026-03-07T00:00:00.000Z","reviewDueDate":"2026-03-07T00:00:00.000Z"}
[2026-03-10T08:04:20.480Z] [Storage] Executing: UPDATE documents SET doc_name = @docName, doc_number = @docNumber, status = @status, date_of_issue = @dateOfIssue, revision_no = @revisionNo, due_period_years = @duePeriodYears, reason_for_revision = @reasonForRevision, review_due_date = @reviewDueDate, approval_remarks = @approvalRemarks, decline_remarks = @declineRemarks, preparer_name = @preparerName, location = @location, date_of_rev = @dateOfRev, updated_at = GETDATE() WHERE id = @id
[2026-03-10T08:04:35.625Z] [Update] Status check: current=pending, original=pending
[2026-03-10T08:04:35.625Z] [Update] Final updateData keys for doc-1772859035378: updatedAt, docName, docNumber, dateOfIssue, revisionNo, duePeriodYears, reasonForRevision, location, preparerName, dateOfRev, reviewDueDate
[2026-03-10T08:04:35.626Z] [Update] Final updateData values: {"updatedAt":"2026-03-10T08:04:35.625Z","docName":"Minutes of Management Review Meeting","docNumber":"NFDCL/F/ MR/ 33","dateOfIssue":"2023-03-07T00:00:00.000Z","revisionNo":10,"duePeriodYears":3,"reasonForRevision":"Due date was overdue.","location":"Unit 2","preparerName":"Priyanka K","dateOfRev":"2026-03-07T00:00:00.000Z","reviewDueDate":"2026-03-13T00:00:00.000Z"}
[2026-03-10T08:04:35.640Z] [Storage] Executing: UPDATE documents SET doc_name = @docName, doc_number = @docNumber, date_of_issue = @dateOfIssue, revision_no = @revisionNo, due_period_years = @duePeriodYears, reason_for_revision = @reasonForRevision, review_due_date = @reviewDueDate, preparer_name = @preparerName, location = @location, date_of_rev = @dateOfRev, updated_at = GETDATE() WHERE id = @id
[2026-03-10T09:01:23.975Z] [Storage] Executing: UPDATE documents SET word_file_path = @wordFilePath, updated_at = GETDATE() WHERE id = @id
[2026-03-10T09:03:06.121Z] [Storage] Executing: UPDATE documents SET status = @status, approved_by = @approvedBy, issued_by = @issuedBy, decline_remarks = @declineRemarks, updated_at = GETDATE() WHERE id = @id
[2026-03-10T09:04:02.989Z] [Update] Status check: current=declined, original=declined
[2026-03-10T09:04:02.989Z] [Update] Resubmitting declined document doc-1773133283925. Resetting to pending.
[2026-03-10T09:04:02.994Z] [Update] Final updateData keys for doc-1773133283925: updatedAt, status, declineRemarks, approvalRemarks, docName, docNumber, dateOfIssue, revisionNo, duePeriodYears, reasonForRevision, location, preparerName, dateOfRev, reviewDueDate, wordFilePath
[2026-03-10T09:04:02.994Z] [Update] Final updateData values: {"updatedAt":"2026-03-10T09:04:02.988Z","status":"pending","declineRemarks":null,"approvalRemarks":null,"docName":"Raw material analysis register ","docNumber":"NFDCL/R/QC/13","dateOfIssue":"2025-01-01T00:00:00.000Z","revisionNo":0,"duePeriodYears":3,"reasonForRevision":"New Document ","location":"Unit 2, Unit 1, Unit 3","preparerName":"Priyanka K","dateOfRev":"2026-03-10T00:00:00.000Z","reviewDueDate":"2029-03-10T00:00:00.000Z","wordFilePath":"uploads/doc-1773133283925_1773133442994_Finished Product Analysis Register.docx"}
[2026-03-10T09:04:03.000Z] [Storage] Executing: UPDATE documents SET doc_name = @docName, doc_number = @docNumber, status = @status, date_of_issue = @dateOfIssue, revision_no = @revisionNo, due_period_years = @duePeriodYears, reason_for_revision = @reasonForRevision, review_due_date = @reviewDueDate, approval_remarks = @approvalRemarks, decline_remarks = @declineRemarks, word_file_path = @wordFilePath, preparer_name = @preparerName, location = @location, date_of_rev = @dateOfRev, updated_at = GETDATE() WHERE id = @id
[2026-03-10T09:09:48.290Z] [Storage] Executing: UPDATE documents SET status = @status, approved_by = @approvedBy, approved_at = @approvedAt, approval_remarks = @approvalRemarks, approver_data = @approverData, approver_name = @approverName, updated_at = GETDATE() WHERE id = @id
[2026-03-10T09:10:59.831Z] [Storage] Executing: UPDATE documents SET status = @status, approved_by = @approvedBy, issued_by = @issuedBy, decline_remarks = @declineRemarks, updated_at = GETDATE() WHERE id = @id
[2026-03-10T09:16:59.439Z] [Update] Status check: current=declined, original=declined
[2026-03-10T09:16:59.440Z] [Update] Resubmitting declined document doc-1773133283925. Resetting to pending.
[2026-03-10T09:16:59.444Z] [Update] Final updateData keys for doc-1773133283925: updatedAt, status, declineRemarks, approvalRemarks, docName, docNumber, dateOfIssue, revisionNo, duePeriodYears, reasonForRevision, location, preparerName, dateOfRev, reviewDueDate, wordFilePath
[2026-03-10T09:16:59.445Z] [Update] Final updateData values: {"updatedAt":"2026-03-10T09:16:59.439Z","status":"pending","declineRemarks":null,"approvalRemarks":null,"docName":"Raw material analysis register ","docNumber":"NFDCL/R/QC/13","dateOfIssue":"2025-01-01T00:00:00.000Z","revisionNo":0,"duePeriodYears":3,"reasonForRevision":"New Document ","location":"Unit 2, Unit 1, Unit 3","preparerName":"Priyanka K","dateOfRev":"2026-03-10T00:00:00.000Z","reviewDueDate":"2029-03-10T00:00:00.000Z","wordFilePath":"uploads/doc-1773133283925_1773134219443_Finished Product Analysis Register.docx"}
[2026-03-10T09:16:59.449Z] [Storage] Executing: UPDATE documents SET doc_name = @docName, doc_number = @docNumber, status = @status, date_of_issue = @dateOfIssue, revision_no = @revisionNo, due_period_years = @duePeriodYears, reason_for_revision = @reasonForRevision, review_due_date = @reviewDueDate, approval_remarks = @approvalRemarks, decline_remarks = @declineRemarks, word_file_path = @wordFilePath, preparer_name = @preparerName, location = @location, date_of_rev = @dateOfRev, updated_at = GETDATE() WHERE id = @id
[2026-03-10T09:18:42.128Z] [Update] Status check: current=pending, original=pending
[2026-03-10T09:18:42.134Z] [Update] Final updateData keys for doc-1773133283925: updatedAt, docName, docNumber, dateOfIssue, revisionNo, duePeriodYears, reasonForRevision, location, preparerName, dateOfRev, reviewDueDate, wordFilePath
[2026-03-10T09:18:42.134Z] [Update] Final updateData values: {"updatedAt":"2026-03-10T09:18:42.128Z","docName":"Raw material analysis register record","docNumber":"NFDCL/R/QC/13","dateOfIssue":"2025-01-01T00:00:00.000Z","revisionNo":0,"duePeriodYears":3,"reasonForRevision":"New Document ","location":"Unit 2, Unit 1","preparerName":"Priyanka K","dateOfRev":"2026-03-10T00:00:00.000Z","reviewDueDate":"2029-03-10T00:00:00.000Z","wordFilePath":"uploads/doc-1773133283925_1773134322132_Finished Product Analysis Register.docx"}
[2026-03-10T09:18:42.140Z] [Storage] Executing: UPDATE documents SET doc_name = @docName, doc_number = @docNumber, date_of_issue = @dateOfIssue, revision_no = @revisionNo, due_period_years = @duePeriodYears, reason_for_revision = @reasonForRevision, review_due_date = @reviewDueDate, word_file_path = @wordFilePath, preparer_name = @preparerName, location = @location, date_of_rev = @dateOfRev, updated_at = GETDATE() WHERE id = @id
[2026-03-10T09:20:15.388Z] [Storage] Executing: UPDATE documents SET status = @status, approved_by = @approvedBy, approved_at = @approvedAt, approval_remarks = @approvalRemarks, approver_data = @approverData, approver_name = @approverName, updated_at = GETDATE() WHERE id = @id
[2026-03-10T09:24:31.609Z] [Storage] Executing: UPDATE documents SET doc_number = @docNumber, status = @status, issued_by = @issuedBy, issued_at = @issuedAt, issue_remarks = @issueRemarks, issuer_name = @issuerName, issuer_data = @issuerData, updated_at = GETDATE() WHERE id = @id
[2026-03-10T11:14:58.906Z] [Storage] Executing: UPDATE documents SET word_file_path = @wordFilePath, updated_at = GETDATE() WHERE id = @id
[2026-03-10T11:18:58.665Z] [Storage] Executing: UPDATE documents SET status = @status, approved_by = @approvedBy, approved_at = @approvedAt, approval_remarks = @approvalRemarks, approver_data = @approverData, approver_name = @approverName, updated_at = GETDATE() WHERE id = @id
[2026-03-10T11:51:51.099Z] [Storage] Executing: UPDATE documents SET word_file_path = @wordFilePath, updated_at = GETDATE() WHERE id = @id
[2026-03-10T11:53:00.763Z] [Storage] Executing: UPDATE documents SET status = @status, approved_by = @approvedBy, approved_at = @approvedAt, approval_remarks = @approvalRemarks, approver_data = @approverData, approver_name = @approverName, updated_at = GETDATE() WHERE id = @id
[2026-03-10T11:53:58.655Z] [Storage] Executing: UPDATE documents SET doc_number = @docNumber, status = @status, issued_by = @issuedBy, issued_at = @issuedAt, issue_remarks = @issueRemarks, issuer_name = @issuerName, issuer_data = @issuerData, updated_at = GETDATE() WHERE id = @id
[2026-03-11T05:04:40.151Z] [Storage] Executing: UPDATE documents SET word_file_path = @wordFilePath, updated_at = GETDATE() WHERE id = @id
[2026-03-11T05:34:35.979Z] [Word View] Requesting document doc-1773035237331
[2026-03-11T05:34:36.376Z] [Word View] DB Data: Name=HOT WORK PERMIT, Status=approved, Path=uploads/doc-1773035237331_1773035237505_Plant 7 - Work Permit.docx
[2026-03-11T05:34:36.378Z] [Word View] Searching for document doc-1773035237331 (Filename: doc-1773035237331_1773035237505_Plant 7 - Work Permit.docx) in paths:
[2026-03-11T05:34:36.379Z]   - C:\inetpub\wwwroot\dms\dist\uploads\doc-1773035237331_1773035237505_Plant 7 - Work Permit.docx
[2026-03-11T05:34:36.379Z]   - C:\inetpub\wwwroot\dms\dist\uploads\doc-1773035237331_1773035237505_Plant 7 - Work Permit.docx
[2026-03-11T05:34:36.379Z]   - C:\inetpub\wwwroot\dms\dist\dist\uploads\doc-1773035237331_1773035237505_Plant 7 - Work Permit.docx
[2026-03-11T05:34:36.379Z]   - C:\inetpub\wwwroot\dms\dist\uploads\doc-1773035237331_1773035237505_Plant 7 - Work Permit.docx
[2026-03-11T05:34:36.379Z]   - uploads/doc-1773035237331_1773035237505_Plant 7 - Work Permit.docx
[2026-03-11T05:34:36.382Z] [Word View] SUCCESS: File found at: C:\inetpub\wwwroot\dms\dist\uploads\doc-1773035237331_1773035237505_Plant 7 - Work Permit.docx
[2026-03-11T05:34:36.387Z] [Word View] Successfully read file, size: 13146 bytes
[2026-03-11T05:34:36.496Z] [Word View] Mammoth conversion complete, HTML length: 2991
[2026-03-11T05:35:02.280Z] [Word View] Requesting document doc-1773141298865
[2026-03-11T05:35:02.326Z] [Word View] DB Data: Name=To do list , Status=approved, Path=uploads/doc-1773141298865_1773141298892_58  Do do List.doc
[2026-03-11T05:35:02.326Z] [Word View] Searching for document doc-1773141298865 (Filename: doc-1773141298865_1773141298892_58  Do do List.doc) in paths:
[2026-03-11T05:35:02.326Z]   - C:\inetpub\wwwroot\dms\dist\uploads\doc-1773141298865_1773141298892_58  Do do List.doc
[2026-03-11T05:35:02.327Z]   - C:\inetpub\wwwroot\dms\dist\uploads\doc-1773141298865_1773141298892_58  Do do List.doc
[2026-03-11T05:35:02.327Z]   - C:\inetpub\wwwroot\dms\dist\dist\uploads\doc-1773141298865_1773141298892_58  Do do List.doc
[2026-03-11T05:35:02.327Z]   - C:\inetpub\wwwroot\dms\dist\uploads\doc-1773141298865_1773141298892_58  Do do List.doc
[2026-03-11T05:35:02.327Z]   - uploads/doc-1773141298865_1773141298892_58  Do do List.doc
[2026-03-11T05:35:02.333Z] [Word View] SUCCESS: File found at: C:\inetpub\wwwroot\dms\dist\uploads\doc-1773141298865_1773141298892_58  Do do List.doc
[2026-03-11T05:35:02.348Z] [Word View] Successfully read file, size: 47616 bytes
[2026-03-11T05:35:02.359Z] [Word View] Mammoth/FS error: Could not find the body element: are you sure this is a docx file?
[2026-03-11T05:51:16.046Z] [Word View] Requesting document doc-1773141298865
[2026-03-11T05:51:16.138Z] [Word View] DB Data: Name=To do list , Status=approved, Path=uploads/doc-1773141298865_1773141298892_58  Do do List.doc
[2026-03-11T05:51:16.139Z] [Word View] Searching for document doc-1773141298865 (Filename: doc-1773141298865_1773141298892_58  Do do List.doc) in paths:
[2026-03-11T05:51:16.139Z]   - C:\inetpub\wwwroot\dms\dist\uploads\doc-1773141298865_1773141298892_58  Do do List.doc
[2026-03-11T05:51:16.142Z]   - C:\inetpub\wwwroot\dms\dist\uploads\doc-1773141298865_1773141298892_58  Do do List.doc
[2026-03-11T05:51:16.142Z]   - C:\inetpub\wwwroot\dms\dist\dist\uploads\doc-1773141298865_1773141298892_58  Do do List.doc
[2026-03-11T05:51:16.142Z]   - C:\inetpub\wwwroot\dms\dist\uploads\doc-1773141298865_1773141298892_58  Do do List.doc
[2026-03-11T05:51:16.143Z]   - uploads/doc-1773141298865_1773141298892_58  Do do List.doc
[2026-03-11T05:51:16.189Z] [Word View] SUCCESS: File found at: C:\inetpub\wwwroot\dms\dist\uploads\doc-1773141298865_1773141298892_58  Do do List.doc
[2026-03-11T05:51:16.197Z] [Word View] Successfully read file, size: 47616 bytes
[2026-03-11T05:51:16.270Z] [Word View] Converted legacy .doc / .txt using word-extractor
[2026-03-11T05:51:16.271Z] [Word View] Conversion complete, HTML output length: 2000
[2026-03-11T05:51:27.037Z] [Word View] Requesting document doc-1773035237331
[2026-03-11T05:51:27.180Z] [Word View] DB Data: Name=HOT WORK PERMIT, Status=approved, Path=uploads/doc-1773035237331_1773035237505_Plant 7 - Work Permit.docx
[2026-03-11T05:51:27.181Z] [Word View] Searching for document doc-1773035237331 (Filename: doc-1773035237331_1773035237505_Plant 7 - Work Permit.docx) in paths:
[2026-03-11T05:51:27.181Z]   - C:\inetpub\wwwroot\dms\dist\uploads\doc-1773035237331_1773035237505_Plant 7 - Work Permit.docx
[2026-03-11T05:51:27.182Z]   - C:\inetpub\wwwroot\dms\dist\uploads\doc-1773035237331_1773035237505_Plant 7 - Work Permit.docx
[2026-03-11T05:51:27.183Z]   - C:\inetpub\wwwroot\dms\dist\dist\uploads\doc-1773035237331_1773035237505_Plant 7 - Work Permit.docx
[2026-03-11T05:51:27.183Z]   - C:\inetpub\wwwroot\dms\dist\uploads\doc-1773035237331_1773035237505_Plant 7 - Work Permit.docx
[2026-03-11T05:51:27.183Z]   - uploads/doc-1773035237331_1773035237505_Plant 7 - Work Permit.docx
[2026-03-11T05:51:27.185Z] [Word View] SUCCESS: File found at: C:\inetpub\wwwroot\dms\dist\uploads\doc-1773035237331_1773035237505_Plant 7 - Work Permit.docx
[2026-03-11T05:51:27.187Z] [Word View] Successfully read file, size: 13146 bytes
[2026-03-11T05:51:27.312Z] [Word View] Converted .docx using Mammoth
[2026-03-11T05:51:27.313Z] [Word View] Conversion complete, HTML output length: 2991
[2026-03-11T06:11:44.545Z] [Storage] Executing: UPDATE documents SET word_file_path = @wordFilePath, updated_at = GETDATE() WHERE id = @id
[2026-03-11T06:17:34.788Z] [Word View] Requesting document doc-1773209504340
[2026-03-11T06:17:34.794Z] [Word View] DB Data: Name=Training Calendar, Status=pending, Path=uploads/doc-1773209504340_1773209504516_Training Calender 25-26.docx
[2026-03-11T06:17:34.794Z] [Word View] Searching for document doc-1773209504340 (Filename: doc-1773209504340_1773209504516_Training Calender 25-26.docx) in paths:
[2026-03-11T06:17:34.796Z]   - C:\inetpub\wwwroot\dms\dist\uploads\doc-1773209504340_1773209504516_Training Calender 25-26.docx
[2026-03-11T06:17:34.796Z]   - C:\inetpub\wwwroot\dms\dist\uploads\doc-1773209504340_1773209504516_Training Calender 25-26.docx
[2026-03-11T06:17:34.796Z]   - C:\inetpub\wwwroot\dms\dist\dist\uploads\doc-1773209504340_1773209504516_Training Calender 25-26.docx
[2026-03-11T06:17:34.797Z]   - C:\inetpub\wwwroot\dms\dist\uploads\doc-1773209504340_1773209504516_Training Calender 25-26.docx
[2026-03-11T06:17:34.797Z]   - uploads/doc-1773209504340_1773209504516_Training Calender 25-26.docx
[2026-03-11T06:17:34.797Z] [Word View] SUCCESS: File found at: C:\inetpub\wwwroot\dms\dist\uploads\doc-1773209504340_1773209504516_Training Calender 25-26.docx
[2026-03-11T06:17:34.800Z] [Word View] Successfully read file, size: 26838 bytes
[2026-03-11T06:17:35.061Z] [Word View] Converted .docx using Mammoth
[2026-03-11T06:17:35.061Z] [Word View] Conversion complete, HTML output length: 11090
[2026-03-11T06:19:19.986Z] [Storage] Executing: UPDATE documents SET doc_number = @docNumber, status = @status, approved_by = @approvedBy, approved_at = @approvedAt, approval_remarks = @approvalRemarks, approver_data = @approverData, approver_name = @approverName, updated_at = GETDATE() WHERE id = @id
[2026-03-11T06:20:09.429Z] [Word View] Requesting document doc-1773209504340
[2026-03-11T06:20:09.448Z] [Word View] DB Data: Name=Training Calendar, Status=approved, Path=uploads/doc-1773209504340_1773209504516_Training Calender 25-26.docx
[2026-03-11T06:20:09.449Z] [Word View] Searching for document doc-1773209504340 (Filename: doc-1773209504340_1773209504516_Training Calender 25-26.docx) in paths:
[2026-03-11T06:20:09.449Z]   - C:\inetpub\wwwroot\dms\dist\uploads\doc-1773209504340_1773209504516_Training Calender 25-26.docx
[2026-03-11T06:20:09.449Z]   - C:\inetpub\wwwroot\dms\dist\uploads\doc-1773209504340_1773209504516_Training Calender 25-26.docx
[2026-03-11T06:20:09.449Z]   - C:\inetpub\wwwroot\dms\dist\dist\uploads\doc-1773209504340_1773209504516_Training Calender 25-26.docx
[2026-03-11T06:20:09.450Z]   - C:\inetpub\wwwroot\dms\dist\uploads\doc-1773209504340_1773209504516_Training Calender 25-26.docx
[2026-03-11T06:20:09.450Z]   - uploads/doc-1773209504340_1773209504516_Training Calender 25-26.docx
[2026-03-11T06:20:09.451Z] [Word View] SUCCESS: File found at: C:\inetpub\wwwroot\dms\dist\uploads\doc-1773209504340_1773209504516_Training Calender 25-26.docx
[2026-03-11T06:20:09.453Z] [Word View] Successfully read file, size: 26838 bytes
[2026-03-11T06:20:09.595Z] [Word View] Converted .docx using Mammoth
[2026-03-11T06:20:09.595Z] [Word View] Conversion complete, HTML output length: 11090
[2026-03-11T06:21:21.848Z] [Storage] Executing: UPDATE documents SET doc_number = @docNumber, status = @status, issued_by = @issuedBy, issued_at = @issuedAt, issue_remarks = @issueRemarks, issuer_name = @issuerName, issuer_data = @issuerData, updated_at = GETDATE() WHERE id = @id
[2026-03-11T06:43:22.348Z] [Storage] Executing: UPDATE documents SET word_file_path = @wordFilePath, updated_at = GETDATE() WHERE id = @id
[2026-03-11T06:46:08.010Z] [Update] Status check: current=pending, original=pending
[2026-03-11T06:46:08.011Z] [Update] Final updateData keys for doc-1773211402231: updatedAt, docName, docNumber, dateOfIssue, revisionNo, duePeriodYears, reasonForRevision, location, preparerName, dateOfRev, reviewDueDate
[2026-03-11T06:46:08.012Z] [Update] Final updateData values: {"updatedAt":"2026-03-11T06:46:08.010Z","docName":"Training Calendar","docNumber":"NFDCL/F/MR/25","dateOfIssue":"2026-03-11T00:00:00.000Z","revisionNo":1,"duePeriodYears":3,"reasonForRevision":"Addition of new subject in calendar","location":"Unit 1","preparerName":"Priyanka K","dateOfRev":"2026-03-11T00:00:00.000Z","reviewDueDate":"2029-03-11T00:00:00.000Z"}
[2026-03-11T06:46:08.017Z] [Storage] Executing: UPDATE documents SET doc_name = @docName, doc_number = @docNumber, date_of_issue = @dateOfIssue, revision_no = @revisionNo, due_period_years = @duePeriodYears, reason_for_revision = @reasonForRevision, review_due_date = @reviewDueDate, preparer_name = @preparerName, location = @location, date_of_rev = @dateOfRev, updated_at = GETDATE() WHERE id = @id
[2026-03-11T06:52:52.960Z] [Storage] Executing: UPDATE documents SET word_file_path = @wordFilePath, updated_at = GETDATE() WHERE id = @id
[2026-03-11T06:54:11.053Z] [Word View] Requesting document doc-1773211972904
[2026-03-11T06:54:11.062Z] [Word View] Primary path attempt: C:\inetpub\wwwroot\dms\dist\uploads\uploads\doc-1773211972904_1773211972937_VACCP -Verification Plan New.docx
[2026-03-11T06:54:11.063Z] [Word View] Primary path failed: ENOENT: no such file or directory, access 'C:\inetpub\wwwroot\dms\dist\uploads\uploads\doc-1773211972904_1773211972937_VACCP -Verification Plan New.docx'
[2026-03-11T06:54:11.063Z] [Word View] Trying fallback path: C:\inetpub\wwwroot\dms\dist\uploads\doc-1773211972904_1773211972937_VACCP -Verification Plan New.docx
[2026-03-11T06:54:11.065Z] [Word View] Successfully read file from fallback path, size: 72093 bytes
[2026-03-11T06:54:11.283Z] [Word View] Mammoth conversion complete, HTML length: 49575
[2026-03-11T06:55:15.698Z] [Storage] Executing: UPDATE documents SET status = @status, approved_by = @approvedBy, issued_by = @issuedBy, decline_remarks = @declineRemarks, updated_at = GETDATE() WHERE id = @id
[2026-03-11T06:55:38.692Z] [Word View] Requesting document doc-1773211402231
[2026-03-11T06:55:38.701Z] [Word View] Primary path attempt: C:\inetpub\wwwroot\dms\dist\uploads\uploads\doc-1773211402231_1773211402336_Training Calender 25-26.docx
[2026-03-11T06:55:38.703Z] [Word View] Primary path failed: ENOENT: no such file or directory, access 'C:\inetpub\wwwroot\dms\dist\uploads\uploads\doc-1773211402231_1773211402336_Training Calender 25-26.docx'
[2026-03-11T06:55:38.703Z] [Word View] Trying fallback path: C:\inetpub\wwwroot\dms\dist\uploads\doc-1773211402231_1773211402336_Training Calender 25-26.docx
[2026-03-11T06:55:38.704Z] [Word View] Fallback path also failed: ENOENT: no such file or directory, access 'C:\inetpub\wwwroot\dms\dist\uploads\doc-1773211402231_1773211402336_Training Calender 25-26.docx'
[2026-03-11T06:55:38.705Z] [Word View] Available files in uploads dir: doc-1773211972904_1773211972937_VACCP -Verification Plan New.docx
[2026-03-11T06:56:14.843Z] [Storage] Executing: UPDATE documents SET status = @status, approved_by = @approvedBy, approved_at = @approvedAt, approval_remarks = @approvalRemarks, approver_data = @approverData, approver_name = @approverName, updated_at = GETDATE() WHERE id = @id
[2026-03-11T06:57:27.069Z] [Storage] Executing: UPDATE documents SET doc_number = @docNumber, status = @status, issued_by = @issuedBy, issued_at = @issuedAt, issue_remarks = @issueRemarks, issuer_name = @issuerName, issuer_data = @issuerData, updated_at = GETDATE() WHERE id = @id
[2026-03-11T09:13:11.361Z] [Storage] Executing: UPDATE documents SET word_file_path = @wordFilePath, updated_at = GETDATE() WHERE id = @id
[2026-03-11T09:14:05.763Z] [Word View] Requesting document doc-1773220391312
[2026-03-11T09:14:05.783Z] [Word View] Primary path attempt: C:\inetpub\wwwroot\dms\dist\uploads\uploads\doc-1773220391312_1773220391347_s-102_demo.docx
[2026-03-11T09:14:05.784Z] [Word View] Primary path failed: ENOENT: no such file or directory, access 'C:\inetpub\wwwroot\dms\dist\uploads\uploads\doc-1773220391312_1773220391347_s-102_demo.docx'
[2026-03-11T09:14:05.784Z] [Word View] Trying fallback path: C:\inetpub\wwwroot\dms\dist\uploads\doc-1773220391312_1773220391347_s-102_demo.docx
[2026-03-11T09:14:05.786Z] [Word View] Successfully read file from fallback path, size: 723358 bytes
[2026-03-11T09:14:06.096Z] [Word View] Mammoth conversion complete, HTML length: 920477
[2026-03-11T09:16:34.850Z] [Storage] Executing: UPDATE documents SET word_file_path = @wordFilePath, updated_at = GETDATE() WHERE id = @id
[2026-03-11T09:17:45.158Z] [Storage] Executing: UPDATE documents SET status = @status, approved_by = @approvedBy, approved_at = @approvedAt, approval_remarks = @approvalRemarks, approver_data = @approverData, approver_name = @approverName, updated_at = GETDATE() WHERE id = @id
[2026-03-11T09:17:59.368Z] [Storage] Executing: UPDATE documents SET status = @status, approved_by = @approvedBy, issued_by = @issuedBy, decline_remarks = @declineRemarks, updated_at = GETDATE() WHERE id = @id
[2026-03-11T09:22:27.757Z] [Word View] Requesting document doc-1773220391312
[2026-03-11T09:22:27.949Z] [Word View] Primary path attempt: C:\inetpub\wwwroot\dms\dist\uploads\uploads\doc-1773220391312_1773220391347_s-102_demo.docx
[2026-03-11T09:22:27.951Z] [Word View] Primary path failed: ENOENT: no such file or directory, access 'C:\inetpub\wwwroot\dms\dist\uploads\uploads\doc-1773220391312_1773220391347_s-102_demo.docx'
[2026-03-11T09:22:27.951Z] [Word View] Trying fallback path: C:\inetpub\wwwroot\dms\dist\uploads\doc-1773220391312_1773220391347_s-102_demo.docx
[2026-03-11T09:22:27.956Z] [Word View] Successfully read file from fallback path, size: 723358 bytes
[2026-03-11T09:22:28.162Z] [Word View] Mammoth conversion complete, HTML length: 920477
[2026-03-11T09:22:49.274Z] [Storage] Executing: UPDATE documents SET doc_number = @docNumber, status = @status, issued_by = @issuedBy, issued_at = @issuedAt, issue_remarks = @issueRemarks, issuer_name = @issuerName, issuer_data = @issuerData, updated_at = GETDATE() WHERE id = @id
[2026-03-11T09:24:22.217Z] [Storage] Executing: UPDATE documents SET word_file_path = @wordFilePath, updated_at = GETDATE() WHERE id = @id
[2026-03-11T09:32:51.476Z] [Word View] Requesting document doc-1773220391312
[2026-03-11T09:32:51.831Z] [Word View] Primary path attempt: C:\inetpub\wwwroot\dms\dist\uploads\uploads\doc-1773220391312_1773220391347_s-102_demo.docx
[2026-03-11T09:32:51.833Z] [Word View] Primary path failed: ENOENT: no such file or directory, access 'C:\inetpub\wwwroot\dms\dist\uploads\uploads\doc-1773220391312_1773220391347_s-102_demo.docx'
[2026-03-11T09:32:51.833Z] [Word View] Trying fallback path: C:\inetpub\wwwroot\dms\dist\uploads\doc-1773220391312_1773220391347_s-102_demo.docx
[2026-03-11T09:32:51.840Z] [Word View] Successfully read file from fallback path, size: 723358 bytes
[2026-03-11T09:32:52.117Z] [Word View] Mammoth conversion complete, HTML length: 920477
[2026-03-11T09:35:16.007Z] [Storage] Executing: UPDATE documents SET word_file_path = @wordFilePath, updated_at = GETDATE() WHERE id = @id
[2026-03-11T09:35:59.591Z] [Update] Status check: current=declined, original=declined
[2026-03-11T09:35:59.592Z] [Update] Resubmitting declined document doc-1773220594821. Resetting to pending.
[2026-03-11T09:35:59.595Z] [Update] Final updateData keys for doc-1773220594821: updatedAt, status, declineRemarks, approvalRemarks, docName, docNumber, dateOfIssue, revisionNo, duePeriodYears, reasonForRevision, location, preparerName, dateOfRev, reviewDueDate, wordFilePath
[2026-03-11T09:35:59.595Z] [Update] Final updateData values: {"updatedAt":"2026-03-11T09:35:59.591Z","status":"pending","declineRemarks":null,"approvalRemarks":null,"docName":"Glass monitoring checklist-edit","docNumber":"NFDCL/F/MR/02","dateOfIssue":"2026-03-11T00:00:00.000Z","revisionNo":0,"duePeriodYears":3,"reasonForRevision":"test","location":"Unit 1, Unit 2, Unit 3","preparerName":"Priyanka K","dateOfRev":null,"reviewDueDate":"2029-03-10T00:00:00.000Z","wordFilePath":"uploads/doc-1773220594821_1773221759594_s-102_demo (1).docx"}
[2026-03-11T09:35:59.611Z] [Storage] Executing: UPDATE documents SET doc_name = @docName, doc_number = @docNumber, status = @status, date_of_issue = @dateOfIssue, revision_no = @revisionNo, due_period_years = @duePeriodYears, reason_for_revision = @reasonForRevision, review_due_date = @reviewDueDate, approval_remarks = @approvalRemarks, decline_remarks = @declineRemarks, word_file_path = @wordFilePath, preparer_name = @preparerName, location = @location, date_of_rev = @dateOfRev, updated_at = GETDATE() WHERE id = @id
[2026-03-11T09:47:18.051Z] [Storage] Executing: UPDATE documents SET status = @status, approved_by = @approvedBy, approved_at = @approvedAt, approval_remarks = @approvalRemarks, approver_data = @approverData, approver_name = @approverName, updated_at = GETDATE() WHERE id = @id
[2026-03-11T10:33:11.632Z] [Storage] Executing: UPDATE documents SET status = @status, approved_by = @approvedBy, approved_at = @approvedAt, approval_remarks = @approvalRemarks, approver_data = @approverData, approver_name = @approverName, updated_at = GETDATE() WHERE id = @id
[2026-03-11T10:33:32.372Z] [Word View] Requesting document doc-1773221062190
[2026-03-11T10:33:32.387Z] [Word View] Primary path attempt: C:\inetpub\wwwroot\dms\dist\uploads\uploads\doc-1773221062190_1773221062211_s-102_demo.docx
[2026-03-11T10:33:32.389Z] [Word View] Primary path failed: ENOENT: no such file or directory, access 'C:\inetpub\wwwroot\dms\dist\uploads\uploads\doc-1773221062190_1773221062211_s-102_demo.docx'
[2026-03-11T10:33:32.389Z] [Word View] Trying fallback path: C:\inetpub\wwwroot\dms\dist\uploads\doc-1773221062190_1773221062211_s-102_demo.docx
[2026-03-11T10:33:32.397Z] [Word View] Successfully read file from fallback path, size: 723358 bytes
[2026-03-11T10:33:32.715Z] [Word View] Mammoth conversion complete, HTML length: 920477
[2026-03-11T10:34:00.064Z] [Storage] Executing: UPDATE documents SET doc_number = @docNumber, status = @status, issued_by = @issuedBy, issued_at = @issuedAt, issue_remarks = @issueRemarks, issuer_name = @issuerName, issuer_data = @issuerData, updated_at = GETDATE() WHERE id = @id
[2026-03-11T12:11:12.446Z] [RevisionActivities] Starting revision activities query
[2026-03-11T12:11:12.448Z] [RevisionActivities] Getting documents by status...
[2026-03-11T12:11:15.537Z] [RevisionActivities] Document counts: pending=1, approved=1, issued=2, declined=0
[2026-03-11T12:11:15.538Z] [RevisionActivities] Total documents: 4
[2026-03-11T12:11:15.538Z] [RevisionActivities] Found revision doc: NFDCL/F/MR/01 v2 (previous: doc-1773220391312)
[2026-03-11T12:11:15.538Z] [RevisionActivities] Found revision doc: NFDCL/F/MR/01 v1 (previous: doc-1773220391312)
[2026-03-11T12:11:15.539Z] [RevisionActivities] Revision documents found: 2
[2026-03-11T12:11:15.539Z] [RevisionActivities] Processing 2 revisions (limited by 100)
[2026-03-11T12:11:15.539Z] [RevisionActivities] Processing revision: NFDCL/F/MR/01 v2
[2026-03-11T12:11:15.540Z] [RevisionActivities] Processing revision: NFDCL/F/MR/01 v1
[2026-03-11T12:11:15.636Z] [RevisionActivities] Found previous version: NFDCL/F/MR/01 v0
[2026-03-11T12:11:15.636Z] [RevisionActivities] Processed revision: NFDCL/F/MR/01 with reason: "rev"
[2026-03-11T12:11:16.131Z] [RevisionActivities] Found previous version: NFDCL/F/MR/01 v0
[2026-03-11T12:11:16.132Z] [RevisionActivities] Processed revision: NFDCL/F/MR/01 with reason: "rev"
[2026-03-11T12:11:16.132Z] [RevisionActivities] Returning 2 activities out of 2 total revisions
[2026-03-12T03:29:54.502Z] [RevisionActivities] Starting revision activities query
[2026-03-12T03:29:54.505Z] [RevisionActivities] Getting documents by status...
[2026-03-12T03:29:55.166Z] [RevisionActivities] Document counts: pending=1, approved=1, issued=2, declined=0
[2026-03-12T03:29:55.166Z] [RevisionActivities] Total documents: 4
[2026-03-12T03:29:55.166Z] [RevisionActivities] Found revision doc: NFDCL/F/MR/01 v2 (previous: doc-1773220391312)
[2026-03-12T03:29:55.167Z] [RevisionActivities] Found revision doc: NFDCL/F/MR/01 v1 (previous: doc-1773220391312)
[2026-03-12T03:29:55.167Z] [RevisionActivities] Revision documents found: 2
[2026-03-12T03:29:55.167Z] [RevisionActivities] Processing 2 revisions (limited by 100)
[2026-03-12T03:29:55.167Z] [RevisionActivities] Processing revision: NFDCL/F/MR/01 v2
[2026-03-12T03:29:55.168Z] [RevisionActivities] Processing revision: NFDCL/F/MR/01 v1
[2026-03-12T03:29:55.249Z] [RevisionActivities] Found previous version: NFDCL/F/MR/01 v0
[2026-03-12T03:29:55.250Z] [RevisionActivities] Processed revision: NFDCL/F/MR/01 with reason: "rev"
[2026-03-12T03:29:55.457Z] [RevisionActivities] Found previous version: NFDCL/F/MR/01 v0
[2026-03-12T03:29:55.457Z] [RevisionActivities] Processed revision: NFDCL/F/MR/01 with reason: "rev"
[2026-03-12T03:29:55.458Z] [RevisionActivities] Returning 2 activities out of 2 total revisions
[2026-03-12T03:30:55.474Z] [RevisionActivities] Starting revision activities query
[2026-03-12T03:30:55.474Z] [RevisionActivities] Getting documents by status...
[2026-03-12T03:30:55.528Z] [RevisionActivities] Document counts: pending=1, approved=1, issued=2, declined=0
[2026-03-12T03:30:55.529Z] [RevisionActivities] Total documents: 4
[2026-03-12T03:30:55.529Z] [RevisionActivities] Found revision doc: NFDCL/F/MR/01 v2 (previous: doc-1773220391312)
[2026-03-12T03:30:55.530Z] [RevisionActivities] Found revision doc: NFDCL/F/MR/01 v1 (previous: doc-1773220391312)
[2026-03-12T03:30:55.530Z] [RevisionActivities] Revision documents found: 2
[2026-03-12T03:30:55.531Z] [RevisionActivities] Processing 2 revisions (limited by 100)
[2026-03-12T03:30:55.531Z] [RevisionActivities] Processing revision: NFDCL/F/MR/01 v2
[2026-03-12T03:30:55.531Z] [RevisionActivities] Processing revision: NFDCL/F/MR/01 v1
[2026-03-12T03:30:55.553Z] [RevisionActivities] Found previous version: NFDCL/F/MR/01 v0
[2026-03-12T03:30:55.554Z] [RevisionActivities] Processed revision: NFDCL/F/MR/01 with reason: "rev"
[2026-03-12T03:30:55.570Z] [RevisionActivities] Found previous version: NFDCL/F/MR/01 v0
[2026-03-12T03:30:55.570Z] [RevisionActivities] Processed revision: NFDCL/F/MR/01 with reason: "rev"
[2026-03-12T03:30:55.570Z] [RevisionActivities] Returning 2 activities out of 2 total revisions
[2026-03-12T03:38:25.917Z] [RevisionActivities] Starting revision activities query
[2026-03-12T03:38:25.918Z] [RevisionActivities] Getting documents by status...
[2026-03-12T03:38:26.451Z] [RevisionActivities] Document counts: pending=1, approved=1, issued=2, declined=0
[2026-03-12T03:38:26.451Z] [RevisionActivities] Total documents: 4
[2026-03-12T03:38:26.451Z] [RevisionActivities] Found revision doc: NFDCL/F/MR/01 v2 (previous: doc-1773220391312)
[2026-03-12T03:38:26.452Z] [RevisionActivities] Found revision doc: NFDCL/F/MR/01 v1 (previous: doc-1773220391312)
[2026-03-12T03:38:26.452Z] [RevisionActivities] Revision documents found: 2
[2026-03-12T03:38:26.452Z] [RevisionActivities] Processing 2 revisions (limited by 100)
[2026-03-12T03:38:26.452Z] [RevisionActivities] Processing revision: NFDCL/F/MR/01 v2
[2026-03-12T03:38:26.453Z] [RevisionActivities] Processing revision: NFDCL/F/MR/01 v1
[2026-03-12T03:38:26.894Z] [RevisionActivities] Found previous version: NFDCL/F/MR/01 v0
[2026-03-12T03:38:26.895Z] [RevisionActivities] Processed revision: NFDCL/F/MR/01 with reason: "rev"
[2026-03-12T03:38:26.917Z] [RevisionActivities] Found previous version: NFDCL/F/MR/01 v0
[2026-03-12T03:38:26.917Z] [RevisionActivities] Processed revision: NFDCL/F/MR/01 with reason: "rev"
[2026-03-12T03:38:26.917Z] [RevisionActivities] Returning 2 activities out of 2 total revisions
[2026-03-12T03:42:55.534Z] [RevisionActivities] Starting revision activities query
[2026-03-12T03:42:55.535Z] [RevisionActivities] Getting documents by status...
[2026-03-12T03:42:56.638Z] [RevisionActivities] Document counts: pending=1, approved=1, issued=2, declined=0
[2026-03-12T03:42:56.639Z] [RevisionActivities] Total documents: 4
[2026-03-12T03:42:56.639Z] [RevisionActivities] Found revision doc: NFDCL/F/MR/01 v2 (previous: doc-1773220391312)
[2026-03-12T03:42:56.639Z] [RevisionActivities] Found revision doc: NFDCL/F/MR/01 v1 (previous: doc-1773220391312)
[2026-03-12T03:42:56.639Z] [RevisionActivities] Revision documents found: 2
[2026-03-12T03:42:56.640Z] [RevisionActivities] Processing 2 revisions (limited by 100)
[2026-03-12T03:42:56.640Z] [RevisionActivities] Processing revision: NFDCL/F/MR/01 v2
[2026-03-12T03:42:56.640Z] [RevisionActivities] Processing revision: NFDCL/F/MR/01 v1
[2026-03-12T03:42:56.898Z] [RevisionActivities] Found previous version: NFDCL/F/MR/01 v0
[2026-03-12T03:42:56.899Z] [RevisionActivities] Processed revision: NFDCL/F/MR/01 with reason: "rev"
[2026-03-12T03:42:56.907Z] [RevisionActivities] Found previous version: NFDCL/F/MR/01 v0
[2026-03-12T03:42:56.908Z] [RevisionActivities] Processed revision: NFDCL/F/MR/01 with reason: "rev"
[2026-03-12T03:42:56.908Z] [RevisionActivities] Returning 2 activities out of 2 total revisions
[2026-03-12T03:42:57.989Z] [RevisionActivities] Starting revision activities query
[2026-03-12T03:42:57.989Z] [RevisionActivities] Getting documents by status...
[2026-03-12T03:42:58.043Z] [RevisionActivities] Document counts: pending=1, approved=1, issued=2, declined=0
[2026-03-12T03:42:58.043Z] [RevisionActivities] Total documents: 4
[2026-03-12T03:42:58.043Z] [RevisionActivities] Found revision doc: NFDCL/F/MR/01 v2 (previous: doc-1773220391312)
[2026-03-12T03:42:58.043Z] [RevisionActivities] Found revision doc: NFDCL/F/MR/01 v1 (previous: doc-1773220391312)
[2026-03-12T03:42:58.043Z] [RevisionActivities] Revision documents found: 2
[2026-03-12T03:42:58.043Z] [RevisionActivities] Processing 2 revisions (limited by 100)
[2026-03-12T03:42:58.046Z] [RevisionActivities] Processing revision: NFDCL/F/MR/01 v2
[2026-03-12T03:42:58.046Z] [RevisionActivities] Processing revision: NFDCL/F/MR/01 v1
[2026-03-12T03:42:58.591Z] [RevisionActivities] Found previous version: NFDCL/F/MR/01 v0
[2026-03-12T03:42:58.592Z] [RevisionActivities] Processed revision: NFDCL/F/MR/01 with reason: "rev"
[2026-03-12T03:42:58.594Z] [RevisionActivities] Found previous version: NFDCL/F/MR/01 v0
[2026-03-12T03:42:58.595Z] [RevisionActivities] Processed revision: NFDCL/F/MR/01 with reason: "rev"
[2026-03-12T03:42:58.595Z] [RevisionActivities] Returning 2 activities out of 2 total revisions
[2026-03-12T03:43:03.787Z] [RevisionActivities] Starting revision activities query
[2026-03-12T03:43:03.788Z] [RevisionActivities] Getting documents by status...
[2026-03-12T03:43:04.162Z] [RevisionActivities] Starting revision activities query
[2026-03-12T03:43:04.162Z] [RevisionActivities] Getting documents by status...
[2026-03-12T03:43:05.442Z] [RevisionActivities] Document counts: pending=1, approved=1, issued=2, declined=0
[2026-03-12T03:43:05.442Z] [RevisionActivities] Total documents: 4
[2026-03-12T03:43:05.443Z] [RevisionActivities] Found revision doc: NFDCL/F/MR/01 v2 (previous: doc-1773220391312)
[2026-03-12T03:43:05.443Z] [RevisionActivities] Found revision doc: NFDCL/F/MR/01 v1 (previous: doc-1773220391312)
[2026-03-12T03:43:05.443Z] [RevisionActivities] Revision documents found: 2
[2026-03-12T03:43:05.443Z] [RevisionActivities] Processing 2 revisions (limited by 100)
[2026-03-12T03:43:05.444Z] [RevisionActivities] Processing revision: NFDCL/F/MR/01 v2
[2026-03-12T03:43:05.445Z] [RevisionActivities] Processing revision: NFDCL/F/MR/01 v1
[2026-03-12T03:43:05.446Z] [RevisionActivities] Document counts: pending=1, approved=1, issued=2, declined=0
[2026-03-12T03:43:05.447Z] [RevisionActivities] Total documents: 4
[2026-03-12T03:43:05.447Z] [RevisionActivities] Found revision doc: NFDCL/F/MR/01 v2 (previous: doc-1773220391312)
[2026-03-12T03:43:05.447Z] [RevisionActivities] Found revision doc: NFDCL/F/MR/01 v1 (previous: doc-1773220391312)
[2026-03-12T03:43:05.447Z] [RevisionActivities] Revision documents found: 2
[2026-03-12T03:43:05.447Z] [RevisionActivities] Processing 2 revisions (limited by 100)
[2026-03-12T03:43:05.448Z] [RevisionActivities] Processing revision: NFDCL/F/MR/01 v2
[2026-03-12T03:43:05.448Z] [RevisionActivities] Processing revision: NFDCL/F/MR/01 v1
[2026-03-12T03:43:06.199Z] [RevisionActivities] Found previous version: NFDCL/F/MR/01 v0
[2026-03-12T03:43:06.199Z] [RevisionActivities] Processed revision: NFDCL/F/MR/01 with reason: "rev"
[2026-03-12T03:43:06.200Z] [RevisionActivities] Found previous version: NFDCL/F/MR/01 v0
[2026-03-12T03:43:06.200Z] [RevisionActivities] Processed revision: NFDCL/F/MR/01 with reason: "rev"
[2026-03-12T03:43:06.205Z] [RevisionActivities] Found previous version: NFDCL/F/MR/01 v0
[2026-03-12T03:43:06.205Z] [RevisionActivities] Processed revision: NFDCL/F/MR/01 with reason: "rev"
[2026-03-12T03:43:06.206Z] [RevisionActivities] Returning 2 activities out of 2 total revisions
[2026-03-12T03:43:06.211Z] [RevisionActivities] Found previous version: NFDCL/F/MR/01 v0
[2026-03-12T03:43:06.212Z] [RevisionActivities] Processed revision: NFDCL/F/MR/01 with reason: "rev"
[2026-03-12T03:43:06.212Z] [RevisionActivities] Returning 2 activities out of 2 total revisions
[2026-03-12T03:43:36.263Z] [RevisionActivities] Starting revision activities query
[2026-03-12T03:43:36.263Z] [RevisionActivities] Getting documents by status...
[2026-03-12T03:43:36.477Z] [RevisionActivities] Document counts: pending=1, approved=1, issued=2, declined=0
[2026-03-12T03:43:36.478Z] [RevisionActivities] Total documents: 4
[2026-03-12T03:43:36.478Z] [RevisionActivities] Found revision doc: NFDCL/F/MR/01 v2 (previous: doc-1773220391312)
[2026-03-12T03:43:36.478Z] [RevisionActivities] Found revision doc: NFDCL/F/MR/01 v1 (previous: doc-1773220391312)
[2026-03-12T03:43:36.478Z] [RevisionActivities] Revision documents found: 2
[2026-03-12T03:43:36.479Z] [RevisionActivities] Processing 2 revisions (limited by 100)
[2026-03-12T03:43:36.479Z] [RevisionActivities] Processing revision: NFDCL/F/MR/01 v2
[2026-03-12T03:43:36.479Z] [RevisionActivities] Processing revision: NFDCL/F/MR/01 v1
[2026-03-12T03:43:36.507Z] [RevisionActivities] Found previous version: NFDCL/F/MR/01 v0
[2026-03-12T03:43:36.508Z] [RevisionActivities] Processed revision: NFDCL/F/MR/01 with reason: "rev"
[2026-03-12T03:43:36.512Z] [RevisionActivities] Found previous version: NFDCL/F/MR/01 v0
[2026-03-12T03:43:36.512Z] [RevisionActivities] Processed revision: NFDCL/F/MR/01 with reason: "rev"
[2026-03-12T03:43:36.512Z] [RevisionActivities] Returning 2 activities out of 2 total revisions
[2026-03-12T03:44:06.628Z] [RevisionActivities] Starting revision activities query
[2026-03-12T03:44:06.629Z] [RevisionActivities] Getting documents by status...
[2026-03-12T03:44:06.662Z] [RevisionActivities] Document counts: pending=1, approved=1, issued=2, declined=0
[2026-03-12T03:44:06.662Z] [RevisionActivities] Total documents: 4
[2026-03-12T03:44:06.663Z] [RevisionActivities] Found revision doc: NFDCL/F/MR/01 v2 (previous: doc-1773220391312)
[2026-03-12T03:44:06.663Z] [RevisionActivities] Found revision doc: NFDCL/F/MR/01 v1 (previous: doc-1773220391312)
[2026-03-12T03:44:06.663Z] [RevisionActivities] Revision documents found: 2
[2026-03-12T03:44:06.664Z] [RevisionActivities] Processing 2 revisions (limited by 100)
[2026-03-12T03:44:06.664Z] [RevisionActivities] Processing revision: NFDCL/F/MR/01 v2
[2026-03-12T03:44:06.664Z] [RevisionActivities] Processing revision: NFDCL/F/MR/01 v1
[2026-03-12T03:44:06.786Z] [RevisionActivities] Found previous version: NFDCL/F/MR/01 v0
[2026-03-12T03:44:06.786Z] [RevisionActivities] Processed revision: NFDCL/F/MR/01 with reason: "rev"
[2026-03-12T03:44:06.871Z] [RevisionActivities] Found previous version: NFDCL/F/MR/01 v0
[2026-03-12T03:44:06.871Z] [RevisionActivities] Processed revision: NFDCL/F/MR/01 with reason: "rev"
[2026-03-12T03:44:06.872Z] [RevisionActivities] Returning 2 activities out of 2 total revisions
[2026-03-12T03:44:36.932Z] [RevisionActivities] Starting revision activities query
[2026-03-12T03:44:36.933Z] [RevisionActivities] Getting documents by status...
[2026-03-12T03:44:37.000Z] [RevisionActivities] Document counts: pending=1, approved=1, issued=2, declined=0
[2026-03-12T03:44:37.001Z] [RevisionActivities] Total documents: 4
[2026-03-12T03:44:37.001Z] [RevisionActivities] Found revision doc: NFDCL/F/MR/01 v2 (previous: doc-1773220391312)
[2026-03-12T03:44:37.001Z] [RevisionActivities] Found revision doc: NFDCL/F/MR/01 v1 (previous: doc-1773220391312)
[2026-03-12T03:44:37.001Z] [RevisionActivities] Revision documents found: 2
[2026-03-12T03:44:37.001Z] [RevisionActivities] Processing 2 revisions (limited by 100)
[2026-03-12T03:44:37.002Z] [RevisionActivities] Processing revision: NFDCL/F/MR/01 v2
[2026-03-12T03:44:37.002Z] [RevisionActivities] Processing revision: NFDCL/F/MR/01 v1
[2026-03-12T03:44:37.197Z] [RevisionActivities] Found previous version: NFDCL/F/MR/01 v0
[2026-03-12T03:44:37.197Z] [RevisionActivities] Processed revision: NFDCL/F/MR/01 with reason: "rev"
[2026-03-12T03:44:37.201Z] [RevisionActivities] Found previous version: NFDCL/F/MR/01 v0
[2026-03-12T03:44:37.201Z] [RevisionActivities] Processed revision: NFDCL/F/MR/01 with reason: "rev"
[2026-03-12T03:44:37.201Z] [RevisionActivities] Returning 2 activities out of 2 total revisions
[2026-03-12T03:45:07.253Z] [RevisionActivities] Starting revision activities query
[2026-03-12T03:45:07.254Z] [RevisionActivities] Getting documents by status...
[2026-03-12T03:45:07.266Z] [RevisionActivities] Document counts: pending=1, approved=1, issued=2, declined=0
[2026-03-12T03:45:07.267Z] [RevisionActivities] Total documents: 4
[2026-03-12T03:45:07.267Z] [RevisionActivities] Found revision doc: NFDCL/F/MR/01 v2 (previous: doc-1773220391312)
[2026-03-12T03:45:07.267Z] [RevisionActivities] Found revision doc: NFDCL/F/MR/01 v1 (previous: doc-1773220391312)
[2026-03-12T03:45:07.268Z] [RevisionActivities] Revision documents found: 2
[2026-03-12T03:45:07.268Z] [RevisionActivities] Processing 2 revisions (limited by 100)
[2026-03-12T03:45:07.268Z] [RevisionActivities] Processing revision: NFDCL/F/MR/01 v2
[2026-03-12T03:45:07.268Z] [RevisionActivities] Processing revision: NFDCL/F/MR/01 v1
[2026-03-12T03:45:07.296Z] [RevisionActivities] Found previous version: NFDCL/F/MR/01 v0
[2026-03-12T03:45:07.297Z] [RevisionActivities] Processed revision: NFDCL/F/MR/01 with reason: "rev"
[2026-03-12T03:45:07.300Z] [RevisionActivities] Found previous version: NFDCL/F/MR/01 v0
[2026-03-12T03:45:07.301Z] [RevisionActivities] Processed revision: NFDCL/F/MR/01 with reason: "rev"
[2026-03-12T03:45:07.301Z] [RevisionActivities] Returning 2 activities out of 2 total revisions
[2026-03-12T03:45:07.933Z] [RevisionActivities] Starting revision activities query
[2026-03-12T03:45:07.933Z] [RevisionActivities] Getting documents by status...
[2026-03-12T03:45:08.015Z] [RevisionActivities] Document counts: pending=1, approved=1, issued=2, declined=0
[2026-03-12T03:45:08.015Z] [RevisionActivities] Total documents: 4
[2026-03-12T03:45:08.015Z] [RevisionActivities] Found revision doc: NFDCL/F/MR/01 v2 (previous: doc-1773220391312)
[2026-03-12T03:45:08.016Z] [RevisionActivities] Found revision doc: NFDCL/F/MR/01 v1 (previous: doc-1773220391312)
[2026-03-12T03:45:08.016Z] [RevisionActivities] Revision documents found: 2
[2026-03-12T03:45:08.016Z] [RevisionActivities] Processing 2 revisions (limited by 100)
[2026-03-12T03:45:08.017Z] [RevisionActivities] Processing revision: NFDCL/F/MR/01 v2
[2026-03-12T03:45:08.017Z] [RevisionActivities] Processing revision: NFDCL/F/MR/01 v1
[2026-03-12T03:45:08.071Z] [RevisionActivities] Found previous version: NFDCL/F/MR/01 v0
[2026-03-12T03:45:08.072Z] [RevisionActivities] Processed revision: NFDCL/F/MR/01 with reason: "rev"
[2026-03-12T03:45:08.084Z] [RevisionActivities] Found previous version: NFDCL/F/MR/01 v0
[2026-03-12T03:45:08.084Z] [RevisionActivities] Processed revision: NFDCL/F/MR/01 with reason: "rev"
[2026-03-12T03:45:08.085Z] [RevisionActivities] Returning 2 activities out of 2 total revisions
[2026-03-12T03:45:37.311Z] [RevisionActivities] Starting revision activities query
[2026-03-12T03:45:37.311Z] [RevisionActivities] Getting documents by status...
[2026-03-12T03:45:37.325Z] [RevisionActivities] Document counts: pending=1, approved=1, issued=2, declined=0
[2026-03-12T03:45:37.326Z] [RevisionActivities] Total documents: 4
[2026-03-12T03:45:37.326Z] [RevisionActivities] Found revision doc: NFDCL/F/MR/01 v2 (previous: doc-1773220391312)
[2026-03-12T03:45:37.326Z] [RevisionActivities] Found revision doc: NFDCL/F/MR/01 v1 (previous: doc-1773220391312)
[2026-03-12T03:45:37.327Z] [RevisionActivities] Revision documents found: 2
[2026-03-12T03:45:37.327Z] [RevisionActivities] Processing 2 revisions (limited by 100)
[2026-03-12T03:45:37.327Z] [RevisionActivities] Processing revision: NFDCL/F/MR/01 v2
[2026-03-12T03:45:37.327Z] [RevisionActivities] Processing revision: NFDCL/F/MR/01 v1
[2026-03-12T03:45:37.341Z] [RevisionActivities] Found previous version: NFDCL/F/MR/01 v0
[2026-03-12T03:45:37.342Z] [RevisionActivities] Processed revision: NFDCL/F/MR/01 with reason: "rev"
[2026-03-12T03:45:37.346Z] [RevisionActivities] Found previous version: NFDCL/F/MR/01 v0
[2026-03-12T03:45:37.346Z] [RevisionActivities] Processed revision: NFDCL/F/MR/01 with reason: "rev"
[2026-03-12T03:45:37.346Z] [RevisionActivities] Returning 2 activities out of 2 total revisions
[2026-03-12T03:46:07.358Z] [RevisionActivities] Starting revision activities query
[2026-03-12T03:46:07.359Z] [RevisionActivities] Getting documents by status...
[2026-03-12T03:46:07.376Z] [RevisionActivities] Document counts: pending=1, approved=1, issued=2, declined=0
[2026-03-12T03:46:07.376Z] [RevisionActivities] Total documents: 4
[2026-03-12T03:46:07.376Z] [RevisionActivities] Found revision doc: NFDCL/F/MR/01 v2 (previous: doc-1773220391312)
[2026-03-12T03:46:07.377Z] [RevisionActivities] Found revision doc: NFDCL/F/MR/01 v1 (previous: doc-1773220391312)
[2026-03-12T03:46:07.377Z] [RevisionActivities] Revision documents found: 2
[2026-03-12T03:46:07.378Z] [RevisionActivities] Processing 2 revisions (limited by 100)
[2026-03-12T03:46:07.378Z] [RevisionActivities] Processing revision: NFDCL/F/MR/01 v2
[2026-03-12T03:46:07.378Z] [RevisionActivities] Processing revision: NFDCL/F/MR/01 v1
[2026-03-12T03:46:07.390Z] [RevisionActivities] Found previous version: NFDCL/F/MR/01 v0
[2026-03-12T03:46:07.391Z] [RevisionActivities] Processed revision: NFDCL/F/MR/01 with reason: "rev"
[2026-03-12T03:46:07.395Z] [RevisionActivities] Found previous version: NFDCL/F/MR/01 v0
[2026-03-12T03:46:07.395Z] [RevisionActivities] Processed revision: NFDCL/F/MR/01 with reason: "rev"
[2026-03-12T03:46:07.396Z] [RevisionActivities] Returning 2 activities out of 2 total revisions
[2026-03-12T03:46:37.405Z] [RevisionActivities] Starting revision activities query
[2026-03-12T03:46:37.405Z] [RevisionActivities] Getting documents by status...
[2026-03-12T03:46:37.584Z] [RevisionActivities] Document counts: pending=1, approved=1, issued=2, declined=0
[2026-03-12T03:46:37.585Z] [RevisionActivities] Total documents: 4
[2026-03-12T03:46:37.585Z] [RevisionActivities] Found revision doc: NFDCL/F/MR/01 v2 (previous: doc-1773220391312)
[2026-03-12T03:46:37.585Z] [RevisionActivities] Found revision doc: NFDCL/F/MR/01 v1 (previous: doc-1773220391312)
[2026-03-12T03:46:37.586Z] [RevisionActivities] Revision documents found: 2
[2026-03-12T03:46:37.586Z] [RevisionActivities] Processing 2 revisions (limited by 100)
[2026-03-12T03:46:37.586Z] [RevisionActivities] Processing revision: NFDCL/F/MR/01 v2
[2026-03-12T03:46:37.586Z] [RevisionActivities] Processing revision: NFDCL/F/MR/01 v1
[2026-03-12T03:46:37.603Z] [RevisionActivities] Found previous version: NFDCL/F/MR/01 v0
[2026-03-12T03:46:37.604Z] [RevisionActivities] Processed revision: NFDCL/F/MR/01 with reason: "rev"
[2026-03-12T03:46:37.611Z] [RevisionActivities] Found previous version: NFDCL/F/MR/01 v0
[2026-03-12T03:46:37.611Z] [RevisionActivities] Processed revision: NFDCL/F/MR/01 with reason: "rev"
[2026-03-12T03:46:37.611Z] [RevisionActivities] Returning 2 activities out of 2 total revisions
[2026-03-12T03:46:42.999Z] [RevisionActivities] Starting revision activities query
[2026-03-12T03:46:42.999Z] [RevisionActivities] Getting documents by status...
[2026-03-12T03:46:43.301Z] [RevisionActivities] Document counts: pending=1, approved=1, issued=2, declined=0
[2026-03-12T03:46:43.302Z] [RevisionActivities] Total documents: 4
[2026-03-12T03:46:43.302Z] [RevisionActivities] Found revision doc: NFDCL/F/MR/01 v2 (previous: doc-1773220391312)
[2026-03-12T03:46:43.302Z] [RevisionActivities] Found revision doc: NFDCL/F/MR/01 v1 (previous: doc-1773220391312)
[2026-03-12T03:46:43.303Z] [RevisionActivities] Revision documents found: 2
[2026-03-12T03:46:43.303Z] [RevisionActivities] Processing 2 revisions (limited by 100)
[2026-03-12T03:46:43.303Z] [RevisionActivities] Processing revision: NFDCL/F/MR/01 v2
[2026-03-12T03:46:43.303Z] [RevisionActivities] Processing revision: NFDCL/F/MR/01 v1
[2026-03-12T03:46:43.431Z] [RevisionActivities] Found previous version: NFDCL/F/MR/01 v0
[2026-03-12T03:46:43.433Z] [RevisionActivities] Processed revision: NFDCL/F/MR/01 with reason: "rev"
[2026-03-12T03:46:43.441Z] [RevisionActivities] Found previous version: NFDCL/F/MR/01 v0
[2026-03-12T03:46:43.441Z] [RevisionActivities] Processed revision: NFDCL/F/MR/01 with reason: "rev"
[2026-03-12T03:46:43.441Z] [RevisionActivities] Returning 2 activities out of 2 total revisions
[2026-03-12T03:47:13.509Z] [RevisionActivities] Starting revision activities query
[2026-03-12T03:47:13.509Z] [RevisionActivities] Getting documents by status...
[2026-03-12T03:47:13.517Z] [RevisionActivities] Document counts: pending=1, approved=1, issued=2, declined=0
[2026-03-12T03:47:13.518Z] [RevisionActivities] Total documents: 4
[2026-03-12T03:47:13.518Z] [RevisionActivities] Found revision doc: NFDCL/F/MR/01 v2 (previous: doc-1773220391312)
[2026-03-12T03:47:13.518Z] [RevisionActivities] Found revision doc: NFDCL/F/MR/01 v1 (previous: doc-1773220391312)
[2026-03-12T03:47:13.519Z] [RevisionActivities] Revision documents found: 2
[2026-03-12T03:47:13.520Z] [RevisionActivities] Processing 2 revisions (limited by 100)
[2026-03-12T03:47:13.520Z] [RevisionActivities] Processing revision: NFDCL/F/MR/01 v2
[2026-03-12T03:47:13.520Z] [RevisionActivities] Processing revision: NFDCL/F/MR/01 v1
[2026-03-12T03:47:13.532Z] [RevisionActivities] Found previous version: NFDCL/F/MR/01 v0
[2026-03-12T03:47:13.533Z] [RevisionActivities] Processed revision: NFDCL/F/MR/01 with reason: "rev"
[2026-03-12T03:47:13.537Z] [RevisionActivities] Found previous version: NFDCL/F/MR/01 v0
[2026-03-12T03:47:13.537Z] [RevisionActivities] Processed revision: NFDCL/F/MR/01 with reason: "rev"
[2026-03-12T03:47:13.537Z] [RevisionActivities] Returning 2 activities out of 2 total revisions
[2026-03-12T03:49:13.546Z] [RevisionActivities] Starting revision activities query
[2026-03-12T03:49:13.547Z] [RevisionActivities] Getting documents by status...
[2026-03-12T03:49:13.660Z] [RevisionActivities] Document counts: pending=1, approved=1, issued=2, declined=0
[2026-03-12T03:49:13.660Z] [RevisionActivities] Total documents: 4
[2026-03-12T03:49:13.662Z] [RevisionActivities] Found revision doc: NFDCL/F/MR/01 v2 (previous: doc-1773220391312)
[2026-03-12T03:49:13.662Z] [RevisionActivities] Found revision doc: NFDCL/F/MR/01 v1 (previous: doc-1773220391312)
[2026-03-12T03:49:13.662Z] [RevisionActivities] Revision documents found: 2
[2026-03-12T03:49:13.662Z] [RevisionActivities] Processing 2 revisions (limited by 100)
[2026-03-12T03:49:13.663Z] [RevisionActivities] Processing revision: NFDCL/F/MR/01 v2
[2026-03-12T03:49:13.663Z] [RevisionActivities] Processing revision: NFDCL/F/MR/01 v1
[2026-03-12T03:49:14.377Z] [RevisionActivities] Found previous version: NFDCL/F/MR/01 v0
[2026-03-12T03:49:14.378Z] [RevisionActivities] Processed revision: NFDCL/F/MR/01 with reason: "rev"
[2026-03-12T03:49:14.380Z] [RevisionActivities] Found previous version: NFDCL/F/MR/01 v0
[2026-03-12T03:49:14.382Z] [RevisionActivities] Processed revision: NFDCL/F/MR/01 with reason: "rev"
[2026-03-12T03:49:14.382Z] [RevisionActivities] Returning 2 activities out of 2 total revisions
[2026-03-12T03:49:24.496Z] [RevisionActivities] Starting revision activities query
[2026-03-12T03:49:24.497Z] [RevisionActivities] Getting documents by status...
[2026-03-12T03:49:24.955Z] [RevisionActivities] Document counts: pending=1, approved=1, issued=2, declined=0
[2026-03-12T03:49:24.955Z] [RevisionActivities] Total documents: 4
[2026-03-12T03:49:24.955Z] [RevisionActivities] Found revision doc: NFDCL/F/MR/01 v2 (previous: doc-1773220391312)
[2026-03-12T03:49:24.956Z] [RevisionActivities] Found revision doc: NFDCL/F/MR/01 v1 (previous: doc-1773220391312)
[2026-03-12T03:49:24.956Z] [RevisionActivities] Revision documents found: 2
[2026-03-12T03:49:24.956Z] [RevisionActivities] Processing 2 revisions (limited by 100)
[2026-03-12T03:49:24.957Z] [RevisionActivities] Processing revision: NFDCL/F/MR/01 v2
[2026-03-12T03:49:24.957Z] [RevisionActivities] Processing revision: NFDCL/F/MR/01 v1
[2026-03-12T03:49:25.762Z] [RevisionActivities] Found previous version: NFDCL/F/MR/01 v0
[2026-03-12T03:49:25.762Z] [RevisionActivities] Processed revision: NFDCL/F/MR/01 with reason: "rev"
[2026-03-12T03:49:25.960Z] [RevisionActivities] Found previous version: NFDCL/F/MR/01 v0
[2026-03-12T03:49:25.960Z] [RevisionActivities] Processed revision: NFDCL/F/MR/01 with reason: "rev"
[2026-03-12T03:49:25.961Z] [RevisionActivities] Returning 2 activities out of 2 total revisions
[2026-03-12T03:54:55.908Z] [RevisionActivities] Starting revision activities query
[2026-03-12T03:54:55.910Z] [RevisionActivities] Getting documents by status...
[2026-03-12T03:54:55.973Z] [RevisionActivities] Document counts: pending=1, approved=1, issued=2, declined=0
[2026-03-12T03:54:55.973Z] [RevisionActivities] Total documents: 4
[2026-03-12T03:54:55.973Z] [RevisionActivities] Found revision doc: NFDCL/F/MR/01 v2 (previous: doc-1773220391312)
[2026-03-12T03:54:55.974Z] [RevisionActivities] Found revision doc: NFDCL/F/MR/01 v1 (previous: doc-1773220391312)
[2026-03-12T03:54:55.974Z] [RevisionActivities] Revision documents found: 2
[2026-03-12T03:54:55.974Z] [RevisionActivities] Processing 2 revisions (limited by 100)
[2026-03-12T03:54:55.974Z] [RevisionActivities] Processing revision: NFDCL/F/MR/01 v2
[2026-03-12T03:54:55.975Z] [RevisionActivities] Processing revision: NFDCL/F/MR/01 v1
[2026-03-12T03:54:56.027Z] [RevisionActivities] Found previous version: NFDCL/F/MR/01 v0
[2026-03-12T03:54:56.028Z] [RevisionActivities] Processed revision: NFDCL/F/MR/01 with reason: "rev"
[2026-03-12T03:54:56.029Z] [RevisionActivities] Found previous version: NFDCL/F/MR/01 v0
[2026-03-12T03:54:56.029Z] [RevisionActivities] Processed revision: NFDCL/F/MR/01 with reason: "rev"
[2026-03-12T03:54:56.029Z] [RevisionActivities] Returning 2 activities out of 2 total revisions
[2026-03-12T03:59:54.851Z] [RevisionActivities] Starting revision activities query
[2026-03-12T03:59:54.852Z] [RevisionActivities] Getting documents by status...
[2026-03-12T03:59:55.458Z] [RevisionActivities] Document counts: pending=1, approved=1, issued=2, declined=0
[2026-03-12T03:59:55.459Z] [RevisionActivities] Total documents: 4
[2026-03-12T03:59:55.459Z] [RevisionActivities] Found revision doc: NFDCL/F/MR/01 v2 (previous: doc-1773220391312)
[2026-03-12T03:59:55.459Z] [RevisionActivities] Found revision doc: NFDCL/F/MR/01 v1 (previous: doc-1773220391312)
[2026-03-12T03:59:55.460Z] [RevisionActivities] Revision documents found: 2
[2026-03-12T03:59:55.460Z] [RevisionActivities] Processing 2 revisions (limited by 100)
[2026-03-12T03:59:55.460Z] [RevisionActivities] Processing revision: NFDCL/F/MR/01 v2
[2026-03-12T03:59:55.460Z] [RevisionActivities] Processing revision: NFDCL/F/MR/01 v1
[2026-03-12T03:59:55.747Z] [RevisionActivities] Found previous version: NFDCL/F/MR/01 v0
[2026-03-12T03:59:55.747Z] [RevisionActivities] Processed revision: NFDCL/F/MR/01 with reason: "rev"
[2026-03-12T03:59:55.758Z] [RevisionActivities] Found previous version: NFDCL/F/MR/01 v0
[2026-03-12T03:59:55.759Z] [RevisionActivities] Processed revision: NFDCL/F/MR/01 with reason: "rev"
[2026-03-12T03:59:55.759Z] [RevisionActivities] Returning 2 activities out of 2 total revisions
[2026-03-12T03:59:57.760Z] [RevisionActivities] Starting revision activities query
[2026-03-12T03:59:57.760Z] [RevisionActivities] Getting documents by status...
[2026-03-12T03:59:58.184Z] [RevisionActivities] Document counts: pending=1, approved=1, issued=2, declined=0
[2026-03-12T03:59:58.185Z] [RevisionActivities] Total documents: 4
[2026-03-12T03:59:58.185Z] [RevisionActivities] Found revision doc: NFDCL/F/MR/01 v2 (previous: doc-1773220391312)
[2026-03-12T03:59:58.185Z] [RevisionActivities] Found revision doc: NFDCL/F/MR/01 v1 (previous: doc-1773220391312)
[2026-03-12T03:59:58.186Z] [RevisionActivities] Revision documents found: 2
[2026-03-12T03:59:58.186Z] [RevisionActivities] Processing 2 revisions (limited by 100)
[2026-03-12T03:59:58.186Z] [RevisionActivities] Processing revision: NFDCL/F/MR/01 v2
[2026-03-12T03:59:58.186Z] [RevisionActivities] Processing revision: NFDCL/F/MR/01 v1
[2026-03-12T03:59:58.312Z] [RevisionActivities] Found previous version: NFDCL/F/MR/01 v0
[2026-03-12T03:59:58.312Z] [RevisionActivities] Processed revision: NFDCL/F/MR/01 with reason: "rev"
[2026-03-12T03:59:58.561Z] [RevisionActivities] Found previous version: NFDCL/F/MR/01 v0
[2026-03-12T03:59:58.562Z] [RevisionActivities] Processed revision: NFDCL/F/MR/01 with reason: "rev"
[2026-03-12T03:59:58.563Z] [RevisionActivities] Returning 2 activities out of 2 total revisions
[2026-03-12T04:04:30.865Z] [RevisionActivities] Starting revision activities query
[2026-03-12T04:04:30.866Z] [RevisionActivities] Getting documents by status...
[2026-03-12T04:04:32.049Z] [RevisionActivities] Document counts: pending=1, approved=1, issued=2, declined=0
[2026-03-12T04:04:32.050Z] [RevisionActivities] Total documents: 4
[2026-03-12T04:04:32.050Z] [RevisionActivities] Found revision doc: NFDCL/F/MR/01 v2 (previous: doc-1773220391312)
[2026-03-12T04:04:32.050Z] [RevisionActivities] Found revision doc: NFDCL/F/MR/01 v1 (previous: doc-1773220391312)
[2026-03-12T04:04:32.051Z] [RevisionActivities] Revision documents found: 2
[2026-03-12T04:04:32.051Z] [RevisionActivities] Processing 2 revisions (limited by 100)
[2026-03-12T04:04:32.051Z] [RevisionActivities] Processing revision: NFDCL/F/MR/01 v2
[2026-03-12T04:04:32.051Z] [RevisionActivities] Processing revision: NFDCL/F/MR/01 v1
[2026-03-12T04:04:32.092Z] [RevisionActivities] Found previous version: NFDCL/F/MR/01 v0
[2026-03-12T04:04:32.092Z] [RevisionActivities] Processed revision: NFDCL/F/MR/01 with reason: "rev"
[2026-03-12T04:04:32.093Z] [RevisionActivities] Found previous version: NFDCL/F/MR/01 v0
[2026-03-12T04:04:32.093Z] [RevisionActivities] Processed revision: NFDCL/F/MR/01 with reason: "rev"
[2026-03-12T04:04:32.093Z] [RevisionActivities] Returning 2 activities out of 2 total revisions
[2026-03-12T04:07:18.797Z] [RevisionActivities] Starting revision activities query
[2026-03-12T04:07:18.798Z] [RevisionActivities] Getting documents by status...
[2026-03-12T04:07:19.328Z] [RevisionActivities] Document counts: pending=1, approved=1, issued=2, declined=0
[2026-03-12T04:07:19.328Z] [RevisionActivities] Total documents: 4
[2026-03-12T04:07:19.329Z] [RevisionActivities] Found revision doc: NFDCL/F/MR/01 v2 (previous: doc-1773220391312)
[2026-03-12T04:07:19.329Z] [RevisionActivities] Found revision doc: NFDCL/F/MR/01 v1 (previous: doc-1773220391312)
[2026-03-12T04:07:19.329Z] [RevisionActivities] Revision documents found: 2
[2026-03-12T04:07:19.330Z] [RevisionActivities] Processing 2 revisions (limited by 100)
[2026-03-12T04:07:19.330Z] [RevisionActivities] Processing revision: NFDCL/F/MR/01 v2
[2026-03-12T04:07:19.330Z] [RevisionActivities] Processing revision: NFDCL/F/MR/01 v1
[2026-03-12T04:07:19.402Z] [RevisionActivities] Found previous version: NFDCL/F/MR/01 v0
[2026-03-12T04:07:19.402Z] [RevisionActivities] Processed revision: NFDCL/F/MR/01 with reason: "rev"
[2026-03-12T04:07:19.607Z] [RevisionActivities] Found previous version: NFDCL/F/MR/01 v0
[2026-03-12T04:07:19.607Z] [RevisionActivities] Processed revision: NFDCL/F/MR/01 with reason: "rev"
[2026-03-12T04:07:19.607Z] [RevisionActivities] Returning 2 activities out of 2 total revisions
[2026-03-12T04:20:16.236Z] [RevisionActivities] Starting grouped revision activities query
[2026-03-12T04:21:25.021Z] [RevisionActivities] Starting grouped revision activities query
[2026-03-12T04:22:56.433Z] [RevisionActivities] Starting grouped revision activities query
[2026-03-12T04:28:43.271Z] [RevisionActivities] Starting grouped revision activities query
[2026-03-12T04:37:30.552Z] [RevisionActivities] Starting grouped revision activities query
[2026-03-12T04:38:31.244Z] [RevisionActivities] Starting grouped revision activities query
[2026-03-12T04:45:48.727Z] [RevisionActivities] Starting grouped revision activities query
[2026-03-12T04:45:51.418Z] [RevisionActivities] Starting grouped revision activities query
[2026-03-12T04:54:53.686Z] [RevisionActivities] Starting grouped revision activities query
[2026-03-12T10:02:39.286Z] [Storage] Executing: UPDATE documents SET word_file_path = @wordFilePath, updated_at = GETDATE() WHERE id = @id
[2026-03-12T10:04:51.110Z] [Word View] Requesting document doc-1773309759106
[2026-03-12T10:04:51.121Z] [Word View] Primary path attempt: C:\inetpub\wwwroot\dms\dist\uploads\uploads\doc-1773309759106_1773309759251_Revised 1. Control of Documents 01.10.2025.docx
[2026-03-12T10:04:51.128Z] [Word View] Primary path failed: ENOENT: no such file or directory, access 'C:\inetpub\wwwroot\dms\dist\uploads\uploads\doc-1773309759106_1773309759251_Revised 1. Control of Documents 01.10.2025.docx'
[2026-03-12T10:04:51.128Z] [Word View] Trying fallback path: C:\inetpub\wwwroot\dms\dist\uploads\doc-1773309759106_1773309759251_Revised 1. Control of Documents 01.10.2025.docx
[2026-03-12T10:04:51.132Z] [Word View] Successfully read file from fallback path, size: 50220 bytes
[2026-03-12T10:04:51.644Z] [Word View] Mammoth conversion complete, HTML length: 19182
[2026-03-12T10:06:05.163Z] [Storage] Executing: UPDATE documents SET status = @status, approved_by = @approvedBy, approved_at = @approvedAt, approval_remarks = @approvalRemarks, approver_data = @approverData, approver_name = @approverName, updated_at = GETDATE() WHERE id = @id
[2026-03-12T10:06:37.559Z] [Word View] Requesting document doc-1773309759106
[2026-03-12T10:06:37.590Z] [Word View] Primary path attempt: C:\inetpub\wwwroot\dms\dist\uploads\uploads\doc-1773309759106_1773309759251_Revised 1. Control of Documents 01.10.2025.docx
[2026-03-12T10:06:37.591Z] [Word View] Primary path failed: ENOENT: no such file or directory, access 'C:\inetpub\wwwroot\dms\dist\uploads\uploads\doc-1773309759106_1773309759251_Revised 1. Control of Documents 01.10.2025.docx'
[2026-03-12T10:06:37.591Z] [Word View] Trying fallback path: C:\inetpub\wwwroot\dms\dist\uploads\doc-1773309759106_1773309759251_Revised 1. Control of Documents 01.10.2025.docx
[2026-03-12T10:06:37.593Z] [Word View] Successfully read file from fallback path, size: 50220 bytes
[2026-03-12T10:06:37.859Z] [Word View] Mammoth conversion complete, HTML length: 19182
[2026-03-12T10:07:30.194Z] [Storage] Executing: UPDATE documents SET doc_number = @docNumber, status = @status, issued_by = @issuedBy, issued_at = @issuedAt, issue_remarks = @issueRemarks, issuer_name = @issuerName, issuer_data = @issuerData, updated_at = GETDATE() WHERE id = @id
[2026-03-12T10:20:11.125Z] [Storage] Executing: UPDATE documents SET word_file_path = @wordFilePath, updated_at = GETDATE() WHERE id = @id
[2026-03-12T10:20:46.345Z] [Storage] Executing: UPDATE documents SET status = @status, approved_by = @approvedBy, issued_by = @issuedBy, decline_remarks = @declineRemarks, updated_at = GETDATE() WHERE id = @id
[2026-03-12T10:25:25.249Z] [RevisionActivities] Starting grouped revision activities query
[2026-03-12T10:33:28.696Z] [Storage] Executing: UPDATE documents SET word_file_path = @wordFilePath, updated_at = GETDATE() WHERE id = @id
[2026-03-12T10:36:56.508Z] [Update] Status check: current=declined, original=declined
[2026-03-12T10:36:56.509Z] [Update] Resubmitting declined document doc-1773310811092. Resetting to pending.
[2026-03-12T10:36:56.512Z] [Update] Final updateData keys for doc-1773310811092: updatedAt, status, declineRemarks, approvalRemarks, approvedBy, issuedBy, approvedAt, issuedAt, docName, docNumber, dateOfIssue, revisionNo, duePeriodYears, reasonForRevision, location, preparerName, dateOfRev, reviewDueDate, wordFilePath
[2026-03-12T10:36:56.513Z] [Update] Final updateData values: {"updatedAt":"2026-03-12T10:36:56.508Z","status":"pending","declineRemarks":null,"approvalRemarks":null,"approvedBy":null,"issuedBy":null,"approvedAt":null,"issuedAt":null,"docName":"Checklist for Glass monitoring","docNumber":"NFDCL/F/PROD/23","dateOfIssue":"2026-03-12T00:00:00.000Z","revisionNo":0,"duePeriodYears":3,"reasonForRevision":"for glass monitoring ","location":"Unit 1","preparerName":"Priyanka K","dateOfRev":null,"reviewDueDate":"2029-03-11T00:00:00.000Z","wordFilePath":"uploads/doc-1773310811092_1773311816511_EHS Internal Audit.docx"}
[2026-03-12T10:36:56.521Z] [Storage] Executing: UPDATE documents SET doc_name = @docName, doc_number = @docNumber, status = @status, date_of_issue = @dateOfIssue, revision_no = @revisionNo, approved_by = @approvedBy, issued_by = @issuedBy, due_period_years = @duePeriodYears, reason_for_revision = @reasonForRevision, review_due_date = @reviewDueDate, approved_at = @approvedAt, issued_at = @issuedAt, approval_remarks = @approvalRemarks, decline_remarks = @declineRemarks, word_file_path = @wordFilePath, preparer_name = @preparerName, location = @location, date_of_rev = @dateOfRev, updated_at = GETDATE() WHERE id = @id
[2026-03-12T10:37:40.426Z] [Storage] Executing: UPDATE documents SET status = @status, approved_by = @approvedBy, approved_at = @approvedAt, approval_remarks = @approvalRemarks, approver_data = @approverData, approver_name = @approverName, updated_at = GETDATE() WHERE id = @id
[2026-03-12T10:37:48.195Z] [Storage] Executing: UPDATE documents SET status = @status, approved_by = @approvedBy, approved_at = @approvedAt, approval_remarks = @approvalRemarks, approver_data = @approverData, approver_name = @approverName, updated_at = GETDATE() WHERE id = @id
[2026-03-12T10:37:57.012Z] [Storage] Executing: UPDATE documents SET status = @status, approved_by = @approvedBy, approved_at = @approvedAt, approval_remarks = @approvalRemarks, approver_data = @approverData, approver_name = @approverName, updated_at = GETDATE() WHERE id = @id
[2026-03-12T10:38:29.670Z] [Word View] Requesting document doc-1773311608598
[2026-03-12T10:38:29.676Z] [Word View] Primary path attempt: C:\inetpub\wwwroot\dms\dist\uploads\uploads\doc-1773311608598_1773311608686_Check list for Glass items and Acrylic sheets P-11.docx
[2026-03-12T10:38:29.679Z] [Word View] Primary path failed: ENOENT: no such file or directory, access 'C:\inetpub\wwwroot\dms\dist\uploads\uploads\doc-1773311608598_1773311608686_Check list for Glass items and Acrylic sheets P-11.docx'
[2026-03-12T10:38:29.679Z] [Word View] Trying fallback path: C:\inetpub\wwwroot\dms\dist\uploads\doc-1773311608598_1773311608686_Check list for Glass items and Acrylic sheets P-11.docx
[2026-03-12T10:38:29.683Z] [Word View] Successfully read file from fallback path, size: 23887 bytes
[2026-03-12T10:38:29.966Z] [Word View] Mammoth conversion complete, HTML length: 7126
[2026-03-12T10:38:45.593Z] [Storage] Executing: UPDATE documents SET doc_number = @docNumber, status = @status, issued_by = @issuedBy, issued_at = @issuedAt, issue_remarks = @issueRemarks, issuer_name = @issuerName, issuer_data = @issuerData, updated_at = GETDATE() WHERE id = @id
[2026-03-12T10:39:01.343Z] [Storage] Executing: UPDATE documents SET status = @status, approved_by = @approvedBy, issued_by = @issuedBy, decline_remarks = @declineRemarks, updated_at = GETDATE() WHERE id = @id
[2026-03-12T10:39:42.151Z] [Storage] Executing: UPDATE documents SET doc_number = @docNumber, status = @status, issued_by = @issuedBy, issued_at = @issuedAt, issue_remarks = @issueRemarks, issuer_name = @issuerName, issuer_data = @issuerData, updated_at = GETDATE() WHERE id = @id
[2026-03-12T10:39:48.581Z] [Storage] Executing: UPDATE documents SET doc_number = @docNumber, status = @status, issued_by = @issuedBy, issued_at = @issuedAt, issue_remarks = @issueRemarks, issuer_name = @issuerName, issuer_data = @issuerData, updated_at = GETDATE() WHERE id = @id
[2026-03-12T10:45:25.386Z] [Storage] Executing: UPDATE documents SET word_file_path = @wordFilePath, updated_at = GETDATE() WHERE id = @id
[2026-03-12T10:45:46.931Z] [Storage] Executing: UPDATE documents SET status = @status, approved_by = @approvedBy, approved_at = @approvedAt, approval_remarks = @approvalRemarks, approver_data = @approverData, approver_name = @approverName, updated_at = GETDATE() WHERE id = @id
[2026-03-12T10:46:01.525Z] [Storage] Executing: UPDATE documents SET doc_number = @docNumber, status = @status, issued_by = @issuedBy, issued_at = @issuedAt, issue_remarks = @issueRemarks, issuer_name = @issuerName, issuer_data = @issuerData, updated_at = GETDATE() WHERE id = @id
[2026-03-12T10:53:33.658Z] [RevisionActivities] Starting grouped revision activities query
[2026-03-12T10:54:03.837Z] [RevisionActivities] Starting grouped revision activities query
[2026-03-12T10:54:34.068Z] [RevisionActivities] Starting grouped revision activities query
[2026-03-12T10:55:04.243Z] [RevisionActivities] Starting grouped revision activities query
[2026-03-12T10:55:51.490Z] [RevisionActivities] Starting grouped revision activities query
[2026-03-12T10:56:22.576Z] [RevisionActivities] Starting grouped revision activities query
[2026-03-12T10:56:53.057Z] [RevisionActivities] Starting grouped revision activities query
[2026-03-12T10:57:23.155Z] [RevisionActivities] Starting grouped revision activities query
[2026-03-12T10:57:53.415Z] [RevisionActivities] Starting grouped revision activities query
[2026-03-12T10:58:23.708Z] [RevisionActivities] Starting grouped revision activities query
[2026-03-12T10:58:53.854Z] [RevisionActivities] Starting grouped revision activities query
[2026-03-12T10:59:23.928Z] [RevisionActivities] Starting grouped revision activities query
[2026-03-12T10:59:30.356Z] [RevisionActivities] Starting grouped revision activities query
[2026-03-12T11:00:00.539Z] [RevisionActivities] Starting grouped revision activities query
[2026-03-12T11:00:24.262Z] [RevisionActivities] Starting grouped revision activities query
[2026-03-12T11:09:03.821Z] [Storage] Executing: UPDATE documents SET word_file_path = @wordFilePath, updated_at = GETDATE() WHERE id = @id
[2026-03-12T11:11:32.900Z] [Storage] Executing: UPDATE documents SET word_file_path = @wordFilePath, updated_at = GETDATE() WHERE id = @id
[2026-03-12T11:12:55.442Z] [Storage] Executing: UPDATE documents SET word_file_path = @wordFilePath, updated_at = GETDATE() WHERE id = @id
[2026-03-12T11:17:55.357Z] [Storage] Executing: UPDATE documents SET status = @status, approved_by = @approvedBy, approved_at = @approvedAt, approval_remarks = @approvalRemarks, approver_data = @approverData, approver_name = @approverName, updated_at = GETDATE() WHERE id = @id
[2026-03-12T11:19:30.417Z] [Storage] Executing: UPDATE documents SET status = @status, approved_by = @approvedBy, issued_by = @issuedBy, decline_remarks = @declineRemarks, updated_at = GETDATE() WHERE id = @id
[2026-03-12T11:21:21.736Z] [Storage] Executing: UPDATE documents SET status = @status, approved_by = @approvedBy, approved_at = @approvedAt, approval_remarks = @approvalRemarks, approver_data = @approverData, approver_name = @approverName, updated_at = GETDATE() WHERE id = @id
[2026-03-12T11:28:15.550Z] [Update] Status check: current=declined, original=declined
[2026-03-12T11:28:15.552Z] [Update] Resubmitting declined document doc-1773313892868. Resetting to pending.
[2026-03-12T11:28:15.563Z] [Update] Final updateData keys for doc-1773313892868: updatedAt, status, declineRemarks, approvalRemarks, approvedBy, issuedBy, approvedAt, issuedAt, docName, docNumber, dateOfIssue, revisionNo, duePeriodYears, reasonForRevision, location, preparerName, dateOfRev, reviewDueDate, wordFilePath
[2026-03-12T11:28:15.563Z] [Update] Final updateData values: {"updatedAt":"2026-03-12T11:28:15.550Z","status":"pending","declineRemarks":null,"approvalRemarks":null,"approvedBy":null,"issuedBy":null,"approvedAt":null,"issuedAt":null,"docName":"MEDICAL OXYGEN CYLINDER CHECK SHEET","docNumber":"NFDCL/F/EHS/09","dateOfIssue":"2026-03-12T00:00:00.000Z","revisionNo":0,"duePeriodYears":3,"reasonForRevision":"INTERNAL AUDIT OBSERVATION COMPLIANCE","location":"Unit 1","preparerName":"Satish Pawar","dateOfRev":"2026-03-13T00:00:00.000Z","reviewDueDate":"2029-03-11T00:00:00.000Z","wordFilePath":"uploads/doc-1773313892868_1773314895559_Oleum_Tanker_Unloading_Permit.doc"}
[2026-03-12T11:28:15.567Z] [Storage] Executing: UPDATE documents SET doc_name = @docName, doc_number = @docNumber, status = @status, date_of_issue = @dateOfIssue, revision_no = @revisionNo, approved_by = @approvedBy, issued_by = @issuedBy, due_period_years = @duePeriodYears, reason_for_revision = @reasonForRevision, review_due_date = @reviewDueDate, approved_at = @approvedAt, issued_at = @issuedAt, approval_remarks = @approvalRemarks, decline_remarks = @declineRemarks, word_file_path = @wordFilePath, preparer_name = @preparerName, location = @location, date_of_rev = @dateOfRev, updated_at = GETDATE() WHERE id = @id
[2026-03-12T11:29:56.938Z] [Storage] Executing: UPDATE documents SET status = @status, approved_by = @approvedBy, approved_at = @approvedAt, approval_remarks = @approvalRemarks, approver_data = @approverData, approver_name = @approverName, updated_at = GETDATE() WHERE id = @id
[2026-03-12T11:30:10.192Z] [RevisionActivities] Starting grouped revision activities query
[2026-03-12T11:30:40.333Z] [RevisionActivities] Starting grouped revision activities query
[2026-03-12T11:31:10.449Z] [RevisionActivities] Starting grouped revision activities query
[2026-03-12T11:31:17.865Z] [Storage] Executing: UPDATE documents SET doc_number = @docNumber, status = @status, issued_by = @issuedBy, issued_at = @issuedAt, issue_remarks = @issueRemarks, issuer_name = @issuerName, issuer_data = @issuerData, updated_at = GETDATE() WHERE id = @id
[2026-03-12T11:31:34.203Z] [Storage] Executing: UPDATE documents SET doc_number = @docNumber, status = @status, issued_by = @issuedBy, issued_at = @issuedAt, issue_remarks = @issueRemarks, issuer_name = @issuerName, issuer_data = @issuerData, updated_at = GETDATE() WHERE id = @id
[2026-03-12T11:31:56.524Z] [Storage] Executing: UPDATE documents SET doc_number = @docNumber, status = @status, issued_by = @issuedBy, issued_at = @issuedAt, issue_remarks = @issueRemarks, issuer_name = @issuerName, issuer_data = @issuerData, updated_at = GETDATE() WHERE id = @id
[2026-03-12T11:32:08.221Z] [Storage] Executing: UPDATE documents SET doc_number = @docNumber, status = @status, issued_by = @issuedBy, issued_at = @issuedAt, issue_remarks = @issueRemarks, issuer_name = @issuerName, issuer_data = @issuerData, updated_at = GETDATE() WHERE id = @id
[2026-03-12T11:42:32.489Z] [RevisionActivities] Starting grouped revision activities query
[2026-03-13T09:59:35.239Z] [Storage] Executing: UPDATE documents SET word_file_path = @wordFilePath, updated_at = GETDATE() WHERE id = @id
[2026-03-13T10:01:27.174Z] [Word View] Requesting document doc-1773395975185
[2026-03-13T10:01:27.230Z] [Word View] Primary path attempt: C:\inetpub\wwwroot\dms\dist\uploads\uploads\doc-1773395975185_1773395975235_List of Documents and Records.docx
[2026-03-13T10:01:27.233Z] [Word View] Primary path failed: ENOENT: no such file or directory, access 'C:\inetpub\wwwroot\dms\dist\uploads\uploads\doc-1773395975185_1773395975235_List of Documents and Records.docx'
[2026-03-13T10:01:27.233Z] [Word View] Trying fallback path: C:\inetpub\wwwroot\dms\dist\uploads\doc-1773395975185_1773395975235_List of Documents and Records.docx
[2026-03-13T10:01:27.235Z] [Word View] Successfully read file from fallback path, size: 45177 bytes
[2026-03-13T10:01:27.506Z] [Word View] Mammoth conversion complete, HTML length: 22565
[2026-03-13T10:06:24.843Z] [Storage] Executing: UPDATE documents SET status = @status, approved_by = @approvedBy, approved_at = @approvedAt, approval_remarks = @approvalRemarks, approver_data = @approverData, approver_name = @approverName, updated_at = GETDATE() WHERE id = @id
[2026-03-13T10:07:44.145Z] [Storage] Executing: UPDATE documents SET doc_number = @docNumber, status = @status, issued_by = @issuedBy, issued_at = @issuedAt, issue_remarks = @issueRemarks, issuer_name = @issuerName, issuer_data = @issuerData, updated_at = GETDATE() WHERE id = @id
[2026-03-13T10:13:03.602Z] [Storage] Executing: UPDATE documents SET word_file_path = @wordFilePath, updated_at = GETDATE() WHERE id = @id
[2026-03-13T10:15:13.201Z] [Storage] Executing: UPDATE documents SET status = @status, approved_by = @approvedBy, issued_by = @issuedBy, decline_remarks = @declineRemarks, updated_at = GETDATE() WHERE id = @id
[2026-03-13T10:18:20.600Z] [Storage] Executing: UPDATE documents SET word_file_path = @wordFilePath, updated_at = GETDATE() WHERE id = @id
[2026-03-13T10:20:39.089Z] [Word View] Requesting document doc-1773397100549
[2026-03-13T10:20:39.259Z] [Word View] Primary path attempt: C:\inetpub\wwwroot\dms\dist\uploads\uploads\doc-1773397100549_1773397100593_List of Documents and Records.docx
[2026-03-13T10:20:39.261Z] [Word View] Primary path failed: ENOENT: no such file or directory, access 'C:\inetpub\wwwroot\dms\dist\uploads\uploads\doc-1773397100549_1773397100593_List of Documents and Records.docx'
[2026-03-13T10:20:39.261Z] [Word View] Trying fallback path: C:\inetpub\wwwroot\dms\dist\uploads\doc-1773397100549_1773397100593_List of Documents and Records.docx
[2026-03-13T10:20:39.264Z] [Word View] Successfully read file from fallback path, size: 43623 bytes
[2026-03-13T10:20:39.550Z] [Word View] Mammoth conversion complete, HTML length: 22560
[2026-03-13T10:23:38.800Z] [Storage] Executing: UPDATE documents SET status = @status, approved_by = @approvedBy, approved_at = @approvedAt, approval_remarks = @approvalRemarks, approver_data = @approverData, approver_name = @approverName, updated_at = GETDATE() WHERE id = @id
[2026-03-13T10:24:39.963Z] [Storage] Executing: UPDATE documents SET doc_number = @docNumber, status = @status, issued_by = @issuedBy, issued_at = @issuedAt, issue_remarks = @issueRemarks, issuer_name = @issuerName, issuer_data = @issuerData, updated_at = GETDATE() WHERE id = @id
[2026-03-13T11:52:38.548Z] [Update] Status check: current=declined, original=declined
[2026-03-13T11:52:38.551Z] [Update] Resubmitting declined document doc-1773396783535. Resetting to pending.
[2026-03-13T11:52:38.555Z] [Update] Final updateData keys for doc-1773396783535: updatedAt, status, declineRemarks, approvalRemarks, approvedBy, issuedBy, approvedAt, issuedAt, docName, docNumber, dateOfIssue, revisionNo, duePeriodYears, reasonForRevision, location, preparerName, dateOfRev, reviewDueDate, wordFilePath
[2026-03-13T11:52:38.555Z] [Update] Final updateData values: {"updatedAt":"2026-03-13T11:52:38.548Z","status":"pending","declineRemarks":null,"approvalRemarks":null,"approvedBy":null,"issuedBy":null,"approvedAt":null,"issuedAt":null,"docName":"List of Document and Record","docNumber":"NFDCL/F/MR/05","dateOfIssue":"2026-03-01T00:00:00.000Z","revisionNo":1,"duePeriodYears":3,"reasonForRevision":"Add new document in list ","location":"Unit 1","preparerName":"Priyanka K","dateOfRev":"2026-03-13T00:00:00.000Z","reviewDueDate":"2029-03-12T00:00:00.000Z","wordFilePath":"uploads/doc-1773396783535_1773402758553_doc-1773396783535_1773396783598_List of Documents and Records.docx"}
[2026-03-13T11:52:38.565Z] [Storage] Executing: UPDATE documents SET doc_name = @docName, doc_number = @docNumber, status = @status, date_of_issue = @dateOfIssue, revision_no = @revisionNo, approved_by = @approvedBy, issued_by = @issuedBy, due_period_years = @duePeriodYears, reason_for_revision = @reasonForRevision, review_due_date = @reviewDueDate, approved_at = @approvedAt, issued_at = @issuedAt, approval_remarks = @approvalRemarks, decline_remarks = @declineRemarks, word_file_path = @wordFilePath, preparer_name = @preparerName, location = @location, date_of_rev = @dateOfRev, updated_at = GETDATE() WHERE id = @id
[2026-03-13T11:53:48.970Z] [Storage] Executing: UPDATE documents SET status = @status, approved_by = @approvedBy, approved_at = @approvedAt, approval_remarks = @approvalRemarks, approver_data = @approverData, approver_name = @approverName, updated_at = GETDATE() WHERE id = @id
[2026-03-13T11:54:43.120Z] [Storage] Executing: UPDATE documents SET doc_number = @docNumber, status = @status, issued_by = @issuedBy, issued_at = @issuedAt, issue_remarks = @issueRemarks, issuer_name = @issuerName, issuer_data = @issuerData, updated_at = GETDATE() WHERE id = @id
[2026-03-13T12:06:03.061Z] [Storage] Executing: UPDATE documents SET word_file_path = @wordFilePath, updated_at = GETDATE() WHERE id = @id
[2026-03-13T12:06:32.485Z] [Word View] Requesting document doc-1773403562830
[2026-03-13T12:06:32.535Z] [Word View] Primary path attempt: C:\inetpub\wwwroot\dms\dist\uploads\uploads\doc-1773403562830_1773403563046_List of ERP generated reports- QC.docx
[2026-03-13T12:06:32.536Z] [Word View] Primary path failed: ENOENT: no such file or directory, access 'C:\inetpub\wwwroot\dms\dist\uploads\uploads\doc-1773403562830_1773403563046_List of ERP generated reports- QC.docx'
[2026-03-13T12:06:32.537Z] [Word View] Trying fallback path: C:\inetpub\wwwroot\dms\dist\uploads\doc-1773403562830_1773403563046_List of ERP generated reports- QC.docx
[2026-03-13T12:06:32.539Z] [Word View] Successfully read file from fallback path, size: 13413 bytes
[2026-03-13T12:06:32.596Z] [Word View] Mammoth conversion complete, HTML length: 1267
[2026-03-13T12:08:05.721Z] [Storage] Executing: UPDATE documents SET status = @status, approved_by = @approvedBy, approved_at = @approvedAt, approval_remarks = @approvalRemarks, approver_data = @approverData, approver_name = @approverName, updated_at = GETDATE() WHERE id = @id
[2026-03-13T12:08:49.208Z] [Storage] Executing: UPDATE documents SET doc_number = @docNumber, status = @status, issued_by = @issuedBy, issued_at = @issuedAt, issue_remarks = @issueRemarks, issuer_name = @issuerName, issuer_data = @issuerData, updated_at = GETDATE() WHERE id = @id
[2026-03-13T12:10:21.431Z] [Storage] Executing: UPDATE documents SET word_file_path = @wordFilePath, updated_at = GETDATE() WHERE id = @id
[2026-03-13T12:10:52.248Z] [Storage] Executing: UPDATE documents SET status = @status, approved_by = @approvedBy, approved_at = @approvedAt, approval_remarks = @approvalRemarks, approver_data = @approverData, approver_name = @approverName, updated_at = GETDATE() WHERE id = @id
[2026-03-13T12:11:12.896Z] [Storage] Executing: UPDATE documents SET doc_number = @docNumber, status = @status, issued_by = @issuedBy, issued_at = @issuedAt, issue_remarks = @issueRemarks, issuer_name = @issuerName, issuer_data = @issuerData, updated_at = GETDATE() WHERE id = @id
[2026-03-14T05:34:51.837Z] [Storage] Executing: UPDATE documents SET word_file_path = @wordFilePath, updated_at = GETDATE() WHERE id = @id
[2026-03-14T06:02:19.171Z] [Storage] Executing: UPDATE documents SET status = @status, approved_by = @approvedBy, approved_at = @approvedAt, approval_remarks = @approvalRemarks, approver_data = @approverData, approver_name = @approverName, updated_at = GETDATE() WHERE id = @id
[2026-03-14T06:07:53.171Z] [Storage] Executing: UPDATE documents SET doc_number = @docNumber, status = @status, issued_by = @issuedBy, issued_at = @issuedAt, issue_remarks = @issueRemarks, issuer_name = @issuerName, issuer_data = @issuerData, updated_at = GETDATE() WHERE id = @id
[2026-03-14T06:09:54.862Z] [Word View] Requesting document doc-1773466491760
[2026-03-14T06:09:54.923Z] [Word View] Primary path attempt: C:\inetpub\wwwroot\dms\dist\uploads\uploads\doc-1773466491760_1773466491819_Material Requisition Slip.docx
[2026-03-14T06:09:54.925Z] [Word View] Primary path failed: ENOENT: no such file or directory, access 'C:\inetpub\wwwroot\dms\dist\uploads\uploads\doc-1773466491760_1773466491819_Material Requisition Slip.docx'
[2026-03-14T06:09:54.925Z] [Word View] Trying fallback path: C:\inetpub\wwwroot\dms\dist\uploads\doc-1773466491760_1773466491819_Material Requisition Slip.docx
[2026-03-14T06:09:54.926Z] [Word View] Successfully read file from fallback path, size: 15616 bytes
[2026-03-14T06:09:54.975Z] [Word View] Mammoth conversion complete, HTML length: 2185
[2026-03-14T06:28:47.695Z] [Storage] Executing: UPDATE documents SET word_file_path = @wordFilePath, updated_at = GETDATE() WHERE id = @id
[2026-03-14T06:32:27.535Z] [Storage] Executing: UPDATE documents SET status = @status, approved_by = @approvedBy, approved_at = @approvedAt, approval_remarks = @approvalRemarks, approver_data = @approverData, approver_name = @approverName, updated_at = GETDATE() WHERE id = @id
[2026-03-14T06:33:55.276Z] [Storage] Executing: UPDATE documents SET doc_number = @docNumber, status = @status, issued_by = @issuedBy, issued_at = @issuedAt, issue_remarks = @issueRemarks, issuer_name = @issuerName, issuer_data = @issuerData, updated_at = GETDATE() WHERE id = @id
[2026-03-14T10:50:18.653Z] [Storage] Executing: UPDATE documents SET word_file_path = @wordFilePath, updated_at = GETDATE() WHERE id = @id
[2026-03-14T10:51:06.195Z] [Storage] Executing: UPDATE documents SET status = @status, approved_by = @approvedBy, approved_at = @approvedAt, approval_remarks = @approvalRemarks, approver_data = @approverData, approver_name = @approverName, updated_at = GETDATE() WHERE id = @id
[2026-03-14T10:51:54.874Z] [Storage] Executing: UPDATE documents SET status = @status, approved_by = @approvedBy, issued_by = @issuedBy, decline_remarks = @declineRemarks, updated_at = GETDATE() WHERE id = @id
[2026-03-14T10:59:04.610Z] [Storage] Executing: UPDATE documents SET word_file_path = @wordFilePath, updated_at = GETDATE() WHERE id = @id
[2026-03-14T10:59:34.267Z] [Storage] Executing: UPDATE documents SET status = @status, approved_by = @approvedBy, approved_at = @approvedAt, approval_remarks = @approvalRemarks, approver_data = @approverData, approver_name = @approverName, updated_at = GETDATE() WHERE id = @id
[2026-03-14T11:00:34.834Z] [Storage] Executing: UPDATE documents SET doc_number = @docNumber, status = @status, issued_by = @issuedBy, issued_at = @issuedAt, issue_remarks = @issueRemarks, issuer_name = @issuerName, issuer_data = @issuerData, updated_at = GETDATE() WHERE id = @id
[2026-03-14T11:01:12.063Z] [Word View] Requesting document doc-1773485944569
[2026-03-14T11:01:12.102Z] [Word View] Primary path attempt: C:\inetpub\wwwroot\dms\dist\uploads\uploads\doc-1773485944569_1773485944607_NFDCL_F_MR_05_List of Document and Record.docx
[2026-03-14T11:01:12.104Z] [Word View] Primary path failed: ENOENT: no such file or directory, access 'C:\inetpub\wwwroot\dms\dist\uploads\uploads\doc-1773485944569_1773485944607_NFDCL_F_MR_05_List of Document and Record.docx'
[2026-03-14T11:01:12.105Z] [Word View] Trying fallback path: C:\inetpub\wwwroot\dms\dist\uploads\doc-1773485944569_1773485944607_NFDCL_F_MR_05_List of Document and Record.docx
[2026-03-14T11:01:12.106Z] [Word View] Successfully read file from fallback path, size: 43623 bytes
[2026-03-14T11:01:12.490Z] [Word View] Mammoth conversion complete, HTML length: 22560
[2026-03-15T06:27:44.574Z] [Storage] Executing: UPDATE documents SET word_file_path = @wordFilePath, updated_at = GETDATE() WHERE id = @id
[2026-03-15T14:34:37.991Z] [Storage] Executing: UPDATE documents SET status = @status, approved_by = @approvedBy, approved_at = @approvedAt, approval_remarks = @approvalRemarks, approver_data = @approverData, approver_name = @approverName, updated_at = GETDATE() WHERE id = @id
[2026-03-15T14:36:23.169Z] [Storage] Executing: UPDATE documents SET doc_number = @docNumber, status = @status, issued_by = @issuedBy, issued_at = @issuedAt, issue_remarks = @issueRemarks, issuer_name = @issuerName, issuer_data = @issuerData, updated_at = GETDATE() WHERE id = @id
[2026-03-15T14:42:23.461Z] [Storage] Executing: UPDATE documents SET word_file_path = @wordFilePath, updated_at = GETDATE() WHERE id = @id
[2026-03-15T14:42:23.465Z] [Storage] Executing: UPDATE documents SET word_file_path = @wordFilePath, updated_at = GETDATE() WHERE id = @id
[2026-03-15T15:05:05.430Z] [Word View] Requesting document doc-1773585743074
[2026-03-15T15:05:05.723Z] [Word View] Primary path attempt: C:\inetpub\wwwroot\dms\dist\uploads\uploads\doc-1773585743074_1773585743376_doc-1772692284950_1772692284978_s-102_demo.docx
[2026-03-15T15:05:05.726Z] [Word View] Primary path failed: ENOENT: no such file or directory, access 'C:\inetpub\wwwroot\dms\dist\uploads\uploads\doc-1773585743074_1773585743376_doc-1772692284950_1772692284978_s-102_demo.docx'
[2026-03-15T15:05:05.726Z] [Word View] Trying fallback path: C:\inetpub\wwwroot\dms\dist\uploads\doc-1773585743074_1773585743376_doc-1772692284950_1772692284978_s-102_demo.docx
[2026-03-15T15:05:05.731Z] [Word View] Successfully read file from fallback path, size: 723358 bytes
[2026-03-15T15:05:05.872Z] [Word View] Mammoth conversion complete, HTML length: 920477
[2026-03-15T15:45:30.479Z] [PDF Error] Document doc-1773313892868 (NFDCL/F/EHS/09): PDF generation failed completely: Could not find the body element: are you sure this is a docx file?
Error: PDF generation failed completely: Could not find the body element: are you sure this is a docx file?
    at PDFService.convertWordToPDFAlternative (file:///C:/inetpub/wwwroot/dms/dist/index.js:1191:13)
    at async PDFService.convertWordToPDF (file:///C:/inetpub/wwwroot/dms/dist/index.js:723:14)
    at async file:///C:/inetpub/wwwroot/dms/dist/index.js:2378:19
[2026-03-15T15:48:23.638Z] [PDF Error] Document doc-1773313892868 (NFDCL/F/EHS/09): PDF generation failed completely: Could not find the body element: are you sure this is a docx file?
Error: PDF generation failed completely: Could not find the body element: are you sure this is a docx file?
    at PDFService.convertWordToPDFAlternative (file:///C:/inetpub/wwwroot/dms/dist/index.js:1191:13)
    at async PDFService.convertWordToPDF (file:///C:/inetpub/wwwroot/dms/dist/index.js:723:14)
    at async file:///C:/inetpub/wwwroot/dms/dist/index.js:2378:19
[2026-03-15T15:49:30.890Z] [PDF Error] Document doc-1773313892868 (NFDCL/F/EHS/09): PDF generation failed completely: Could not find the body element: are you sure this is a docx file?
Error: PDF generation failed completely: Could not find the body element: are you sure this is a docx file?
    at PDFService.convertWordToPDFAlternative (file:///C:/inetpub/wwwroot/dms/dist/index.js:1191:13)
    at async PDFService.convertWordToPDF (file:///C:/inetpub/wwwroot/dms/dist/index.js:723:14)
    at async file:///C:/inetpub/wwwroot/dms/dist/index.js:2378:19
[2026-03-15T15:54:19.315Z] [PDF Error] Document doc-1773313975412 (NFDCL/F/EHS/12): PDF generation failed completely: Could not find the body element: are you sure this is a docx file?
Error: PDF generation failed completely: Could not find the body element: are you sure this is a docx file?
    at PDFService.convertWordToPDFAlternative (file:///C:/inetpub/wwwroot/dms/dist/index.js:1191:13)
    at async PDFService.convertWordToPDF (file:///C:/inetpub/wwwroot/dms/dist/index.js:723:14)
    at async file:///C:/inetpub/wwwroot/dms/dist/index.js:2378:19
[2026-03-15T15:55:46.256Z] [PDF Error] Document doc-1773313892868 (NFDCL/F/EHS/09): PDF generation failed completely: Could not find the body element: are you sure this is a docx file?
Error: PDF generation failed completely: Could not find the body element: are you sure this is a docx file?
    at PDFService.convertWordToPDFAlternative (file:///C:/inetpub/wwwroot/dms/dist/index.js:1191:13)
    at async PDFService.convertWordToPDF (file:///C:/inetpub/wwwroot/dms/dist/index.js:723:14)
    at async file:///C:/inetpub/wwwroot/dms/dist/index.js:2378:19
[2026-03-15T16:00:35.707Z] [PDF Error] Document doc-1773313892868 (NFDCL/F/EHS/09): PDF generation failed completely: Could not find the body element: are you sure this is a docx file?
Error: PDF generation failed completely: Could not find the body element: are you sure this is a docx file?
    at PDFService.convertWordToPDFAlternative (file:///C:/inetpub/wwwroot/dms/dist/index.js:1195:13)
    at async PDFService.convertWordToPDF (file:///C:/inetpub/wwwroot/dms/dist/index.js:723:14)
    at async file:///C:/inetpub/wwwroot/dms/dist/index.js:2382:19
[2026-03-15T16:00:52.265Z] [PDF Error] Document doc-1773313892868 (NFDCL/F/EHS/09): PDF generation failed completely: Could not find the body element: are you sure this is a docx file?
Error: PDF generation failed completely: Could not find the body element: are you sure this is a docx file?
    at PDFService.convertWordToPDFAlternative (file:///C:/inetpub/wwwroot/dms/dist/index.js:1195:13)
    at async PDFService.convertWordToPDF (file:///C:/inetpub/wwwroot/dms/dist/index.js:723:14)
    at async file:///C:/inetpub/wwwroot/dms/dist/index.js:2382:19
[2026-03-15T16:06:05.613Z] [PDF Error] Document doc-1773313892868 (NFDCL/F/EHS/09): PDF generation failed completely: Could not find the body element: are you sure this is a docx file?
Error: PDF generation failed completely: Could not find the body element: are you sure this is a docx file?
    at PDFService.convertWordToPDFAlternative (file:///C:/inetpub/wwwroot/dms/dist/index.js:1195:13)
    at async PDFService.convertWordToPDF (file:///C:/inetpub/wwwroot/dms/dist/index.js:723:14)
    at async file:///C:/inetpub/wwwroot/dms/dist/index.js:2382:19
[2026-03-16T05:44:48.248Z] --- SERVER RESTARTED - ROUTES REGISTERED v1.0.6 ---
[2026-03-16T05:47:19.441Z] [Download - 2i69h] New PDF download request for ID: doc-1773309759106 
[2026-03-16T05:47:19.455Z] [Download - 2i69h] Looking for file: C:\inetpub\wwwroot\dms\dist\uploads\doc-1773309759106_1773309759251_Revised 1. Control of Documents 01.10.2025.docx 
[2026-03-16T05:47:19.504Z] [Download - 2i69h] Starting conversion v2.1...
[2026-03-16T05:47:53.896Z] [Download - 2i69h]Success! Sending 21435 bytes
[2026-03-16T05:58:46.852Z] --- SERVER RESTARTED - ROUTES REGISTERED v1.0.6 ---
[2026-03-16T06:00:04.955Z] [Download - mpwynk] New PDF download request for ID: doc-1773309759106 
[2026-03-16T06:00:04.973Z] [Download - mpwynk] Looking for file: C:\inetpub\wwwroot\dms\dist\uploads\doc-1773309759106_1773309759251_Revised 1. Control of Documents 01.10.2025.docx 
[2026-03-16T06:00:05.022Z] [Download - mpwynk] Starting conversion v2.1...
[2026-03-16T06:00:08.611Z] [Download - mpwynk]Success! Sending 201352 bytes
[2026-03-16T06:04:45.665Z] [Download - rtoceo] New PDF download request for ID: doc-1773485944569 
[2026-03-16T06:04:45.755Z] [Download - rtoceo] Looking for file: C:\inetpub\wwwroot\dms\dist\uploads\doc-1773485944569_1773485944607_NFDCL_F_MR_05_List of Document and Record.docx 
[2026-03-16T06:04:45.781Z] [Download - rtoceo] Starting conversion v2.1...
[2026-03-16T06:04:49.606Z] [Download - rtoceo]Success! Sending 362477 bytes
[2026-03-16T07:21:32.635Z] [PDF Error] Document doc-1773313892868 (NFDCL/F/EHS/09): PDF generation failed completely: col0 is not defined
Error: PDF generation failed completely: col0 is not defined
    at PDFService.convertWordToPDFAlternative (file:///C:/inetpub/wwwroot/dms/dist/index.js:1280:13)
    at process.processTicksAndRejections (node:internal/process/task_queues:103:5)
    at async PDFService.convertWordToPDF (file:///C:/inetpub/wwwroot/dms/dist/index.js:748:14)
    at async file:///C:/inetpub/wwwroot/dms/dist/index.js:2502:19  
[2026-03-18T03:59:01.889Z] [Download - 5ydfm5] New PDF download request for ID: doc-1773310811092 
[2026-03-18T03:59:01.911Z] [Download - 5ydfm5] Looking for file: C:\inetpub\wwwroot\dms\dist\uploads\doc-1773310811092_1773311816511_EHS Internal Audit.docx 
[2026-03-18T03:59:01.947Z] [Download - 5ydfm5] Starting conversion v2.1...
[2026-03-18T03:59:07.546Z] [Download - 5ydfm5]Success! Sending 112497 bytes
[2026-03-18T04:03:26.349Z] [Storage] Executing: UPDATE documents SET word_file_path = @wordFilePath, updated_at = GETDATE() WHERE id = @id
[2026-03-18T04:04:37.732Z] [Storage] Executing: UPDATE documents SET status = @status, approved_by = @approvedBy, approved_at = @approvedAt, approval_remarks = @approvalRemarks, approver_data = @approverData, approver_name = @approverName, updated_at = GETDATE() WHERE id = @id
[2026-03-18T04:04:54.546Z] [Storage] Executing: UPDATE documents SET doc_number = @docNumber, status = @status, issued_by = @issuedBy, issued_at = @issuedAt, issue_remarks = @issueRemarks, issuer_name = @issuerName, issuer_data = @issuerData, updated_at = GETDATE() WHERE id = @id
[2026-03-18T04:04:54.568Z] [Storage] Executing: UPDATE documents SET status = @status, updated_at = GETDATE() WHERE id = @id
[2026-03-18T04:26:02.350Z] [PDF Error] Document doc-1773313892868 (NFDCL/F/EHS/09): PDF generation failed completely: col0 is not defined
Error: PDF generation failed completely: col0 is not defined
    at PDFService.convertWordToPDFAlternative (file:///C:/inetpub/wwwroot/dms/dist/index.js:1280:13)
    at process.processTicksAndRejections (node:internal/process/task_queues:103:5)
    at async PDFService.convertWordToPDF (file:///C:/inetpub/wwwroot/dms/dist/index.js:748:14)
    at async file:///C:/inetpub/wwwroot/dms/dist/index.js:2502:19  
[2026-03-18T04:26:10.908Z] [PDF Error] Document doc-1773313892868 (NFDCL/F/EHS/09): PDF generation failed completely: col0 is not defined
Error: PDF generation failed completely: col0 is not defined
    at PDFService.convertWordToPDFAlternative (file:///C:/inetpub/wwwroot/dms/dist/index.js:1280:13)
    at process.processTicksAndRejections (node:internal/process/task_queues:103:5)
    at async PDFService.convertWordToPDF (file:///C:/inetpub/wwwroot/dms/dist/index.js:748:14)
    at async file:///C:/inetpub/wwwroot/dms/dist/index.js:2502:19  
[2026-03-18T04:27:00.659Z] [PDF Error] Document doc-1773313975412 (NFDCL/F/EHS/12): PDF generation failed completely: col0 is not defined
Error: PDF generation failed completely: col0 is not defined
    at PDFService.convertWordToPDFAlternative (file:///C:/inetpub/wwwroot/dms/dist/index.js:1280:13)
    at process.processTicksAndRejections (node:internal/process/task_queues:103:5)
    at async PDFService.convertWordToPDF (file:///C:/inetpub/wwwroot/dms/dist/index.js:748:14)
    at async file:///C:/inetpub/wwwroot/dms/dist/index.js:2502:19  
[2026-03-18T04:27:04.257Z] [PDF Error] Document doc-1773313892868 (NFDCL/F/EHS/09): PDF generation failed completely: col0 is not defined
Error: PDF generation failed completely: col0 is not defined
    at PDFService.convertWordToPDFAlternative (file:///C:/inetpub/wwwroot/dms/dist/index.js:1280:13)
    at process.processTicksAndRejections (node:internal/process/task_queues:103:5)
    at async PDFService.convertWordToPDF (file:///C:/inetpub/wwwroot/dms/dist/index.js:748:14)
    at async file:///C:/inetpub/wwwroot/dms/dist/index.js:2502:19  
[2026-03-18T04:29:05.833Z] [Storage] Executing: UPDATE documents SET word_file_path = @wordFilePath, updated_at = GETDATE() WHERE id = @id
[2026-03-18T04:30:03.459Z] [Storage] Executing: UPDATE documents SET status = @status, approved_by = @approvedBy, approved_at = @approvedAt, approval_remarks = @approvalRemarks, approver_data = @approverData, approver_name = @approverName, updated_at = GETDATE() WHERE id = @id
[2026-03-18T04:30:38.639Z] [Storage] Executing: UPDATE documents SET doc_number = @docNumber, status = @status, issued_by = @issuedBy, issued_at = @issuedAt, issue_remarks = @issueRemarks, issuer_name = @issuerName, issuer_data = @issuerData, updated_at = GETDATE() WHERE id = @id
[2026-03-18T04:30:38.659Z] [Storage] Executing: UPDATE documents SET status = @status, updated_at = GETDATE() WHERE id = @id
[2026-03-18T04:41:22.463Z] [Storage] Executing: UPDATE documents SET word_file_path = @wordFilePath, updated_at = GETDATE() WHERE id = @id
[2026-03-18T04:41:33.983Z] [Word View] Requesting document doc-1773808882418
[2026-03-18T04:41:33.991Z] [Word View] Primary path attempt: C:\inetpub\wwwroot\dms\dist\uploads\uploads\doc-1773808882418_1773808882455_doc-1772700471093_1772700471126_prepare a prototype.docx
[2026-03-18T04:41:33.993Z] [Word View] Primary path failed: ENOENT: no such file or directory, access 'C:\inetpub\wwwroot\dms\dist\uploads\uploads\doc-1773808882418_1773808882455_doc-1772700471093_1772700471126_prepare a prototype.docx'
[2026-03-18T04:41:33.993Z] [Word View] Trying fallback path: C:\inetpub\wwwroot\dms\dist\uploads\doc-1773808882418_1773808882455_doc-1772700471093_1772700471126_prepare a prototype.docx
[2026-03-18T04:41:33.995Z] [Word View] Successfully read file from fallback path, size: 723358 bytes
[2026-03-18T04:41:33.996Z] [Word View] Processing .docx file for document doc-1773808882418.
[2026-03-18T04:41:34.325Z] [Word View] Mammoth conversion complete, HTML length: 920477 
[2026-03-18T05:42:14.060Z] [Storage] Executing: UPDATE documents SET word_file_path = @wordFilePath, updated_at = GETDATE() WHERE id = @id
[2026-03-18T05:42:56.911Z] [Storage] Executing: UPDATE documents SET status = @status, approved_by = @approvedBy, approved_at = @approvedAt, approval_remarks = @approvalRemarks, approver_data = @approverData, approver_name = @approverName, updated_at = GETDATE() WHERE id = @id
[2026-03-18T05:44:21.999Z] [Word View] Requesting document doc-1773812533752
[2026-03-18T05:44:22.154Z] [Word View] Primary path attempt: C:\inetpub\wwwroot\dms\dist\uploads\uploads\doc-1773812533752_1773812534044_Revised 1. Control of Documents 01.10.2025.docx
[2026-03-18T05:44:22.159Z] [Word View] Primary path failed: ENOENT: no such file or directory, access 'C:\inetpub\wwwroot\dms\dist\uploads\uploads\doc-1773812533752_1773812534044_Revised 1. Control of Documents 01.10.2025.docx'
[2026-03-18T05:44:22.159Z] [Word View] Trying fallback path: C:\inetpub\wwwroot\dms\dist\uploads\doc-1773812533752_1773812534044_Revised 1. Control of Documents 01.10.2025.docx
[2026-03-18T05:44:22.161Z] [Word View] Successfully read file from fallback path, size: 50220 bytes
[2026-03-18T05:44:22.161Z] [Word View] Processing .docx file for document doc-1773812533752.
[2026-03-18T05:44:22.825Z] [Word View] Mammoth conversion complete, HTML length: 19182 
[2026-03-18T05:45:26.394Z] [Storage] Executing: UPDATE documents SET doc_number = @docNumber, status = @status, issued_by = @issuedBy, issued_at = @issuedAt, issue_remarks = @issueRemarks, issuer_name = @issuerName, issuer_data = @issuerData, updated_at = GETDATE() WHERE id = @id
[2026-03-18T05:46:19.809Z] [Download - g1lcu] New PDF download request for ID: doc-1773812533752 
[2026-03-18T05:46:19.823Z] [Download - g1lcu] Looking for file: C:\inetpub\wwwroot\dms\dist\uploads\doc-1773812533752_1773812534044_Revised 1. Control of Documents 01.10.2025.docx 
[2026-03-18T05:46:19.858Z] [Download - g1lcu] Starting conversion v2.1...
[2026-03-18T05:46:26.034Z] [Download - g1lcu]Success! Sending 201439 bytes
[2026-03-18T05:49:38.488Z] [Word View] Requesting document doc-1773808882418
[2026-03-18T05:49:38.499Z] [Word View] Primary path attempt: C:\inetpub\wwwroot\dms\dist\uploads\uploads\doc-1773808882418_1773808882455_doc-1772700471093_1772700471126_prepare a prototype.docx
[2026-03-18T05:49:38.503Z] [Word View] Primary path failed: ENOENT: no such file or directory, access 'C:\inetpub\wwwroot\dms\dist\uploads\uploads\doc-1773808882418_1773808882455_doc-1772700471093_1772700471126_prepare a prototype.docx'
[2026-03-18T05:49:38.504Z] [Word View] Trying fallback path: C:\inetpub\wwwroot\dms\dist\uploads\doc-1773808882418_1773808882455_doc-1772700471093_1772700471126_prepare a prototype.docx
[2026-03-18T05:49:38.530Z] [Word View] Successfully read file from fallback path, size: 723358 bytes
[2026-03-18T05:49:38.531Z] [Word View] Processing .docx file for document doc-1773808882418.
[2026-03-18T05:49:38.817Z] [Word View] Mammoth conversion complete, HTML length: 920477 
[2026-03-18T05:54:10.170Z] [Storage] Executing: UPDATE documents SET word_file_path = @wordFilePath, updated_at = GETDATE() WHERE id = @id
[2026-03-18T06:00:20.288Z] [Storage] Executing: UPDATE documents SET status = @status, approved_by = @approvedBy, approved_at = @approvedAt, approval_remarks = @approvalRemarks, approver_data = @approverData, approver_name = @approverName, updated_at = GETDATE() WHERE id = @id
[2026-03-18T06:01:12.392Z] [Storage] Executing: UPDATE documents SET doc_number = @docNumber, status = @status, issued_by = @issuedBy, issued_at = @issuedAt, issue_remarks = @issueRemarks, issuer_name = @issuerName, issuer_data = @issuerData, updated_at = GETDATE() WHERE id = @id
[2026-03-18T06:01:12.415Z] [Storage] Executing: UPDATE documents SET status = @status, updated_at = GETDATE() WHERE id = @id
[2026-03-18T06:02:39.934Z] [Download - 2rjjx2] New PDF download request for ID: doc-1773813250111 
[2026-03-18T06:02:40.115Z] [Download - 2rjjx2] Looking for file: C:\inetpub\wwwroot\dms\dist\uploads\doc-1773813250111_1773813250163_Revised 1. Control of Documents 01.10.2025.docx 
[2026-03-18T06:02:40.157Z] [Download - 2rjjx2] Starting conversion v2.1...
[2026-03-18T06:02:44.143Z] [Download - 2rjjx2]Success! Sending 201385 bytes
[2026-03-18T06:18:10.649Z] [Storage] Executing: UPDATE documents SET word_file_path = @wordFilePath, updated_at = GETDATE() WHERE id = @id
[2026-03-18T06:18:59.967Z] [Storage] Executing: UPDATE documents SET status = @status, approved_by = @approvedBy, approved_at = @approvedAt, approval_remarks = @approvalRemarks, approver_data = @approverData, approver_name = @approverName, updated_at = GETDATE() WHERE id = @id
[2026-03-18T06:19:18.862Z] [Storage] Executing: UPDATE documents SET doc_number = @docNumber, status = @status, issued_by = @issuedBy, issued_at = @issuedAt, issue_remarks = @issueRemarks, issuer_name = @issuerName, issuer_data = @issuerData, updated_at = GETDATE() WHERE id = @id
[2026-03-18T06:19:52.409Z] [Download - 80etk7] New PDF download request for ID: doc-1773814690615 
[2026-03-18T06:19:52.418Z] [Download - 80etk7] Looking for file: C:\inetpub\wwwroot\dms\dist\uploads\doc-1773814690615_1773814690642_Check list for Glass items and Acrylic sheets P-11.docx 
[2026-03-18T06:19:52.443Z] [Download - 80etk7] Starting conversion v2.1...
[2026-03-18T06:19:57.336Z] [Download - 80etk7]Success! Sending 119208 bytes
[2026-03-18T06:23:01.652Z] [Storage] Executing: UPDATE documents SET word_file_path = @wordFilePath, updated_at = GETDATE() WHERE id = @id
[2026-03-18T06:23:45.972Z] [Storage] Executing: UPDATE documents SET status = @status, approved_by = @approvedBy, approved_at = @approvedAt, approval_remarks = @approvalRemarks, approver_data = @approverData, approver_name = @approverName, updated_at = GETDATE() WHERE id = @id
[2026-03-18T06:24:00.695Z] [Storage] Executing: UPDATE documents SET doc_number = @docNumber, status = @status, issued_by = @issuedBy, issued_at = @issuedAt, issue_remarks = @issueRemarks, issuer_name = @issuerName, issuer_data = @issuerData, updated_at = GETDATE() WHERE id = @id
[2026-03-18T06:24:00.717Z] [Storage] Executing: UPDATE documents SET status = @status, updated_at = GETDATE() WHERE id = @id
[2026-03-18T06:38:21.377Z] [Download - 12vhx] New PDF download request for ID: doc-1773814981625 
[2026-03-18T06:38:21.388Z] [Download - 12vhx] Looking for file: C:\inetpub\wwwroot\dms\dist\uploads\doc-1773814981625_1773814981648_Check list for Glass items and Acrylic sheets P-11.docx 
[2026-03-18T06:38:21.412Z] [Download - 12vhx] Starting conversion v2.1...
[2026-03-18T06:38:24.052Z] [Download - 12vhx]Success! Sending 119218 bytes
[2026-03-18T08:24:20.186Z] [RevisionActivities] Starting grouped revision activities query
[2026-03-18T08:25:20.928Z] [RevisionActivities] Starting grouped revision activities query
[2026-03-18T08:33:23.923Z] [RevisionActivities] Starting grouped revision activities query
[2026-03-18T08:38:20.209Z] [RevisionActivities] Starting grouped revision activities query
[2026-03-18T08:39:31.898Z] [RevisionActivities] Starting grouped revision activities query
[2026-03-18T08:40:02.801Z] [RevisionActivities] Starting grouped revision activities query
[2026-03-18T08:42:03.094Z] [RevisionActivities] Starting grouped revision activities query
[2026-03-18T08:42:06.120Z] [RevisionActivities] Starting grouped revision activities query
[2026-03-18T08:45:15.188Z] --- SERVER RESTARTED - ROUTES REGISTERED v1.0.6 ---
[2026-03-18T08:52:18.409Z] [RevisionActivities] Starting grouped revision activities query
[2026-03-18T08:56:22.745Z] [RevisionActivities] Starting grouped revision activities query
[2026-03-18T08:56:26.248Z] [RevisionActivities] Starting grouped revision activities query
[2026-03-18T08:56:57.636Z] [RevisionActivities] Starting grouped revision activities query
[2026-03-18T08:57:28.459Z] [RevisionActivities] Starting grouped revision activities query
[2026-03-18T08:57:36.264Z] [Storage] Executing: UPDATE documents SET word_file_path = @wordFilePath, updated_at = GETDATE() WHERE id = @id
[2026-03-18T08:57:58.532Z] [RevisionActivities] Starting grouped revision activities query
[2026-03-18T08:58:58.795Z] [RevisionActivities] Starting grouped revision activities query
[2026-03-18T08:59:28.908Z] [RevisionActivities] Starting grouped revision activities query
[2026-03-18T08:59:58.977Z] [RevisionActivities] Starting grouped revision activities query
[2026-03-18T09:07:00.901Z] [Storage] Executing: UPDATE documents SET word_file_path = @wordFilePath, updated_at = GETDATE() WHERE id = @id
[2026-03-18T09:07:08.819Z] [RevisionActivities] Starting grouped revision activities query
[2026-03-18T09:07:15.847Z] [RevisionActivities] Starting grouped revision activities query
[2026-03-18T09:15:40.651Z] --- SERVER RESTARTED - ROUTES REGISTERED v1.0.6 ---
[2026-03-18T09:16:50.275Z] [RevisionActivities] Starting grouped revision activities query
[2026-03-18T09:18:57.820Z] [Storage] Executing: UPDATE documents SET word_file_path = @wordFilePath, updated_at = GETDATE() WHERE id = @id
[2026-03-18T09:19:40.111Z] [Storage] Executing: UPDATE documents SET word_file_path = @wordFilePath, updated_at = GETDATE() WHERE id = @id
[2026-03-18T09:20:51.483Z] [RevisionActivities] Starting grouped revision activities query
[2026-03-18T09:21:21.638Z] [RevisionActivities] Starting grouped revision activities query
[2026-03-18T09:21:51.711Z] [RevisionActivities] Starting grouped revision activities query
[2026-03-18T09:22:21.795Z] [RevisionActivities] Starting grouped revision activities query
[2026-03-18T09:22:52.045Z] [RevisionActivities] Starting grouped revision activities query
[2026-03-18T09:23:22.287Z] [RevisionActivities] Starting grouped revision activities query
[2026-03-18T09:23:52.406Z] [RevisionActivities] Starting grouped revision activities query
[2026-03-18T09:24:22.511Z] [RevisionActivities] Starting grouped revision activities query
[2026-03-18T09:24:52.781Z] [RevisionActivities] Starting grouped revision activities query
[2026-03-18T09:25:22.925Z] [RevisionActivities] Starting grouped revision activities query
[2026-03-18T09:25:53.008Z] [RevisionActivities] Starting grouped revision activities query
[2026-03-18T09:26:23.520Z] [RevisionActivities] Starting grouped revision activities query
[2026-03-18T09:26:56.464Z] [RevisionActivities] Starting grouped revision activities query
[2026-03-18T09:27:26.829Z] [RevisionActivities] Starting grouped revision activities query
[2026-03-18T09:27:57.028Z] [RevisionActivities] Starting grouped revision activities query
[2026-03-18T09:28:27.279Z] [RevisionActivities] Starting grouped revision activities query
[2026-03-18T09:33:18.052Z] --- SERVER RESTARTED - ROUTES REGISTERED v1.0.6 ---
[2026-03-18T09:34:39.770Z] [RevisionActivities] Starting grouped revision activities query
[2026-03-18T09:35:51.983Z] [Storage] Executing: UPDATE documents SET word_file_path = @wordFilePath, updated_at = GETDATE() WHERE id = @id
[2026-03-18T09:38:31.645Z] [RevisionActivities] Starting grouped revision activities query
[2026-03-18T09:48:09.527Z] --- SERVER RESTARTED - ROUTES REGISTERED v1.0.6 ---
[2026-03-18T09:49:16.818Z] --- SERVER RESTARTED - ROUTES REGISTERED v1.0.6 ---
[2026-03-18T09:49:18.253Z] [RevisionActivities] Starting grouped revision activities query
[2026-03-18T09:58:01.236Z] --- SERVER RESTARTED - ROUTES REGISTERED v1.0.6 ---
[2026-03-18T10:02:34.230Z] --- SERVER RESTARTED - ROUTES REGISTERED v1.0.6 ---
[2026-03-18T10:04:19.133Z] [Word View] Requesting document doc-1773826551853
[2026-03-18T10:04:19.150Z] [Word View] Primary path attempt: C:\inetpub\wwwroot\dms\dist\uploads\uploads\doc-1773826551853_1773826551972_s-102_demo.docx
[2026-03-18T10:04:19.151Z] [Word View] Primary path failed: ENOENT: no such file or directory, access 'C:\inetpub\wwwroot\dms\dist\uploads\uploads\doc-1773826551853_1773826551972_s-102_demo.docx'
[2026-03-18T10:04:19.151Z] [Word View] Trying fallback path: C:\inetpub\wwwroot\dms\dist\uploads\doc-1773826551853_1773826551972_s-102_demo.docx
[2026-03-18T10:04:19.161Z] [Word View] Successfully read file from fallback path, size: 723358 bytes
[2026-03-18T10:04:19.161Z] [Word View] Processing .docx file for document doc-1773826551853.
[2026-03-18T10:04:19.451Z] [Word View] Mammoth conversion complete, HTML length: 920477 
[2026-03-18T10:04:29.845Z] [Storage] Executing: UPDATE documents SET status = @status, approved_by = @approvedBy, approved_at = @approvedAt, approval_remarks = @approvalRemarks, approver_data = @approverData, approver_name = @approverName, updated_at = GETDATE() WHERE id = @id
[2026-03-18T10:05:04.690Z] [Storage] Executing: UPDATE documents SET doc_number = @docNumber, status = @status, issued_by = @issuedBy, issued_at = @issuedAt, issue_remarks = @issueRemarks, issuer_name = @issuerName, issuer_data = @issuerData, updated_at = GETDATE() WHERE id = @id
[2026-03-18T10:16:05.052Z] --- SERVER RESTARTED - ROUTES REGISTERED v1.0.6 ---
[2026-03-18T10:23:55.977Z] --- SERVER RESTARTED - ROUTES REGISTERED v1.0.6 ---
[2026-03-18T10:25:50.845Z] --- SERVER RESTARTED - ROUTES REGISTERED v1.0.6 ---
[2026-03-18T10:31:42.962Z] --- SERVER RESTARTED - ROUTES REGISTERED v1.0.6 ---
[2026-03-18T10:37:05.199Z] --- SERVER RESTARTED - ROUTES REGISTERED v1.0.6 ---
[2026-03-18T10:46:14.825Z] --- SERVER RESTARTED - ROUTES REGISTERED v1.0.6 ---
[2026-03-18T10:58:18.601Z] --- SERVER RESTARTED - ROUTES REGISTERED v1.0.6 ---
[2026-03-18T11:06:54.995Z] --- SERVER RESTARTED - ROUTES REGISTERED v1.0.6 ---
[2026-03-18T11:12:19.424Z] --- SERVER RESTARTED - ROUTES REGISTERED v1.0.6 ---
[2026-03-18T11:16:39.061Z] [RevisionActivities] Starting grouped revision activities query
[2026-03-18T11:17:57.669Z] [RevisionActivities] Starting grouped revision activities query
[2026-03-18T11:21:29.315Z] --- SERVER RESTARTED - ROUTES REGISTERED v1.0.6 ---
[2026-03-18T11:23:25.932Z] [Storage] Executing: UPDATE documents SET word_file_path = @wordFilePath, updated_at = GETDATE() WHERE id = @id
[2026-03-18T11:24:31.027Z] [Storage] Executing: UPDATE documents SET status = @status, approved_by = @approvedBy, approved_at = @approvedAt, approval_remarks = @approvalRemarks, approver_data = @approverData, approver_name = @approverName, updated_at = GETDATE() WHERE id = @id
[2026-03-18T11:24:57.214Z] [Storage] Executing: UPDATE documents SET doc_number = @docNumber, status = @status, issued_by = @issuedBy, issued_at = @issuedAt, issue_remarks = @issueRemarks, issuer_name = @issuerName, issuer_data = @issuerData, updated_at = GETDATE() WHERE id = @id
[2026-03-18T11:24:57.267Z] [Storage] Executing: UPDATE documents SET status = @status, updated_at = GETDATE() WHERE id = @id
[2026-03-18T11:33:35.758Z] --- SERVER RESTARTED - ROUTES REGISTERED v1.0.6 ---
[2026-03-18T11:34:59.599Z] --- SERVER RESTARTED - ROUTES REGISTERED v1.0.6 ---
[2026-03-18T11:37:05.364Z] [Download - lie7q] New PDF download request for ID: doc-1773833005619 
[2026-03-18T11:37:05.376Z] [Download - lie7q] Looking for file: C:\inetpub\wwwroot\dms\dist\uploads\doc-1773833005619_1773833005910_Check list for Glass items and Acrylic sheets P-11.docx 
[2026-03-18T11:37:05.403Z] [Download - lie7q] Starting conversion v2.1...
[2026-03-18T11:37:09.394Z] [Download - lie7q]Success! Sending 183602 bytes
[2026-03-18T11:42:34.771Z] --- SERVER RESTARTED - ROUTES REGISTERED v1.0.6 ---
[2026-03-18T11:46:13.350Z] --- SERVER RESTARTED - ROUTES REGISTERED v1.0.6 ---
[2026-03-18T11:50:08.147Z] --- SERVER RESTARTED - ROUTES REGISTERED v1.0.6 ---
[2026-03-18T11:56:40.954Z] --- SERVER RESTARTED - ROUTES REGISTERED v1.0.6 ---
[2026-03-18T12:00:48.422Z] --- SERVER RESTARTED - ROUTES REGISTERED v1.0.6 ---
[2026-03-18T12:03:08.599Z] --- SERVER RESTARTED - ROUTES REGISTERED v1.0.6 ---
[2026-03-18T12:05:42.074Z] --- SERVER RESTARTED - ROUTES REGISTERED v1.0.6 ---
[2026-03-18T16:50:46.511Z] [Download - 0f265a] New PDF download request for ID: doc-1773813250111 
[2026-03-18T16:50:46.613Z] [Download - 0f265a] Looking for file: C:\inetpub\wwwroot\dms\dist\uploads\doc-1773813250111_1773813250163_Revised 1. Control of Documents 01.10.2025.docx 
[2026-03-18T16:50:47.557Z] [Download - 0f265a] Starting conversion v2.1...
[2026-03-18T16:50:52.296Z] [Download - 0f265a]Success! Sending 265269 bytes
[2026-03-19T04:06:11.263Z] [Storage] Executing: UPDATE documents SET word_file_path = @wordFilePath, updated_at = GETDATE() WHERE id = @id
[2026-03-19T04:06:25.583Z] [Storage] Executing: UPDATE documents SET status = @status, approved_by = @approvedBy, approved_at = @approvedAt, approval_remarks = @approvalRemarks, approver_data = @approverData, approver_name = @approverName, updated_at = GETDATE() WHERE id = @id
[2026-03-19T04:06:39.413Z] [Storage] Executing: UPDATE documents SET status = @status, approved_by = @approvedBy, issued_by = @issuedBy, decline_remarks = @declineRemarks, updated_at = GETDATE() WHERE id = @id
[2026-03-19T04:08:13.519Z] [Update] Status check: current=declined, original=declined
[2026-03-19T04:08:13.522Z] [Update] Resubmitting declined document doc-1773893171145. Resetting to pending.
[2026-03-19T04:08:13.528Z] [Update] Final updateData keys for doc-1773893171145: updatedAt, status, declineRemarks, approvalRemarks, approvedBy, issuedBy, approvedAt, issuedAt, docName, docNumber, dateOfIssue, revisionNo, duePeriodYears, reasonForRevision, location, preparerName, dateOfRev, reviewDueDate, wordFilePath
[2026-03-19T04:08:13.529Z] [Update] Final updateData values: {"updatedAt":"2026-03-19T04:08:13.519Z","status":"pending","declineRemarks":null,"approvalRemarks":null,"approvedBy":null,"issuedBy":null,"approvedAt":null,"issuedAt":null,"docName":"Daily verification Checklist Unit 1","docNumber":"NFDCL/F/PROD/01","dateOfIssue":"2026-03-19T00:00:00.000Z","revisionNo":0,"duePeriodYears":3,"reasonForRevision":"new ","location":"Unit 1","preparerName":"Priyanka K","dateOfRev":null,"reviewDueDate":"2029-03-18T00:00:00.000Z","wordFilePath":"uploads/doc-1773893171145_1773893293525_Check list for Glass items and Acrylic sheets P-11.docx"}
[2026-03-19T04:08:13.538Z] [Storage] Executing: UPDATE documents SET doc_name = @docName, doc_number = @docNumber, status = @status, date_of_issue = @dateOfIssue, revision_no = @revisionNo, approved_by = @approvedBy, issued_by = @issuedBy, due_period_years = @duePeriodYears, reason_for_revision = @reasonForRevision, review_due_date = @reviewDueDate, approved_at = @approvedAt, issued_at = @issuedAt, approval_remarks = @approvalRemarks, decline_remarks = @declineRemarks, word_file_path = @wordFilePath, preparer_name = @preparerName, location = @location, date_of_rev = @dateOfRev, updated_at = GETDATE() WHERE id = @id
[2026-03-19T04:08:34.004Z] [Storage] Executing: UPDATE documents SET status = @status, approved_by = @approvedBy, approved_at = @approvedAt, approval_remarks = @approvalRemarks, approver_data = @approverData, approver_name = @approverName, updated_at = GETDATE() WHERE id = @id
[2026-03-19T04:09:12.103Z] [Storage] Executing: UPDATE documents SET status = @status, approved_by = @approvedBy, approved_at = @approvedAt, approval_remarks = @approvalRemarks, approver_data = @approverData, approver_name = @approverName, updated_at = GETDATE() WHERE id = @id
[2026-03-19T04:09:39.162Z] [Storage] Executing: UPDATE documents SET doc_number = @docNumber, status = @status, issued_by = @issuedBy, issued_at = @issuedAt, issue_remarks = @issueRemarks, issuer_name = @issuerName, issuer_data = @issuerData, updated_at = GETDATE() WHERE id = @id
[2026-03-19T04:09:39.245Z] [Storage] Executing: UPDATE documents SET status = @status, updated_at = GETDATE() WHERE id = @id
[2026-03-19T04:09:56.235Z] [Storage] Executing: UPDATE documents SET doc_number = @docNumber, status = @status, issued_by = @issuedBy, issued_at = @issuedAt, issue_remarks = @issueRemarks, issuer_name = @issuerName, issuer_data = @issuerData, updated_at = GETDATE() WHERE id = @id
[2026-03-20T04:27:30.477Z] --- SERVER RESTARTED - ROUTES REGISTERED v1.0.6 ---
[2026-03-20T04:27:37.861Z] --- SERVER RESTARTED - ROUTES REGISTERED v1.0.6 ---
[2026-03-20T04:28:10.401Z] --- SERVER RESTARTED - ROUTES REGISTERED v1.0.6 ---
[2026-03-20T04:28:40.441Z] --- SERVER RESTARTED - ROUTES REGISTERED v1.0.6 ---
[2026-03-20T04:29:05.513Z] --- SERVER RESTARTED - ROUTES REGISTERED v1.0.6 ---
[2026-03-20T04:29:16.870Z] --- SERVER RESTARTED - ROUTES REGISTERED v1.0.6 ---
[2026-03-20T04:29:29.750Z] --- SERVER RESTARTED - ROUTES REGISTERED v1.0.6 ---
[2026-03-20T04:30:11.597Z] --- SERVER RESTARTED - ROUTES REGISTERED v1.0.6 ---
[2026-03-20T04:30:55.210Z] --- SERVER RESTARTED - ROUTES REGISTERED v1.0.6 ---
[2026-03-20T04:31:02.771Z] --- SERVER RESTARTED - ROUTES REGISTERED v1.0.6 ---
[2026-03-20T04:31:12.177Z] --- SERVER RESTARTED - ROUTES REGISTERED v1.0.6 ---
[2026-03-20T04:31:20.901Z] --- SERVER RESTARTED - ROUTES REGISTERED v1.0.6 ---
[2026-03-20T04:31:31.784Z] --- SERVER RESTARTED - ROUTES REGISTERED v1.0.6 ---
[2026-03-20T04:31:38.454Z] --- SERVER RESTARTED - ROUTES REGISTERED v1.0.6 ---
[2026-03-20T04:31:54.058Z] --- SERVER RESTARTED - ROUTES REGISTERED v1.0.6 ---
[2026-03-20T04:32:00.795Z] --- SERVER RESTARTED - ROUTES REGISTERED v1.0.6 ---
[2026-03-20T04:32:09.396Z] --- SERVER RESTARTED - ROUTES REGISTERED v1.0.6 ---
[2026-03-20T04:32:15.841Z] --- SERVER RESTARTED - ROUTES REGISTERED v1.0.6 ---
[2026-03-20T04:32:21.549Z] --- SERVER RESTARTED - ROUTES REGISTERED v1.0.6 ---
[2026-03-20T04:32:28.642Z] --- SERVER RESTARTED - ROUTES REGISTERED v1.0.6 ---
[2026-03-20T04:32:34.892Z] --- SERVER RESTARTED - ROUTES REGISTERED v1.0.6 ---
[2026-03-20T04:32:41.695Z] --- SERVER RESTARTED - ROUTES REGISTERED v1.0.6 ---
[2026-03-20T04:32:54.548Z] --- SERVER RESTARTED - ROUTES REGISTERED v1.0.6 ---
[2026-03-20T04:33:01.531Z] --- SERVER RESTARTED - ROUTES REGISTERED v1.0.6 ---
[2026-03-20T04:33:06.854Z] --- SERVER RESTARTED - ROUTES REGISTERED v1.0.6 ---
[2026-03-20T04:33:12.237Z] --- SERVER RESTARTED - ROUTES REGISTERED v1.0.6 ---
[2026-03-20T04:33:17.211Z] --- SERVER RESTARTED - ROUTES REGISTERED v1.0.6 ---
[2026-03-20T04:33:22.579Z] --- SERVER RESTARTED - ROUTES REGISTERED v1.0.6 ---
[2026-03-20T04:33:27.415Z] --- SERVER RESTARTED - ROUTES REGISTERED v1.0.6 ---
[2026-03-20T04:33:32.565Z] --- SERVER RESTARTED - ROUTES REGISTERED v1.0.6 ---
[2026-03-20T04:33:36.975Z] --- SERVER RESTARTED - ROUTES REGISTERED v1.0.6 ---
[2026-03-20T04:33:41.480Z] --- SERVER RESTARTED - ROUTES REGISTERED v1.0.6 ---
[2026-03-20T04:33:52.872Z] --- SERVER RESTARTED - ROUTES REGISTERED v1.0.6 ---
[2026-03-20T04:33:58.113Z] --- SERVER RESTARTED - ROUTES REGISTERED v1.0.6 ---
[2026-03-20T04:34:02.712Z] --- SERVER RESTARTED - ROUTES REGISTERED v1.0.6 ---
[2026-03-20T04:34:08.515Z] --- SERVER RESTARTED - ROUTES REGISTERED v1.0.6 ---
[2026-03-20T04:34:14.435Z] --- SERVER RESTARTED - ROUTES REGISTERED v1.0.6 ---
[2026-03-20T04:34:20.140Z] --- SERVER RESTARTED - ROUTES REGISTERED v1.0.6 ---
[2026-03-20T04:34:25.759Z] --- SERVER RESTARTED - ROUTES REGISTERED v1.0.6 ---
[2026-03-20T04:34:31.243Z] --- SERVER RESTARTED - ROUTES REGISTERED v1.0.6 ---
[2026-03-20T04:34:36.703Z] --- SERVER RESTARTED - ROUTES REGISTERED v1.0.6 ---
[2026-03-20T04:34:48.743Z] --- SERVER RESTARTED - ROUTES REGISTERED v1.0.6 ---
[2026-03-20T04:34:54.608Z] --- SERVER RESTARTED - ROUTES REGISTERED v1.0.6 ---
[2026-03-20T04:35:00.257Z] --- SERVER RESTARTED - ROUTES REGISTERED v1.0.6 ---
[2026-03-20T04:35:05.463Z] --- SERVER RESTARTED - ROUTES REGISTERED v1.0.6 ---
[2026-03-20T04:35:10.437Z] --- SERVER RESTARTED - ROUTES REGISTERED v1.0.6 ---
[2026-03-20T04:35:15.558Z] --- SERVER RESTARTED - ROUTES REGISTERED v1.0.6 ---
[2026-03-20T04:35:20.727Z] --- SERVER RESTARTED - ROUTES REGISTERED v1.0.6 ---
[2026-03-20T04:35:27.470Z] --- SERVER RESTARTED - ROUTES REGISTERED v1.0.6 ---
[2026-03-20T04:35:32.848Z] --- SERVER RESTARTED - ROUTES REGISTERED v1.0.6 ---
[2026-03-20T04:35:38.015Z] --- SERVER RESTARTED - ROUTES REGISTERED v1.0.6 ---
[2026-03-20T04:35:49.886Z] --- SERVER RESTARTED - ROUTES REGISTERED v1.0.6 ---
[2026-03-20T04:35:55.598Z] --- SERVER RESTARTED - ROUTES REGISTERED v1.0.6 ---
[2026-03-20T04:36:00.723Z] --- SERVER RESTARTED - ROUTES REGISTERED v1.0.6 ---
[2026-03-20T04:36:05.561Z] --- SERVER RESTARTED - ROUTES REGISTERED v1.0.6 ---
[2026-03-20T04:36:10.717Z] --- SERVER RESTARTED - ROUTES REGISTERED v1.0.6 ---
[2026-03-20T04:36:16.659Z] --- SERVER RESTARTED - ROUTES REGISTERED v1.0.6 ---
[2026-03-20T04:36:21.798Z] --- SERVER RESTARTED - ROUTES REGISTERED v1.0.6 ---
[2026-03-20T04:36:27.761Z] --- SERVER RESTARTED - ROUTES REGISTERED v1.0.6 ---
[2026-03-20T04:36:33.074Z] --- SERVER RESTARTED - ROUTES REGISTERED v1.0.6 ---
[2026-03-20T04:36:38.072Z] --- SERVER RESTARTED - ROUTES REGISTERED v1.0.6 ---
[2026-03-20T04:36:49.125Z] --- SERVER RESTARTED - ROUTES REGISTERED v1.0.6 ---
[2026-03-20T04:36:53.760Z] --- SERVER RESTARTED - ROUTES REGISTERED v1.0.6 ---
[2026-03-20T04:36:59.221Z] --- SERVER RESTARTED - ROUTES REGISTERED v1.0.6 ---
[2026-03-20T04:37:04.477Z] --- SERVER RESTARTED - ROUTES REGISTERED v1.0.6 ---
[2026-03-20T04:37:09.585Z] --- SERVER RESTARTED - ROUTES REGISTERED v1.0.6 ---
[2026-03-20T04:37:14.823Z] --- SERVER RESTARTED - ROUTES REGISTERED v1.0.6 ---
[2026-03-20T04:37:19.598Z] --- SERVER RESTARTED - ROUTES REGISTERED v1.0.6 ---
[2026-03-20T04:37:24.828Z] --- SERVER RESTARTED - ROUTES REGISTERED v1.0.6 ---
[2026-03-20T04:37:29.760Z] --- SERVER RESTARTED - ROUTES REGISTERED v1.0.6 ---
[2026-03-20T04:37:35.027Z] --- SERVER RESTARTED - ROUTES REGISTERED v1.0.6 ---
[2026-03-20T04:37:40.237Z] --- SERVER RESTARTED - ROUTES REGISTERED v1.0.6 ---
[2026-03-20T04:37:50.021Z] --- SERVER RESTARTED - ROUTES REGISTERED v1.0.6 ---
[2026-03-20T04:37:55.348Z] --- SERVER RESTARTED - ROUTES REGISTERED v1.0.6 ---
[2026-03-20T04:38:00.580Z] --- SERVER RESTARTED - ROUTES REGISTERED v1.0.6 ---
[2026-03-20T04:38:06.526Z] --- SERVER RESTARTED - ROUTES REGISTERED v1.0.6 ---
[2026-03-20T04:38:12.438Z] --- SERVER RESTARTED - ROUTES REGISTERED v1.0.6 ---
[2026-03-20T04:38:22.744Z] --- SERVER RESTARTED - ROUTES REGISTERED v1.0.6 ---
[2026-03-20T04:38:32.885Z] --- SERVER RESTARTED - ROUTES REGISTERED v1.0.6 ---
[2026-03-20T04:38:37.672Z] --- SERVER RESTARTED - ROUTES REGISTERED v1.0.6 ---
[2026-03-20T04:38:56.221Z] --- SERVER RESTARTED - ROUTES REGISTERED v1.0.6 ---
[2026-03-20T04:39:04.875Z] --- SERVER RESTARTED - ROUTES REGISTERED v1.0.6 ---
[2026-03-20T04:39:11.249Z] --- SERVER RESTARTED - ROUTES REGISTERED v1.0.6 ---
[2026-03-20T04:39:18.253Z] --- SERVER RESTARTED - ROUTES REGISTERED v1.0.6 ---
[2026-03-20T04:39:24.335Z] --- SERVER RESTARTED - ROUTES REGISTERED v1.0.6 ---
[2026-03-20T04:39:30.409Z] --- SERVER RESTARTED - ROUTES REGISTERED v1.0.6 ---
[2026-03-20T04:39:36.258Z] --- SERVER RESTARTED - ROUTES REGISTERED v1.0.6 ---
[2026-03-20T04:39:41.486Z] --- SERVER RESTARTED - ROUTES REGISTERED v1.0.6 ---
[2026-03-20T04:39:53.649Z] --- SERVER RESTARTED - ROUTES REGISTERED v1.0.6 ---
[2026-03-20T04:39:59.364Z] --- SERVER RESTARTED - ROUTES REGISTERED v1.0.6 ---
[2026-03-20T04:40:05.678Z] --- SERVER RESTARTED - ROUTES REGISTERED v1.0.6 ---
[2026-03-20T04:40:12.033Z] --- SERVER RESTARTED - ROUTES REGISTERED v1.0.6 ---
[2026-03-20T04:40:17.892Z] --- SERVER RESTARTED - ROUTES REGISTERED v1.0.6 ---
[2026-03-20T04:40:23.724Z] --- SERVER RESTARTED - ROUTES REGISTERED v1.0.6 ---
[2026-03-20T04:40:30.177Z] --- SERVER RESTARTED - ROUTES REGISTERED v1.0.6 ---
[2026-03-20T04:40:35.026Z] --- SERVER RESTARTED - ROUTES REGISTERED v1.0.6 ---
[2026-03-20T04:40:41.038Z] --- SERVER RESTARTED - ROUTES REGISTERED v1.0.6 ---
[2026-03-20T04:40:51.259Z] --- SERVER RESTARTED - ROUTES REGISTERED v1.0.6 ---
[2026-03-20T04:40:59.134Z] --- SERVER RESTARTED - ROUTES REGISTERED v1.0.6 ---
[2026-03-20T04:41:07.259Z] --- SERVER RESTARTED - ROUTES REGISTERED v1.0.6 ---
[2026-03-20T04:41:49.960Z] --- SERVER RESTARTED - ROUTES REGISTERED v1.0.6 ---
[2026-03-20T04:43:07.221Z] --- SERVER RESTARTED - ROUTES REGISTERED v1.0.6 ---
[2026-03-20T04:43:33.778Z] --- SERVER RESTARTED - ROUTES REGISTERED v1.0.6 ---
[2026-03-20T04:44:12.330Z] --- SERVER RESTARTED - ROUTES REGISTERED v1.0.6 ---
[2026-03-20T04:44:33.348Z] --- SERVER RESTARTED - ROUTES REGISTERED v1.0.6 ---
[2026-03-20T04:45:27.847Z] --- SERVER RESTARTED - ROUTES REGISTERED v1.0.6 ---
[2026-03-20T04:45:37.837Z] --- SERVER RESTARTED - ROUTES REGISTERED v1.0.6 ---
[2026-03-20T04:46:05.248Z] --- SERVER RESTARTED - ROUTES REGISTERED v1.0.6 ---
[2026-03-20T04:46:21.089Z] --- SERVER RESTARTED - ROUTES REGISTERED v1.0.6 ---
[2026-03-20T04:46:27.536Z] --- SERVER RESTARTED - ROUTES REGISTERED v1.0.6 ---
[2026-03-20T04:46:33.576Z] --- SERVER RESTARTED - ROUTES REGISTERED v1.0.6 ---
[2026-03-20T04:46:39.872Z] --- SERVER RESTARTED - ROUTES REGISTERED v1.0.6 ---
[2026-03-20T04:46:52.728Z] --- SERVER RESTARTED - ROUTES REGISTERED v1.0.6 ---
[2026-03-20T04:46:59.594Z] --- SERVER RESTARTED - ROUTES REGISTERED v1.0.6 ---
[2026-03-20T04:47:04.907Z] --- SERVER RESTARTED - ROUTES REGISTERED v1.0.6 ---
[2026-03-20T04:47:10.697Z] --- SERVER RESTARTED - ROUTES REGISTERED v1.0.6 ---
[2026-03-20T04:47:17.936Z] --- SERVER RESTARTED - ROUTES REGISTERED v1.0.6 ---
[2026-03-20T04:47:25.087Z] --- SERVER RESTARTED - ROUTES REGISTERED v1.0.6 ---
[2026-03-20T04:47:31.089Z] --- SERVER RESTARTED - ROUTES REGISTERED v1.0.6 ---
[2026-03-20T04:47:37.343Z] --- SERVER RESTARTED - ROUTES REGISTERED v1.0.6 ---
[2026-03-20T04:47:53.106Z] --- SERVER RESTARTED - ROUTES REGISTERED v1.0.6 ---
[2026-03-20T04:48:00.363Z] --- SERVER RESTARTED - ROUTES REGISTERED v1.0.6 ---
[2026-03-20T04:48:07.886Z] --- SERVER RESTARTED - ROUTES REGISTERED v1.0.6 ---
[2026-03-20T04:48:14.100Z] --- SERVER RESTARTED - ROUTES REGISTERED v1.0.6 ---
[2026-03-20T04:48:19.935Z] --- SERVER RESTARTED - ROUTES REGISTERED v1.0.6 ---
[2026-03-20T04:48:27.023Z] --- SERVER RESTARTED - ROUTES REGISTERED v1.0.6 ---
[2026-03-20T04:48:32.975Z] --- SERVER RESTARTED - ROUTES REGISTERED v1.0.6 ---
[2026-03-20T04:48:38.200Z] --- SERVER RESTARTED - ROUTES REGISTERED v1.0.6 ---
[2026-03-20T04:48:53.622Z] --- SERVER RESTARTED - ROUTES REGISTERED v1.0.6 ---
[2026-03-20T04:49:01.421Z] --- SERVER RESTARTED - ROUTES REGISTERED v1.0.6 ---
[2026-03-20T04:49:08.372Z] --- SERVER RESTARTED - ROUTES REGISTERED v1.0.6 ---
[2026-03-20T04:49:14.899Z] --- SERVER RESTARTED - ROUTES REGISTERED v1.0.6 ---
[2026-03-20T04:49:21.625Z] --- SERVER RESTARTED - ROUTES REGISTERED v1.0.6 ---
[2026-03-20T04:49:30.718Z] --- SERVER RESTARTED - ROUTES REGISTERED v1.0.6 ---
[2026-03-20T04:49:56.871Z] --- SERVER RESTARTED - ROUTES REGISTERED v1.0.6 ---
[2026-03-20T04:50:05.440Z] --- SERVER RESTARTED - ROUTES REGISTERED v1.0.6 ---
[2026-03-20T04:50:12.761Z] --- SERVER RESTARTED - ROUTES REGISTERED v1.0.6 ---
[2026-03-20T04:50:18.768Z] --- SERVER RESTARTED - ROUTES REGISTERED v1.0.6 ---
[2026-03-20T04:50:29.640Z] --- SERVER RESTARTED - ROUTES REGISTERED v1.0.6 ---
[2026-03-20T04:50:56.544Z] --- SERVER RESTARTED - ROUTES REGISTERED v1.0.6 ---
[2026-03-20T04:51:08.088Z] --- SERVER RESTARTED - ROUTES REGISTERED v1.0.6 ---
[2026-03-20T04:51:25.466Z] --- SERVER RESTARTED - ROUTES REGISTERED v1.0.6 ---
[2026-03-20T04:51:40.893Z] --- SERVER RESTARTED - ROUTES REGISTERED v1.0.6 ---
[2026-03-20T04:52:00.649Z] --- SERVER RESTARTED - ROUTES REGISTERED v1.0.6 ---
[2026-03-20T04:52:12.595Z] --- SERVER RESTARTED - ROUTES REGISTERED v1.0.6 ---
[2026-03-20T04:52:31.251Z] --- SERVER RESTARTED - ROUTES REGISTERED v1.0.6 ---
[2026-03-20T04:53:04.528Z] --- SERVER RESTARTED - ROUTES REGISTERED v1.0.6 ---
[2026-03-20T04:53:13.480Z] --- SERVER RESTARTED - ROUTES REGISTERED v1.0.6 ---
[2026-03-20T04:53:24.382Z] --- SERVER RESTARTED - ROUTES REGISTERED v1.0.6 ---
[2026-03-20T04:53:30.054Z] --- SERVER RESTARTED - ROUTES REGISTERED v1.0.6 ---
[2026-03-20T04:53:36.047Z] --- SERVER RESTARTED - ROUTES REGISTERED v1.0.6 ---
[2026-03-20T04:53:55.177Z] --- SERVER RESTARTED - ROUTES REGISTERED v1.0.6 ---
[2026-03-20T04:54:03.643Z] --- SERVER RESTARTED - ROUTES REGISTERED v1.0.6 ---
[2026-03-20T04:54:16.225Z] --- SERVER RESTARTED - ROUTES REGISTERED v1.0.6 ---
[2026-03-20T04:54:24.865Z] --- SERVER RESTARTED - ROUTES REGISTERED v1.0.6 ---
[2026-03-20T04:54:32.003Z] --- SERVER RESTARTED - ROUTES REGISTERED v1.0.6 ---
[2026-03-20T04:54:37.842Z] --- SERVER RESTARTED - ROUTES REGISTERED v1.0.6 ---
[2026-03-20T04:54:57.267Z] --- SERVER RESTARTED - ROUTES REGISTERED v1.0.6 ---
[2026-03-20T04:55:06.194Z] --- SERVER RESTARTED - ROUTES REGISTERED v1.0.6 ---
[2026-03-20T04:55:12.411Z] --- SERVER RESTARTED - ROUTES REGISTERED v1.0.6 ---
[2026-03-20T04:55:19.083Z] --- SERVER RESTARTED - ROUTES REGISTERED v1.0.6 ---
[2026-03-20T04:55:29.337Z] --- SERVER RESTARTED - ROUTES REGISTERED v1.0.6 ---
[2026-03-20T04:55:35.854Z] --- SERVER RESTARTED - ROUTES REGISTERED v1.0.6 ---
[2026-03-20T04:55:42.948Z] --- SERVER RESTARTED - ROUTES REGISTERED v1.0.6 ---
[2026-03-20T04:55:57.094Z] --- SERVER RESTARTED - ROUTES REGISTERED v1.0.6 ---
[2026-03-20T04:56:04.697Z] --- SERVER RESTARTED - ROUTES REGISTERED v1.0.6 ---
[2026-03-20T04:56:10.665Z] --- SERVER RESTARTED - ROUTES REGISTERED v1.0.6 ---
[2026-03-20T04:56:17.374Z] --- SERVER RESTARTED - ROUTES REGISTERED v1.0.6 ---
[2026-03-20T04:56:41.517Z] --- SERVER RESTARTED - ROUTES REGISTERED v1.0.6 ---
[2026-03-20T04:56:55.952Z] --- SERVER RESTARTED - ROUTES REGISTERED v1.0.6 ---
[2026-03-20T04:57:01.110Z] --- SERVER RESTARTED - ROUTES REGISTERED v1.0.6 ---
[2026-03-20T04:57:07.304Z] --- SERVER RESTARTED - ROUTES REGISTERED v1.0.6 ---
[2026-03-20T04:57:13.387Z] --- SERVER RESTARTED - ROUTES REGISTERED v1.0.6 ---
[2026-03-20T04:57:19.155Z] --- SERVER RESTARTED - ROUTES REGISTERED v1.0.6 ---
[2026-03-20T04:57:25.347Z] --- SERVER RESTARTED - ROUTES REGISTERED v1.0.6 ---
[2026-03-20T04:57:36.447Z] --- SERVER RESTARTED - ROUTES REGISTERED v1.0.6 ---
[2026-03-20T04:57:42.892Z] --- SERVER RESTARTED - ROUTES REGISTERED v1.0.6 ---
[2026-03-20T04:57:53.883Z] --- SERVER RESTARTED - ROUTES REGISTERED v1.0.6 ---
[2026-03-20T04:58:01.133Z] --- SERVER RESTARTED - ROUTES REGISTERED v1.0.6 ---
[2026-03-20T04:58:34.462Z] --- SERVER RESTARTED - ROUTES REGISTERED v1.0.6 ---
[2026-03-20T04:58:58.338Z] --- SERVER RESTARTED - ROUTES REGISTERED v1.0.6 ---
[2026-03-20T04:59:07.018Z] --- SERVER RESTARTED - ROUTES REGISTERED v1.0.6 ---
[2026-03-20T04:59:12.830Z] --- SERVER RESTARTED - ROUTES REGISTERED v1.0.6 ---
[2026-03-20T04:59:21.648Z] --- SERVER RESTARTED - ROUTES REGISTERED v1.0.6 ---
[2026-03-20T04:59:33.070Z] --- SERVER RESTARTED - ROUTES REGISTERED v1.0.6 ---
[2026-03-20T04:59:40.531Z] --- SERVER RESTARTED - ROUTES REGISTERED v1.0.6 ---
[2026-03-20T04:59:59.212Z] --- SERVER RESTARTED - ROUTES REGISTERED v1.0.6 ---
[2026-03-20T05:00:17.665Z] --- SERVER RESTARTED - ROUTES REGISTERED v1.0.6 ---
[2026-03-20T05:00:26.715Z] --- SERVER RESTARTED - ROUTES REGISTERED v1.0.6 ---
[2026-03-20T05:00:38.302Z] --- SERVER RESTARTED - ROUTES REGISTERED v1.0.6 ---
[2026-03-20T05:01:05.380Z] --- SERVER RESTARTED - ROUTES REGISTERED v1.0.6 ---
[2026-03-20T05:01:16.564Z] --- SERVER RESTARTED - ROUTES REGISTERED v1.0.6 ---
[2026-03-20T05:01:42.090Z] --- SERVER RESTARTED - ROUTES REGISTERED v1.0.6 ---
[2026-03-20T05:24:40.282Z] --- SERVER RESTARTED - ROUTES REGISTERED v1.0.6 ---
[2026-03-20T05:24:46.157Z] --- SERVER RESTARTED - ROUTES REGISTERED v1.0.6 ---
[2026-03-20T05:24:50.946Z] --- SERVER RESTARTED - ROUTES REGISTERED v1.0.6 ---
[2026-03-20T05:24:56.043Z] --- SERVER RESTARTED - ROUTES REGISTERED v1.0.6 ---
[2026-03-20T05:25:00.914Z] --- SERVER RESTARTED - ROUTES REGISTERED v1.0.6 ---
[2026-03-20T05:25:08.476Z] --- SERVER RESTARTED - ROUTES REGISTERED v1.0.6 ---
[2026-03-20T05:25:13.591Z] --- SERVER RESTARTED - ROUTES REGISTERED v1.0.6 ---
[2026-03-20T05:25:19.532Z] --- SERVER RESTARTED - ROUTES REGISTERED v1.0.6 ---
[2026-03-20T05:25:24.265Z] --- SERVER RESTARTED - ROUTES REGISTERED v1.0.6 ---
[2026-03-20T05:25:29.910Z] --- SERVER RESTARTED - ROUTES REGISTERED v1.0.6 ---
[2026-03-20T05:25:36.298Z] --- SERVER RESTARTED - ROUTES REGISTERED v1.0.6 ---
[2026-03-20T05:25:43.620Z] --- SERVER RESTARTED - ROUTES REGISTERED v1.0.6 ---
[2026-03-20T05:25:51.740Z] --- SERVER RESTARTED - ROUTES REGISTERED v1.0.6 ---
[2026-03-20T05:25:56.652Z] --- SERVER RESTARTED - ROUTES REGISTERED v1.0.6 ---
[2026-03-20T05:26:02.961Z] --- SERVER RESTARTED - ROUTES REGISTERED v1.0.6 ---
[2026-03-20T05:26:09.720Z] --- SERVER RESTARTED - ROUTES REGISTERED v1.0.6 ---
[2026-03-20T05:26:15.225Z] --- SERVER RESTARTED - ROUTES REGISTERED v1.0.6 ---
[2026-03-20T05:26:22.461Z] --- SERVER RESTARTED - ROUTES REGISTERED v1.0.6 ---
[2026-03-20T05:26:27.719Z] --- SERVER RESTARTED - ROUTES REGISTERED v1.0.6 ---
[2026-03-20T05:26:34.238Z] --- SERVER RESTARTED - ROUTES REGISTERED v1.0.6 ---
[2026-03-20T05:26:39.086Z] --- SERVER RESTARTED - ROUTES REGISTERED v1.0.6 ---
[2026-03-20T05:26:44.638Z] --- SERVER RESTARTED - ROUTES REGISTERED v1.0.6 ---
[2026-03-20T05:26:50.355Z] --- SERVER RESTARTED - ROUTES REGISTERED v1.0.6 ---
[2026-03-20T05:26:55.400Z] --- SERVER RESTARTED - ROUTES REGISTERED v1.0.6 ---
[2026-03-20T05:27:00.784Z] --- SERVER RESTARTED - ROUTES REGISTERED v1.0.6 ---
[2026-03-20T05:27:05.530Z] --- SERVER RESTARTED - ROUTES REGISTERED v1.0.6 ---
[2026-03-20T05:27:11.565Z] --- SERVER RESTARTED - ROUTES REGISTERED v1.0.6 ---
[2026-03-20T05:27:17.515Z] --- SERVER RESTARTED - ROUTES REGISTERED v1.0.6 ---
[2026-03-20T05:27:23.271Z] --- SERVER RESTARTED - ROUTES REGISTERED v1.0.6 ---
[2026-03-20T05:27:32.880Z] --- SERVER RESTARTED - ROUTES REGISTERED v1.0.6 ---
[2026-03-20T05:27:41.457Z] --- SERVER RESTARTED - ROUTES REGISTERED v1.0.6 ---
[2026-03-20T05:27:46.971Z] --- SERVER RESTARTED - ROUTES REGISTERED v1.0.6 ---
[2026-03-20T05:27:52.328Z] --- SERVER RESTARTED - ROUTES REGISTERED v1.0.6 ---
[2026-03-20T05:27:57.786Z] --- SERVER RESTARTED - ROUTES REGISTERED v1.0.6 ---
[2026-03-20T05:28:10.855Z] --- SERVER RESTARTED - ROUTES REGISTERED v1.0.6 ---
[2026-03-20T05:28:19.133Z] --- SERVER RESTARTED - ROUTES REGISTERED v1.0.6 ---
[2026-03-20T05:28:28.844Z] --- SERVER RESTARTED - ROUTES REGISTERED v1.0.6 ---
[2026-03-20T05:28:38.261Z] --- SERVER RESTARTED - ROUTES REGISTERED v1.0.6 ---
[2026-03-20T05:28:44.915Z] --- SERVER RESTARTED - ROUTES REGISTERED v1.0.6 ---
[2026-03-20T05:28:51.034Z] --- SERVER RESTARTED - ROUTES REGISTERED v1.0.6 ---
[2026-03-20T05:28:56.526Z] --- SERVER RESTARTED - ROUTES REGISTERED v1.0.6 ---
[2026-03-20T05:29:02.820Z] --- SERVER RESTARTED - ROUTES REGISTERED v1.0.6 ---
[2026-03-20T05:29:11.799Z] --- SERVER RESTARTED - ROUTES REGISTERED v1.0.6 ---
[2026-03-20T05:29:23.426Z] --- SERVER RESTARTED - ROUTES REGISTERED v1.0.6 ---
[2026-03-20T05:29:28.186Z] --- SERVER RESTARTED - ROUTES REGISTERED v1.0.6 ---
[2026-03-20T05:29:37.948Z] --- SERVER RESTARTED - ROUTES REGISTERED v1.0.6 ---
[2026-03-20T05:29:51.589Z] --- SERVER RESTARTED - ROUTES REGISTERED v1.0.6 ---
[2026-03-20T05:29:56.873Z] --- SERVER RESTARTED - ROUTES REGISTERED v1.0.6 ---
[2026-03-20T05:30:02.286Z] --- SERVER RESTARTED - ROUTES REGISTERED v1.0.6 ---
[2026-03-20T05:30:14.969Z] --- SERVER RESTARTED - ROUTES REGISTERED v1.0.6 ---
[2026-03-20T05:30:39.960Z] --- SERVER RESTARTED - ROUTES REGISTERED v1.0.6 ---
[2026-03-20T05:30:53.435Z] --- SERVER RESTARTED - ROUTES REGISTERED v1.0.6 ---
[2026-03-20T05:31:02.883Z] --- SERVER RESTARTED - ROUTES REGISTERED v1.0.6 ---
[2026-03-20T05:31:07.925Z] --- SERVER RESTARTED - ROUTES REGISTERED v1.0.6 ---
[2026-03-20T05:31:13.799Z] --- SERVER RESTARTED - ROUTES REGISTERED v1.0.6 ---
[2026-03-20T05:31:20.230Z] --- SERVER RESTARTED - ROUTES REGISTERED v1.0.6 ---
[2026-03-20T05:31:24.500Z] --- SERVER RESTARTED - ROUTES REGISTERED v1.0.6 ---
[2026-03-20T05:31:29.449Z] --- SERVER RESTARTED - ROUTES REGISTERED v1.0.6 ---
[2026-03-20T05:31:34.455Z] --- SERVER RESTARTED - ROUTES REGISTERED v1.0.6 ---
[2026-03-20T05:31:39.833Z] --- SERVER RESTARTED - ROUTES REGISTERED v1.0.6 ---
[2026-03-20T05:31:45.501Z] --- SERVER RESTARTED - ROUTES REGISTERED v1.0.6 ---
[2026-03-20T05:31:50.715Z] --- SERVER RESTARTED - ROUTES REGISTERED v1.0.6 ---
[2026-03-20T05:31:55.011Z] --- SERVER RESTARTED - ROUTES REGISTERED v1.0.6 ---
[2026-03-20T05:31:59.367Z] --- SERVER RESTARTED - ROUTES REGISTERED v1.0.6 ---
[2026-03-20T05:32:03.849Z] --- SERVER RESTARTED - ROUTES REGISTERED v1.0.6 ---
[2026-03-20T05:32:08.337Z] --- SERVER RESTARTED - ROUTES REGISTERED v1.0.6 ---
[2026-03-20T05:32:12.784Z] --- SERVER RESTARTED - ROUTES REGISTERED v1.0.6 ---
[2026-03-20T05:32:17.099Z] --- SERVER RESTARTED - ROUTES REGISTERED v1.0.6 ---
[2026-03-20T05:32:21.876Z] --- SERVER RESTARTED - ROUTES REGISTERED v1.0.6 ---
[2026-03-20T05:32:25.856Z] --- SERVER RESTARTED - ROUTES REGISTERED v1.0.6 ---
[2026-03-20T05:32:31.192Z] --- SERVER RESTARTED - ROUTES REGISTERED v1.0.6 ---
[2026-03-20T05:32:36.381Z] --- SERVER RESTARTED - ROUTES REGISTERED v1.0.6 ---
[2026-03-20T05:32:41.041Z] --- SERVER RESTARTED - ROUTES REGISTERED v1.0.6 ---
[2026-03-20T05:32:45.115Z] --- SERVER RESTARTED - ROUTES REGISTERED v1.0.6 ---
[2026-03-20T05:32:49.445Z] --- SERVER RESTARTED - ROUTES REGISTERED v1.0.6 ---
[2026-03-20T05:32:54.098Z] --- SERVER RESTARTED - ROUTES REGISTERED v1.0.6 ---
[2026-03-20T05:32:58.773Z] --- SERVER RESTARTED - ROUTES REGISTERED v1.0.6 ---
[2026-03-20T05:33:03.421Z] --- SERVER RESTARTED - ROUTES REGISTERED v1.0.6 ---
[2026-03-20T05:33:07.317Z] --- SERVER RESTARTED - ROUTES REGISTERED v1.0.6 ---
[2026-03-20T05:33:11.578Z] --- SERVER RESTARTED - ROUTES REGISTERED v1.0.6 ---
[2026-03-20T05:33:16.108Z] --- SERVER RESTARTED - ROUTES REGISTERED v1.0.6 ---
[2026-03-20T05:33:21.238Z] --- SERVER RESTARTED - ROUTES REGISTERED v1.0.6 ---
[2026-03-20T05:33:26.645Z] --- SERVER RESTARTED - ROUTES REGISTERED v1.0.6 ---
[2026-03-20T05:33:31.079Z] --- SERVER RESTARTED - ROUTES REGISTERED v1.0.6 ---
[2026-03-20T05:33:35.823Z] --- SERVER RESTARTED - ROUTES REGISTERED v1.0.6 ---
[2026-03-20T05:33:40.385Z] --- SERVER RESTARTED - ROUTES REGISTERED v1.0.6 ---
[2026-03-20T05:33:45.350Z] --- SERVER RESTARTED - ROUTES REGISTERED v1.0.6 ---
[2026-03-20T05:33:50.371Z] --- SERVER RESTARTED - ROUTES REGISTERED v1.0.6 ---
[2026-03-20T05:33:55.118Z] --- SERVER RESTARTED - ROUTES REGISTERED v1.0.6 ---
[2026-03-20T05:33:59.484Z] --- SERVER RESTARTED - ROUTES REGISTERED v1.0.6 ---
[2026-03-20T05:34:04.329Z] --- SERVER RESTARTED - ROUTES REGISTERED v1.0.6 ---
[2026-03-20T05:34:08.402Z] --- SERVER RESTARTED - ROUTES REGISTERED v1.0.6 ---
[2026-03-20T05:34:12.740Z] --- SERVER RESTARTED - ROUTES REGISTERED v1.0.6 ---
[2026-03-20T05:34:16.786Z] --- SERVER RESTARTED - ROUTES REGISTERED v1.0.6 ---
[2026-03-20T05:34:21.363Z] --- SERVER RESTARTED - ROUTES REGISTERED v1.0.6 ---
[2026-03-20T05:34:25.243Z] --- SERVER RESTARTED - ROUTES REGISTERED v1.0.6 ---
[2026-03-20T05:34:29.255Z] --- SERVER RESTARTED - ROUTES REGISTERED v1.0.6 ---
[2026-03-20T05:34:33.843Z] --- SERVER RESTARTED - ROUTES REGISTERED v1.0.6 ---
[2026-03-20T05:34:38.920Z] --- SERVER RESTARTED - ROUTES REGISTERED v1.0.6 ---
[2026-03-20T05:34:44.780Z] --- SERVER RESTARTED - ROUTES REGISTERED v1.0.6 ---
[2026-03-20T05:34:49.824Z] --- SERVER RESTARTED - ROUTES REGISTERED v1.0.6 ---
[2026-03-20T05:34:55.971Z] --- SERVER RESTARTED - ROUTES REGISTERED v1.0.6 ---
[2026-03-20T05:35:00.149Z] --- SERVER RESTARTED - ROUTES REGISTERED v1.0.6 ---
[2026-03-20T05:35:04.764Z] --- SERVER RESTARTED - ROUTES REGISTERED v1.0.6 ---
[2026-03-20T05:35:09.279Z] --- SERVER RESTARTED - ROUTES REGISTERED v1.0.6 ---
[2026-03-20T05:35:13.870Z] --- SERVER RESTARTED - ROUTES REGISTERED v1.0.6 ---
[2026-03-20T05:35:18.715Z] --- SERVER RESTARTED - ROUTES REGISTERED v1.0.6 ---
[2026-03-20T05:35:23.426Z] --- SERVER RESTARTED - ROUTES REGISTERED v1.0.6 ---
[2026-03-20T05:35:29.380Z] --- SERVER RESTARTED - ROUTES REGISTERED v1.0.6 ---
[2026-03-20T05:35:35.709Z] --- SERVER RESTARTED - ROUTES REGISTERED v1.0.6 ---
[2026-03-20T05:35:43.363Z] --- SERVER RESTARTED - ROUTES REGISTERED v1.0.6 ---
[2026-03-20T05:35:50.886Z] --- SERVER RESTARTED - ROUTES REGISTERED v1.0.6 ---
[2026-03-20T05:35:58.476Z] --- SERVER RESTARTED - ROUTES REGISTERED v1.0.6 ---
[2026-03-20T05:36:05.300Z] --- SERVER RESTARTED - ROUTES REGISTERED v1.0.6 ---
[2026-03-20T05:36:10.612Z] --- SERVER RESTARTED - ROUTES REGISTERED v1.0.6 ---
[2026-03-20T05:36:15.327Z] --- SERVER RESTARTED - ROUTES REGISTERED v1.0.6 ---
[2026-03-20T05:36:19.683Z] --- SERVER RESTARTED - ROUTES REGISTERED v1.0.6 ---
[2026-03-20T05:36:24.133Z] --- SERVER RESTARTED - ROUTES REGISTERED v1.0.6 ---
[2026-03-20T05:36:28.197Z] --- SERVER RESTARTED - ROUTES REGISTERED v1.0.6 ---
[2026-03-20T05:36:33.590Z] --- SERVER RESTARTED - ROUTES REGISTERED v1.0.6 ---
[2026-03-20T05:36:38.237Z] --- SERVER RESTARTED - ROUTES REGISTERED v1.0.6 ---
[2026-03-20T05:36:42.437Z] --- SERVER RESTARTED - ROUTES REGISTERED v1.0.6 ---
[2026-03-20T05:36:47.646Z] --- SERVER RESTARTED - ROUTES REGISTERED v1.0.6 ---
[2026-03-20T05:36:52.484Z] --- SERVER RESTARTED - ROUTES REGISTERED v1.0.6 ---
[2026-03-20T05:36:57.804Z] --- SERVER RESTARTED - ROUTES REGISTERED v1.0.6 ---
[2026-03-20T05:37:02.999Z] --- SERVER RESTARTED - ROUTES REGISTERED v1.0.6 ---
[2026-03-20T05:37:09.437Z] --- SERVER RESTARTED - ROUTES REGISTERED v1.0.6 ---
[2026-03-20T05:37:13.846Z] --- SERVER RESTARTED - ROUTES REGISTERED v1.0.6 ---
[2026-03-20T05:37:18.968Z] --- SERVER RESTARTED - ROUTES REGISTERED v1.0.6 ---
[2026-03-20T05:37:22.965Z] --- SERVER RESTARTED - ROUTES REGISTERED v1.0.6 ---
[2026-03-20T05:37:27.518Z] --- SERVER RESTARTED - ROUTES REGISTERED v1.0.6 ---
[2026-03-20T05:37:32.108Z] --- SERVER RESTARTED - ROUTES REGISTERED v1.0.6 ---
[2026-03-20T05:37:36.682Z] --- SERVER RESTARTED - ROUTES REGISTERED v1.0.6 ---
[2026-03-20T05:37:41.367Z] --- SERVER RESTARTED - ROUTES REGISTERED v1.0.6 ---
[2026-03-20T05:37:45.397Z] --- SERVER RESTARTED - ROUTES REGISTERED v1.0.6 ---
[2026-03-20T05:37:50.064Z] --- SERVER RESTARTED - ROUTES REGISTERED v1.0.6 ---
[2026-03-20T05:37:54.578Z] --- SERVER RESTARTED - ROUTES REGISTERED v1.0.6 ---
[2026-03-20T05:37:59.251Z] --- SERVER RESTARTED - ROUTES REGISTERED v1.0.6 ---
[2026-03-20T05:38:04.130Z] --- SERVER RESTARTED - ROUTES REGISTERED v1.0.6 ---
[2026-03-20T05:38:08.647Z] --- SERVER RESTARTED - ROUTES REGISTERED v1.0.6 ---
[2026-03-20T05:38:12.643Z] --- SERVER RESTARTED - ROUTES REGISTERED v1.0.6 ---
[2026-03-20T05:38:16.969Z] --- SERVER RESTARTED - ROUTES REGISTERED v1.0.6 ---
[2026-03-20T05:38:21.447Z] --- SERVER RESTARTED - ROUTES REGISTERED v1.0.6 ---
[2026-03-20T05:38:26.632Z] --- SERVER RESTARTED - ROUTES REGISTERED v1.0.6 ---
[2026-03-20T05:38:30.727Z] --- SERVER RESTARTED - ROUTES REGISTERED v1.0.6 ---
[2026-03-20T05:38:35.135Z] --- SERVER RESTARTED - ROUTES REGISTERED v1.0.6 ---
[2026-03-20T05:38:39.336Z] --- SERVER RESTARTED - ROUTES REGISTERED v1.0.6 ---
[2026-03-20T05:38:44.061Z] --- SERVER RESTARTED - ROUTES REGISTERED v1.0.6 ---
[2026-03-20T05:38:48.694Z] --- SERVER RESTARTED - ROUTES REGISTERED v1.0.6 ---
[2026-03-20T05:38:53.796Z] --- SERVER RESTARTED - ROUTES REGISTERED v1.0.6 ---
[2026-03-20T05:38:57.675Z] --- SERVER RESTARTED - ROUTES REGISTERED v1.0.6 ---
[2026-03-20T05:39:01.563Z] --- SERVER RESTARTED - ROUTES REGISTERED v1.0.6 ---
[2026-03-20T05:39:05.969Z] --- SERVER RESTARTED - ROUTES REGISTERED v1.0.6 ---
[2026-03-20T05:39:09.987Z] --- SERVER RESTARTED - ROUTES REGISTERED v1.0.6 ---
[2026-03-20T05:39:13.822Z] --- SERVER RESTARTED - ROUTES REGISTERED v1.0.6 ---
[2026-03-20T05:39:18.091Z] --- SERVER RESTARTED - ROUTES REGISTERED v1.0.6 ---
[2026-03-20T05:39:22.302Z] --- SERVER RESTARTED - ROUTES REGISTERED v1.0.6 ---
[2026-03-20T05:39:26.763Z] --- SERVER RESTARTED - ROUTES REGISTERED v1.0.6 ---
[2026-03-20T05:39:30.887Z] --- SERVER RESTARTED - ROUTES REGISTERED v1.0.6 ---
[2026-03-20T05:39:35.004Z] --- SERVER RESTARTED - ROUTES REGISTERED v1.0.6 ---
[2026-03-20T05:39:39.157Z] --- SERVER RESTARTED - ROUTES REGISTERED v1.0.6 ---
[2026-03-20T05:39:43.589Z] --- SERVER RESTARTED - ROUTES REGISTERED v1.0.6 ---
[2026-03-20T05:40:03.724Z] --- SERVER RESTARTED - ROUTES REGISTERED v1.0.6 ---
[2026-03-20T05:40:12.029Z] --- SERVER RESTARTED - ROUTES REGISTERED v1.0.6 ---
[2026-03-20T05:40:16.776Z] --- SERVER RESTARTED - ROUTES REGISTERED v1.0.6 ---
[2026-03-20T05:40:21.380Z] --- SERVER RESTARTED - ROUTES REGISTERED v1.0.6 ---
[2026-03-20T05:40:26.890Z] --- SERVER RESTARTED - ROUTES REGISTERED v1.0.6 ---
[2026-03-20T05:40:31.331Z] --- SERVER RESTARTED - ROUTES REGISTERED v1.0.6 ---
[2026-03-20T05:40:35.231Z] --- SERVER RESTARTED - ROUTES REGISTERED v1.0.6 ---
[2026-03-20T05:40:39.313Z] --- SERVER RESTARTED - ROUTES REGISTERED v1.0.6 ---
[2026-03-20T05:40:43.291Z] --- SERVER RESTARTED - ROUTES REGISTERED v1.0.6 ---
[2026-03-20T05:40:47.450Z] --- SERVER RESTARTED - ROUTES REGISTERED v1.0.6 ---
[2026-03-20T05:40:51.370Z] --- SERVER RESTARTED - ROUTES REGISTERED v1.0.6 ---
[2026-03-20T05:40:55.170Z] --- SERVER RESTARTED - ROUTES REGISTERED v1.0.6 ---
[2026-03-20T05:40:59.405Z] --- SERVER RESTARTED - ROUTES REGISTERED v1.0.6 ---
[2026-03-20T05:41:03.990Z] --- SERVER RESTARTED - ROUTES REGISTERED v1.0.6 ---
[2026-03-20T05:41:07.709Z] --- SERVER RESTARTED - ROUTES REGISTERED v1.0.6 ---
[2026-03-20T05:41:11.909Z] --- SERVER RESTARTED - ROUTES REGISTERED v1.0.6 ---
[2026-03-20T05:41:15.933Z] --- SERVER RESTARTED - ROUTES REGISTERED v1.0.6 ---
[2026-03-20T05:41:20.037Z] --- SERVER RESTARTED - ROUTES REGISTERED v1.0.6 ---
[2026-03-20T05:41:23.526Z] --- SERVER RESTARTED - ROUTES REGISTERED v1.0.6 ---
[2026-03-20T05:41:27.334Z] --- SERVER RESTARTED - ROUTES REGISTERED v1.0.6 ---
[2026-03-20T05:41:31.403Z] --- SERVER RESTARTED - ROUTES REGISTERED v1.0.6 ---
[2026-03-20T05:41:35.136Z] --- SERVER RESTARTED - ROUTES REGISTERED v1.0.6 ---
[2026-03-20T05:41:38.816Z] --- SERVER RESTARTED - ROUTES REGISTERED v1.0.6 ---
[2026-03-20T05:41:43.151Z] --- SERVER RESTARTED - ROUTES REGISTERED v1.0.6 ---
[2026-03-20T05:41:47.164Z] --- SERVER RESTARTED - ROUTES REGISTERED v1.0.6 ---
[2026-03-20T05:41:51.266Z] --- SERVER RESTARTED - ROUTES REGISTERED v1.0.6 ---
[2026-03-20T05:41:55.935Z] --- SERVER RESTARTED - ROUTES REGISTERED v1.0.6 ---
[2026-03-20T05:41:59.956Z] --- SERVER RESTARTED - ROUTES REGISTERED v1.0.6 ---
[2026-03-20T05:42:04.590Z] --- SERVER RESTARTED - ROUTES REGISTERED v1.0.6 ---
[2026-03-20T05:42:08.346Z] --- SERVER RESTARTED - ROUTES REGISTERED v1.0.6 ---
[2026-03-20T05:42:12.091Z] --- SERVER RESTARTED - ROUTES REGISTERED v1.0.6 ---
[2026-03-20T05:42:15.902Z] --- SERVER RESTARTED - ROUTES REGISTERED v1.0.6 ---
[2026-03-20T05:42:19.707Z] --- SERVER RESTARTED - ROUTES REGISTERED v1.0.6 ---
[2026-03-20T05:42:23.757Z] --- SERVER RESTARTED - ROUTES REGISTERED v1.0.6 ---
[2026-03-20T05:42:27.714Z] --- SERVER RESTARTED - ROUTES REGISTERED v1.0.6 ---
[2026-03-20T05:42:31.747Z] --- SERVER RESTARTED - ROUTES REGISTERED v1.0.6 ---
[2026-03-20T05:42:35.756Z] --- SERVER RESTARTED - ROUTES REGISTERED v1.0.6 ---
[2026-03-20T05:42:39.761Z] --- SERVER RESTARTED - ROUTES REGISTERED v1.0.6 ---
[2026-03-20T05:42:43.621Z] --- SERVER RESTARTED - ROUTES REGISTERED v1.0.6 ---
[2026-03-20T05:42:47.781Z] --- SERVER RESTARTED - ROUTES REGISTERED v1.0.6 ---
[2026-03-20T05:42:51.715Z] --- SERVER RESTARTED - ROUTES REGISTERED v1.0.6 ---
[2026-03-20T05:42:55.698Z] --- SERVER RESTARTED - ROUTES REGISTERED v1.0.6 ---
[2026-03-20T05:43:00.465Z] --- SERVER RESTARTED - ROUTES REGISTERED v1.0.6 ---
[2026-03-20T05:43:05.281Z] --- SERVER RESTARTED - ROUTES REGISTERED v1.0.6 ---
[2026-03-20T05:43:09.435Z] --- SERVER RESTARTED - ROUTES REGISTERED v1.0.6 ---
[2026-03-20T05:43:13.315Z] --- SERVER RESTARTED - ROUTES REGISTERED v1.0.6 ---
[2026-03-20T05:43:17.256Z] --- SERVER RESTARTED - ROUTES REGISTERED v1.0.6 ---
[2026-03-20T05:43:21.237Z] --- SERVER RESTARTED - ROUTES REGISTERED v1.0.6 ---
[2026-03-20T05:43:24.741Z] --- SERVER RESTARTED - ROUTES REGISTERED v1.0.6 ---
[2026-03-20T05:43:28.585Z] --- SERVER RESTARTED - ROUTES REGISTERED v1.0.6 ---
[2026-03-20T05:43:32.483Z] --- SERVER RESTARTED - ROUTES REGISTERED v1.0.6 ---
[2026-03-20T05:43:36.416Z] --- SERVER RESTARTED - ROUTES REGISTERED v1.0.6 ---
[2026-03-20T05:43:40.304Z] --- SERVER RESTARTED - ROUTES REGISTERED v1.0.6 ---
[2026-03-20T05:43:44.640Z] --- SERVER RESTARTED - ROUTES REGISTERED v1.0.6 ---
[2026-03-20T05:43:49.251Z] --- SERVER RESTARTED - ROUTES REGISTERED v1.0.6 ---
[2026-03-20T05:43:54.277Z] --- SERVER RESTARTED - ROUTES REGISTERED v1.0.6 ---
[2026-03-20T05:43:58.191Z] --- SERVER RESTARTED - ROUTES REGISTERED v1.0.6 ---
[2026-03-20T05:44:02.220Z] --- SERVER RESTARTED - ROUTES REGISTERED v1.0.6 ---
[2026-03-20T05:44:06.215Z] --- SERVER RESTARTED - ROUTES REGISTERED v1.0.6 ---
[2026-03-20T05:44:10.556Z] --- SERVER RESTARTED - ROUTES REGISTERED v1.0.6 ---
[2026-03-20T05:44:15.399Z] --- SERVER RESTARTED - ROUTES REGISTERED v1.0.6 ---
[2026-03-20T05:44:19.441Z] --- SERVER RESTARTED - ROUTES REGISTERED v1.0.6 ---
[2026-03-20T05:44:23.679Z] --- SERVER RESTARTED - ROUTES REGISTERED v1.0.6 ---
[2026-03-20T05:44:27.691Z] --- SERVER RESTARTED - ROUTES REGISTERED v1.0.6 ---
[2026-03-20T05:44:32.261Z] --- SERVER RESTARTED - ROUTES REGISTERED v1.0.6 ---
[2026-03-20T05:44:36.285Z] --- SERVER RESTARTED - ROUTES REGISTERED v1.0.6 ---
[2026-03-20T05:44:40.548Z] --- SERVER RESTARTED - ROUTES REGISTERED v1.0.6 ---
[2026-03-20T05:44:45.432Z] --- SERVER RESTARTED - ROUTES REGISTERED v1.0.6 ---
[2026-03-20T05:44:49.642Z] --- SERVER RESTARTED - ROUTES REGISTERED v1.0.6 ---
[2026-03-20T05:44:54.096Z] --- SERVER RESTARTED - ROUTES REGISTERED v1.0.6 ---
[2026-03-20T05:45:02.558Z] --- SERVER RESTARTED - ROUTES REGISTERED v1.0.6 ---
[2026-03-20T05:45:07.634Z] --- SERVER RESTARTED - ROUTES REGISTERED v1.0.6 ---
[2026-03-20T05:45:11.747Z] --- SERVER RESTARTED - ROUTES REGISTERED v1.0.6 ---
[2026-03-20T05:45:15.730Z] --- SERVER RESTARTED - ROUTES REGISTERED v1.0.6 ---
[2026-03-20T05:45:19.590Z] --- SERVER RESTARTED - ROUTES REGISTERED v1.0.6 ---
[2026-03-20T05:45:23.399Z] --- SERVER RESTARTED - ROUTES REGISTERED v1.0.6 ---
[2026-03-20T05:45:34.539Z] --- SERVER RESTARTED - ROUTES REGISTERED v1.0.6 ---
[2026-03-20T05:45:38.776Z] --- SERVER RESTARTED - ROUTES REGISTERED v1.0.6 ---
[2026-03-20T05:45:43.164Z] --- SERVER RESTARTED - ROUTES REGISTERED v1.0.6 ---
[2026-03-20T05:45:47.444Z] --- SERVER RESTARTED - ROUTES REGISTERED v1.0.6 ---
[2026-03-20T05:45:52.178Z] --- SERVER RESTARTED - ROUTES REGISTERED v1.0.6 ---
[2026-03-20T05:46:00.110Z] --- SERVER RESTARTED - ROUTES REGISTERED v1.0.6 ---
[2026-03-20T05:46:05.197Z] --- SERVER RESTARTED - ROUTES REGISTERED v1.0.6 ---
[2026-03-20T05:46:10.813Z] --- SERVER RESTARTED - ROUTES REGISTERED v1.0.6 ---
[2026-03-20T05:46:15.134Z] --- SERVER RESTARTED - ROUTES REGISTERED v1.0.6 ---
[2026-03-20T05:46:19.395Z] --- SERVER RESTARTED - ROUTES REGISTERED v1.0.6 ---
[2026-03-20T05:46:23.436Z] --- SERVER RESTARTED - ROUTES REGISTERED v1.0.6 ---
[2026-03-20T05:46:27.498Z] --- SERVER RESTARTED - ROUTES REGISTERED v1.0.6 ---
[2026-03-20T05:46:32.245Z] --- SERVER RESTARTED - ROUTES REGISTERED v1.0.6 ---
[2026-03-20T05:46:36.816Z] --- SERVER RESTARTED - ROUTES REGISTERED v1.0.6 ---
[2026-03-20T05:46:41.152Z] --- SERVER RESTARTED - ROUTES REGISTERED v1.0.6 ---
[2026-03-20T05:46:45.112Z] --- SERVER RESTARTED - ROUTES REGISTERED v1.0.6 ---
[2026-03-20T05:46:49.403Z] --- SERVER RESTARTED - ROUTES REGISTERED v1.0.6 ---
[2026-03-20T05:46:53.569Z] --- SERVER RESTARTED - ROUTES REGISTERED v1.0.6 ---
[2026-03-20T05:46:58.019Z] --- SERVER RESTARTED - ROUTES REGISTERED v1.0.6 ---
[2026-03-20T05:47:17.234Z] --- SERVER RESTARTED - ROUTES REGISTERED v1.0.6 ---
[2026-03-20T05:47:22.387Z] --- SERVER RESTARTED - ROUTES REGISTERED v1.0.6 ---
[2026-03-20T05:47:27.255Z] --- SERVER RESTARTED - ROUTES REGISTERED v1.0.6 ---
[2026-03-20T05:47:32.642Z] --- SERVER RESTARTED - ROUTES REGISTERED v1.0.6 ---
[2026-03-20T05:47:37.034Z] --- SERVER RESTARTED - ROUTES REGISTERED v1.0.6 ---
[2026-03-20T05:47:41.599Z] --- SERVER RESTARTED - ROUTES REGISTERED v1.0.6 ---
[2026-03-20T05:47:45.700Z] --- SERVER RESTARTED - ROUTES REGISTERED v1.0.6 ---
[2026-03-20T05:47:50.113Z] --- SERVER RESTARTED - ROUTES REGISTERED v1.0.6 ---
[2026-03-20T05:47:55.236Z] --- SERVER RESTARTED - ROUTES REGISTERED v1.0.6 ---
[2026-03-20T05:47:59.649Z] --- SERVER RESTARTED - ROUTES REGISTERED v1.0.6 ---
[2026-03-20T05:48:04.716Z] --- SERVER RESTARTED - ROUTES REGISTERED v1.0.6 ---
[2026-03-20T05:48:09.046Z] --- SERVER RESTARTED - ROUTES REGISTERED v1.0.6 ---
[2026-03-20T05:48:13.059Z] --- SERVER RESTARTED - ROUTES REGISTERED v1.0.6 ---
[2026-03-20T05:48:17.362Z] --- SERVER RESTARTED - ROUTES REGISTERED v1.0.6 ---
[2026-03-20T05:48:21.498Z] --- SERVER RESTARTED - ROUTES REGISTERED v1.0.6 ---
[2026-03-20T05:48:26.013Z] --- SERVER RESTARTED - ROUTES REGISTERED v1.0.6 ---
[2026-03-20T05:48:31.119Z] --- SERVER RESTARTED - ROUTES REGISTERED v1.0.6 ---
[2026-03-20T05:48:37.116Z] --- SERVER RESTARTED - ROUTES REGISTERED v1.0.6 ---
[2026-03-20T05:48:44.563Z] --- SERVER RESTARTED - ROUTES REGISTERED v1.0.6 ---
[2026-03-20T05:48:50.583Z] --- SERVER RESTARTED - ROUTES REGISTERED v1.0.6 ---
[2026-03-20T05:48:54.570Z] --- SERVER RESTARTED - ROUTES REGISTERED v1.0.6 ---
[2026-03-20T05:48:58.231Z] --- SERVER RESTARTED - ROUTES REGISTERED v1.0.6 ---
[2026-03-20T05:49:02.976Z] --- SERVER RESTARTED - ROUTES REGISTERED v1.0.6 ---
[2026-03-20T05:49:07.627Z] --- SERVER RESTARTED - ROUTES REGISTERED v1.0.6 ---
[2026-03-20T05:49:12.044Z] --- SERVER RESTARTED - ROUTES REGISTERED v1.0.6 ---
[2026-03-20T05:49:16.841Z] --- SERVER RESTARTED - ROUTES REGISTERED v1.0.6 ---
[2026-03-20T05:49:20.799Z] --- SERVER RESTARTED - ROUTES REGISTERED v1.0.6 ---
[2026-03-20T05:49:25.291Z] --- SERVER RESTARTED - ROUTES REGISTERED v1.0.6 ---
[2026-03-20T05:49:31.715Z] --- SERVER RESTARTED - ROUTES REGISTERED v1.0.6 ---
[2026-03-20T05:49:36.678Z] --- SERVER RESTARTED - ROUTES REGISTERED v1.0.6 ---
[2026-03-20T05:49:45.019Z] --- SERVER RESTARTED - ROUTES REGISTERED v1.0.6 ---
[2026-03-20T05:49:53.071Z] --- SERVER RESTARTED - ROUTES REGISTERED v1.0.6 ---
[2026-03-20T05:49:59.637Z] --- SERVER RESTARTED - ROUTES REGISTERED v1.0.6 ---
[2026-03-20T05:50:04.002Z] --- SERVER RESTARTED - ROUTES REGISTERED v1.0.6 ---
[2026-03-20T05:50:09.957Z] --- SERVER RESTARTED - ROUTES REGISTERED v1.0.6 ---
[2026-03-20T05:50:16.459Z] --- SERVER RESTARTED - ROUTES REGISTERED v1.0.6 ---
[2026-03-20T05:50:21.327Z] --- SERVER RESTARTED - ROUTES REGISTERED v1.0.6 ---
[2026-03-20T05:50:26.040Z] --- SERVER RESTARTED - ROUTES REGISTERED v1.0.6 ---
[2026-03-20T05:50:30.892Z] --- SERVER RESTARTED - ROUTES REGISTERED v1.0.6 ---
[2026-03-20T05:50:36.833Z] --- SERVER RESTARTED - ROUTES REGISTERED v1.0.6 ---
[2026-03-20T05:50:41.071Z] --- SERVER RESTARTED - ROUTES REGISTERED v1.0.6 ---
[2026-03-20T05:50:46.363Z] --- SERVER RESTARTED - ROUTES REGISTERED v1.0.6 ---
[2026-03-20T05:50:50.532Z] --- SERVER RESTARTED - ROUTES REGISTERED v1.0.6 ---
[2026-03-20T05:50:54.826Z] --- SERVER RESTARTED - ROUTES REGISTERED v1.0.6 ---
[2026-03-20T05:50:59.439Z] --- SERVER RESTARTED - ROUTES REGISTERED v1.0.6 ---
[2026-03-20T05:51:03.500Z] --- SERVER RESTARTED - ROUTES REGISTERED v1.0.6 ---
[2026-03-20T05:51:07.744Z] --- SERVER RESTARTED - ROUTES REGISTERED v1.0.6 ---
[2026-03-20T05:51:11.705Z] --- SERVER RESTARTED - ROUTES REGISTERED v1.0.6 ---
[2026-03-20T05:51:17.004Z] --- SERVER RESTARTED - ROUTES REGISTERED v1.0.6 ---
[2026-03-20T05:51:21.295Z] --- SERVER RESTARTED - ROUTES REGISTERED v1.0.6 ---
[2026-03-20T05:51:25.585Z] --- SERVER RESTARTED - ROUTES REGISTERED v1.0.6 ---
[2026-03-20T05:51:30.041Z] --- SERVER RESTARTED - ROUTES REGISTERED v1.0.6 ---
[2026-03-20T05:51:33.989Z] --- SERVER RESTARTED - ROUTES REGISTERED v1.0.6 ---
[2026-03-20T05:51:38.387Z] --- SERVER RESTARTED - ROUTES REGISTERED v1.0.6 ---
[2026-03-20T05:51:42.240Z] --- SERVER RESTARTED - ROUTES REGISTERED v1.0.6 ---
[2026-03-20T05:51:46.829Z] --- SERVER RESTARTED - ROUTES REGISTERED v1.0.6 ---
[2026-03-20T05:51:50.818Z] --- SERVER RESTARTED - ROUTES REGISTERED v1.0.6 ---
[2026-03-20T05:51:56.882Z] --- SERVER RESTARTED - ROUTES REGISTERED v1.0.6 ---
[2026-03-20T05:52:01.466Z] --- SERVER RESTARTED - ROUTES REGISTERED v1.0.6 ---
[2026-03-20T05:52:06.145Z] --- SERVER RESTARTED - ROUTES REGISTERED v1.0.6 ---
[2026-03-20T05:52:10.864Z] --- SERVER RESTARTED - ROUTES REGISTERED v1.0.6 ---
[2026-03-20T05:52:15.725Z] --- SERVER RESTARTED - ROUTES REGISTERED v1.0.6 ---
[2026-03-20T05:52:20.265Z] --- SERVER RESTARTED - ROUTES REGISTERED v1.0.6 ---
[2026-03-20T05:52:24.308Z] --- SERVER RESTARTED - ROUTES REGISTERED v1.0.6 ---
[2026-03-20T05:52:28.586Z] --- SERVER RESTARTED - ROUTES REGISTERED v1.0.6 ---
[2026-03-20T05:52:32.626Z] --- SERVER RESTARTED - ROUTES REGISTERED v1.0.6 ---
[2026-03-20T05:52:37.507Z] --- SERVER RESTARTED - ROUTES REGISTERED v1.0.6 ---
[2026-03-20T05:52:42.441Z] --- SERVER RESTARTED - ROUTES REGISTERED v1.0.6 ---
[2026-03-20T05:52:46.272Z] --- SERVER RESTARTED - ROUTES REGISTERED v1.0.6 ---
[2026-03-20T05:52:54.456Z] --- SERVER RESTARTED - ROUTES REGISTERED v1.0.6 ---
[2026-03-20T05:53:00.774Z] --- SERVER RESTARTED - ROUTES REGISTERED v1.0.6 ---
[2026-03-20T05:53:05.536Z] --- SERVER RESTARTED - ROUTES REGISTERED v1.0.6 ---
[2026-03-20T05:53:10.812Z] --- SERVER RESTARTED - ROUTES REGISTERED v1.0.6 ---
[2026-03-20T05:53:18.238Z] --- SERVER RESTARTED - ROUTES REGISTERED v1.0.6 ---
[2026-03-20T05:53:24.814Z] --- SERVER RESTARTED - ROUTES REGISTERED v1.0.6 ---
[2026-03-20T05:53:28.887Z] --- SERVER RESTARTED - ROUTES REGISTERED v1.0.6 ---
[2026-03-20T05:53:34.797Z] --- SERVER RESTARTED - ROUTES REGISTERED v1.0.6 ---
[2026-03-20T05:53:38.937Z] --- SERVER RESTARTED - ROUTES REGISTERED v1.0.6 ---
[2026-03-20T05:53:42.998Z] --- SERVER RESTARTED - ROUTES REGISTERED v1.0.6 ---
[2026-03-20T05:53:47.467Z] --- SERVER RESTARTED - ROUTES REGISTERED v1.0.6 ---
[2026-03-20T05:53:52.074Z] --- SERVER RESTARTED - ROUTES REGISTERED v1.0.6 ---
[2026-03-20T05:53:56.094Z] --- SERVER RESTARTED - ROUTES REGISTERED v1.0.6 ---
[2026-03-20T05:53:59.983Z] --- SERVER RESTARTED - ROUTES REGISTERED v1.0.6 ---
[2026-03-20T05:54:04.341Z] --- SERVER RESTARTED - ROUTES REGISTERED v1.0.6 ---
[2026-03-20T05:54:08.388Z] --- SERVER RESTARTED - ROUTES REGISTERED v1.0.6 ---
[2026-03-20T05:54:12.894Z] --- SERVER RESTARTED - ROUTES REGISTERED v1.0.6 ---
[2026-03-20T05:54:19.583Z] --- SERVER RESTARTED - ROUTES REGISTERED v1.0.6 ---
[2026-03-20T05:54:23.483Z] --- SERVER RESTARTED - ROUTES REGISTERED v1.0.6 ---
[2026-03-20T05:54:27.377Z] --- SERVER RESTARTED - ROUTES REGISTERED v1.0.6 ---
[2026-03-20T05:54:31.677Z] --- SERVER RESTARTED - ROUTES REGISTERED v1.0.6 ---
[2026-03-20T05:54:35.949Z] --- SERVER RESTARTED - ROUTES REGISTERED v1.0.6 ---
[2026-03-20T05:54:40.262Z] --- SERVER RESTARTED - ROUTES REGISTERED v1.0.6 ---
[2026-03-20T05:54:44.086Z] --- SERVER RESTARTED - ROUTES REGISTERED v1.0.6 ---
[2026-03-20T05:54:49.477Z] --- SERVER RESTARTED - ROUTES REGISTERED v1.0.6 ---
[2026-03-20T05:54:54.234Z] --- SERVER RESTARTED - ROUTES REGISTERED v1.0.6 ---
[2026-03-20T05:54:58.771Z] --- SERVER RESTARTED - ROUTES REGISTERED v1.0.6 ---
[2026-03-20T05:55:03.302Z] --- SERVER RESTARTED - ROUTES REGISTERED v1.0.6 ---
[2026-03-20T05:55:07.801Z] --- SERVER RESTARTED - ROUTES REGISTERED v1.0.6 ---
[2026-03-20T05:55:12.079Z] --- SERVER RESTARTED - ROUTES REGISTERED v1.0.6 ---
[2026-03-20T05:55:16.218Z] --- SERVER RESTARTED - ROUTES REGISTERED v1.0.6 ---
[2026-03-20T05:55:22.836Z] --- SERVER RESTARTED - ROUTES REGISTERED v1.0.6 ---
[2026-03-20T05:55:42.640Z] --- SERVER RESTARTED - ROUTES REGISTERED v1.0.6 ---
[2026-03-20T05:56:06.872Z] --- SERVER RESTARTED - ROUTES REGISTERED v1.0.6 ---
[2026-03-20T05:56:11.288Z] --- SERVER RESTARTED - ROUTES REGISTERED v1.0.6 ---
[2026-03-20T05:56:16.009Z] --- SERVER RESTARTED - ROUTES REGISTERED v1.0.6 ---
[2026-03-20T05:56:20.631Z] --- SERVER RESTARTED - ROUTES REGISTERED v1.0.6 ---
[2026-03-20T05:56:24.514Z] --- SERVER RESTARTED - ROUTES REGISTERED v1.0.6 ---
[2026-03-20T05:56:28.768Z] --- SERVER RESTARTED - ROUTES REGISTERED v1.0.6 ---
[2026-03-20T05:56:32.770Z] --- SERVER RESTARTED - ROUTES REGISTERED v1.0.6 ---
[2026-03-20T05:56:37.497Z] --- SERVER RESTARTED - ROUTES REGISTERED v1.0.6 ---
[2026-03-20T05:56:42.349Z] --- SERVER RESTARTED - ROUTES REGISTERED v1.0.6 ---
[2026-03-20T05:56:46.201Z] --- SERVER RESTARTED - ROUTES REGISTERED v1.0.6 ---
[2026-03-20T05:56:51.220Z] --- SERVER RESTARTED - ROUTES REGISTERED v1.0.6 ---
[2026-03-20T05:56:56.762Z] --- SERVER RESTARTED - ROUTES REGISTERED v1.0.6 ---
[2026-03-20T05:57:00.717Z] --- SERVER RESTARTED - ROUTES REGISTERED v1.0.6 ---
[2026-03-20T05:57:05.141Z] --- SERVER RESTARTED - ROUTES REGISTERED v1.0.6 ---
[2026-03-20T05:57:09.764Z] --- SERVER RESTARTED - ROUTES REGISTERED v1.0.6 ---
[2026-03-20T05:57:13.516Z] --- SERVER RESTARTED - ROUTES REGISTERED v1.0.6 ---
[2026-03-20T05:57:18.076Z] --- SERVER RESTARTED - ROUTES REGISTERED v1.0.6 ---
[2026-03-20T05:57:22.988Z] --- SERVER RESTARTED - ROUTES REGISTERED v1.0.6 ---
[2026-03-20T05:57:27.261Z] --- SERVER RESTARTED - ROUTES REGISTERED v1.0.6 ---
[2026-03-20T05:57:31.771Z] --- SERVER RESTARTED - ROUTES REGISTERED v1.0.6 ---
[2026-03-20T05:57:35.808Z] --- SERVER RESTARTED - ROUTES REGISTERED v1.0.6 ---
[2026-03-20T05:57:39.796Z] --- SERVER RESTARTED - ROUTES REGISTERED v1.0.6 ---
[2026-03-20T05:57:43.812Z] --- SERVER RESTARTED - ROUTES REGISTERED v1.0.6 ---
[2026-03-20T05:57:48.701Z] --- SERVER RESTARTED - ROUTES REGISTERED v1.0.6 ---
[2026-03-20T05:57:53.077Z] --- SERVER RESTARTED - ROUTES REGISTERED v1.0.6 ---
[2026-03-20T05:57:56.829Z] --- SERVER RESTARTED - ROUTES REGISTERED v1.0.6 ---
[2026-03-20T05:58:01.887Z] --- SERVER RESTARTED - ROUTES REGISTERED v1.0.6 ---
[2026-03-20T05:58:06.042Z] --- SERVER RESTARTED - ROUTES REGISTERED v1.0.6 ---
[2026-03-20T05:58:10.691Z] --- SERVER RESTARTED - ROUTES REGISTERED v1.0.6 ---
[2026-03-20T05:58:15.503Z] --- SERVER RESTARTED - ROUTES REGISTERED v1.0.6 ---
[2026-03-20T05:58:19.781Z] --- SERVER RESTARTED - ROUTES REGISTERED v1.0.6 ---
[2026-03-20T05:58:23.747Z] --- SERVER RESTARTED - ROUTES REGISTERED v1.0.6 ---
[2026-03-20T05:58:27.896Z] --- SERVER RESTARTED - ROUTES REGISTERED v1.0.6 ---
[2026-03-20T05:58:32.443Z] --- SERVER RESTARTED - ROUTES REGISTERED v1.0.6 ---
[2026-03-20T05:58:37.108Z] --- SERVER RESTARTED - ROUTES REGISTERED v1.0.6 ---
[2026-03-20T05:58:40.961Z] --- SERVER RESTARTED - ROUTES REGISTERED v1.0.6 ---
[2026-03-20T05:58:45.222Z] --- SERVER RESTARTED - ROUTES REGISTERED v1.0.6 ---
[2026-03-20T05:58:49.663Z] --- SERVER RESTARTED - ROUTES REGISTERED v1.0.6 ---
[2026-03-20T05:58:54.255Z] --- SERVER RESTARTED - ROUTES REGISTERED v1.0.6 ---
[2026-03-20T05:58:57.992Z] --- SERVER RESTARTED - ROUTES REGISTERED v1.0.6 ---
[2026-03-20T05:59:02.077Z] --- SERVER RESTARTED - ROUTES REGISTERED v1.0.6 ---
[2026-03-20T05:59:07.432Z] --- SERVER RESTARTED - ROUTES REGISTERED v1.0.6 ---
[2026-03-20T05:59:12.838Z] --- SERVER RESTARTED - ROUTES REGISTERED v1.0.6 ---
[2026-03-20T05:59:18.879Z] --- SERVER RESTARTED - ROUTES REGISTERED v1.0.6 ---
[2026-03-20T05:59:22.978Z] --- SERVER RESTARTED - ROUTES REGISTERED v1.0.6 ---
[2026-03-20T05:59:28.208Z] --- SERVER RESTARTED - ROUTES REGISTERED v1.0.6 ---
[2026-03-20T05:59:33.643Z] --- SERVER RESTARTED - ROUTES REGISTERED v1.0.6 ---
[2026-03-20T05:59:38.147Z] --- SERVER RESTARTED - ROUTES REGISTERED v1.0.6 ---
[2026-03-20T05:59:41.940Z] --- SERVER RESTARTED - ROUTES REGISTERED v1.0.6 ---
[2026-03-20T05:59:46.977Z] --- SERVER RESTARTED - ROUTES REGISTERED v1.0.6 ---
[2026-03-20T05:59:52.050Z] --- SERVER RESTARTED - ROUTES REGISTERED v1.0.6 ---
[2026-03-20T05:59:56.297Z] --- SERVER RESTARTED - ROUTES REGISTERED v1.0.6 ---
[2026-03-20T06:00:02.287Z] --- SERVER RESTARTED - ROUTES REGISTERED v1.0.6 ---
[2026-03-20T06:00:07.844Z] --- SERVER RESTARTED - ROUTES REGISTERED v1.0.6 ---
[2026-03-20T06:00:12.863Z] --- SERVER RESTARTED - ROUTES REGISTERED v1.0.6 ---
[2026-03-20T06:00:17.267Z] --- SERVER RESTARTED - ROUTES REGISTERED v1.0.6 ---
[2026-03-20T06:00:22.014Z] --- SERVER RESTARTED - ROUTES REGISTERED v1.0.6 ---
[2026-03-20T06:00:26.194Z] --- SERVER RESTARTED - ROUTES REGISTERED v1.0.6 ---
[2026-03-20T06:00:31.516Z] --- SERVER RESTARTED - ROUTES REGISTERED v1.0.6 ---
[2026-03-20T06:00:35.672Z] --- SERVER RESTARTED - ROUTES REGISTERED v1.0.6 ---
[2026-03-20T06:00:41.030Z] --- SERVER RESTARTED - ROUTES REGISTERED v1.0.6 ---
[2026-03-20T06:00:46.356Z] --- SERVER RESTARTED - ROUTES REGISTERED v1.0.6 ---
[2026-03-20T06:00:50.990Z] --- SERVER RESTARTED - ROUTES REGISTERED v1.0.6 ---
[2026-03-20T06:00:55.713Z] --- SERVER RESTARTED - ROUTES REGISTERED v1.0.6 ---
[2026-03-20T06:00:59.713Z] --- SERVER RESTARTED - ROUTES REGISTERED v1.0.6 ---
[2026-03-20T06:01:04.259Z] --- SERVER RESTARTED - ROUTES REGISTERED v1.0.6 ---
[2026-03-20T06:01:08.773Z] --- SERVER RESTARTED - ROUTES REGISTERED v1.0.6 ---
[2026-03-20T06:01:12.929Z] --- SERVER RESTARTED - ROUTES REGISTERED v1.0.6 ---
[2026-03-20T06:01:17.613Z] --- SERVER RESTARTED - ROUTES REGISTERED v1.0.6 ---
[2026-03-20T06:01:21.948Z] --- SERVER RESTARTED - ROUTES REGISTERED v1.0.6 ---
[2026-03-20T06:01:26.730Z] --- SERVER RESTARTED - ROUTES REGISTERED v1.0.6 ---
[2026-03-20T06:01:31.374Z] --- SERVER RESTARTED - ROUTES REGISTERED v1.0.6 ---
[2026-03-20T06:01:36.083Z] --- SERVER RESTARTED - ROUTES REGISTERED v1.0.6 ---
[2026-03-20T06:01:40.239Z] --- SERVER RESTARTED - ROUTES REGISTERED v1.0.6 ---
[2026-03-20T06:01:44.998Z] --- SERVER RESTARTED - ROUTES REGISTERED v1.0.6 ---
[2026-03-20T06:01:51.486Z] --- SERVER RESTARTED - ROUTES REGISTERED v1.0.6 ---
[2026-03-20T06:01:57.607Z] --- SERVER RESTARTED - ROUTES REGISTERED v1.0.6 ---
[2026-03-20T06:02:02.248Z] --- SERVER RESTARTED - ROUTES REGISTERED v1.0.6 ---
[2026-03-20T06:02:07.534Z] --- SERVER RESTARTED - ROUTES REGISTERED v1.0.6 ---
[2026-03-20T06:02:15.799Z] --- SERVER RESTARTED - ROUTES REGISTERED v1.0.6 ---
[2026-03-20T06:02:20.462Z] --- SERVER RESTARTED - ROUTES REGISTERED v1.0.6 ---
[2026-03-20T06:02:32.015Z] --- SERVER RESTARTED - ROUTES REGISTERED v1.0.6 ---
[2026-03-20T06:02:34.367Z] --- SERVER RESTARTED - ROUTES REGISTERED v1.0.6 ---
[2026-03-20T06:02:41.492Z] --- SERVER RESTARTED - ROUTES REGISTERED v1.0.6 ---
[2026-03-20T06:02:47.952Z] --- SERVER RESTARTED - ROUTES REGISTERED v1.0.6 ---
[2026-03-20T06:02:53.137Z] --- SERVER RESTARTED - ROUTES REGISTERED v1.0.6 ---
[2026-03-20T06:02:57.793Z] --- SERVER RESTARTED - ROUTES REGISTERED v1.0.6 ---
[2026-03-20T06:03:02.386Z] --- SERVER RESTARTED - ROUTES REGISTERED v1.0.6 ---
[2026-03-20T06:03:07.192Z] --- SERVER RESTARTED - ROUTES REGISTERED v1.0.6 ---
[2026-03-20T06:03:11.458Z] --- SERVER RESTARTED - ROUTES REGISTERED v1.0.6 ---
[2026-03-20T06:03:16.104Z] --- SERVER RESTARTED - ROUTES REGISTERED v1.0.6 ---
[2026-03-20T06:03:21.535Z] --- SERVER RESTARTED - ROUTES REGISTERED v1.0.6 ---
[2026-03-20T06:03:27.679Z] --- SERVER RESTARTED - ROUTES REGISTERED v1.0.6 ---
[2026-03-20T06:03:31.927Z] --- SERVER RESTARTED - ROUTES REGISTERED v1.0.6 ---
[2026-03-20T06:03:38.125Z] --- SERVER RESTARTED - ROUTES REGISTERED v1.0.6 ---
[2026-03-20T06:03:42.702Z] --- SERVER RESTARTED - ROUTES REGISTERED v1.0.6 ---
[2026-03-20T06:03:48.799Z] --- SERVER RESTARTED - ROUTES REGISTERED v1.0.6 ---
[2026-03-20T06:03:54.656Z] --- SERVER RESTARTED - ROUTES REGISTERED v1.0.6 ---
[2026-03-20T06:03:59.526Z] --- SERVER RESTARTED - ROUTES REGISTERED v1.0.6 ---
[2026-03-20T06:04:05.793Z] --- SERVER RESTARTED - ROUTES REGISTERED v1.0.6 ---
[2026-03-20T06:04:13.522Z] --- SERVER RESTARTED - ROUTES REGISTERED v1.0.6 ---
[2026-03-20T06:04:18.818Z] --- SERVER RESTARTED - ROUTES REGISTERED v1.0.6 ---
[2026-03-20T06:04:25.040Z] --- SERVER RESTARTED - ROUTES REGISTERED v1.0.6 ---
[2026-03-20T06:04:32.050Z] --- SERVER RESTARTED - ROUTES REGISTERED v1.0.6 ---
[2026-03-20T06:04:38.350Z] --- SERVER RESTARTED - ROUTES REGISTERED v1.0.6 ---
[2026-03-20T06:04:46.042Z] --- SERVER RESTARTED - ROUTES REGISTERED v1.0.6 ---
[2026-03-20T06:04:50.627Z] --- SERVER RESTARTED - ROUTES REGISTERED v1.0.6 ---
[2026-03-20T06:04:55.384Z] --- SERVER RESTARTED - ROUTES REGISTERED v1.0.6 ---
[2026-03-20T06:05:00.274Z] --- SERVER RESTARTED - ROUTES REGISTERED v1.0.6 ---
[2026-03-20T06:05:01.627Z] [Storage] Executing: UPDATE documents SET word_file_path = @wordFilePath, updated_at = GETDATE() WHERE id = @id
[2026-03-20T06:05:06.052Z] --- SERVER RESTARTED - ROUTES REGISTERED v1.0.6 ---
[2026-03-20T06:05:11.355Z] [Word View] Requesting document doc-1773986701505
[2026-03-20T06:05:11.372Z] [Word View] Primary path attempt: C:\inetpub\wwwroot\dms\uploads\uploads\doc-1773986701505_1773986701609_s-102_demo (1).docx
[2026-03-20T06:05:11.374Z] [Word View] Primary path failed: ENOENT: no such file or directory, access 'C:\inetpub\wwwroot\dms\uploads\uploads\doc-1773986701505_1773986701609_s-102_demo (1).docx'
[2026-03-20T06:05:11.374Z] [Word View] Trying fallback path: C:\inetpub\wwwroot\dms\uploads\doc-1773986701505_1773986701609_s-102_demo (1).docx
[2026-03-20T06:05:11.377Z] [Word View] Successfully read file from fallback path, size: 723358 bytes
[2026-03-20T06:05:11.377Z] [Word View] Processing .docx file for document doc-1773986701505.
[2026-03-20T06:05:11.609Z] [Word View] Mammoth conversion complete, HTML length: 920477 
[2026-03-20T06:05:13.901Z] --- SERVER RESTARTED - ROUTES REGISTERED v1.0.6 ---
[2026-03-20T06:05:19.540Z] --- SERVER RESTARTED - ROUTES REGISTERED v1.0.6 ---
[2026-03-20T06:05:23.950Z] --- SERVER RESTARTED - ROUTES REGISTERED v1.0.6 ---
[2026-03-20T06:05:28.423Z] --- SERVER RESTARTED - ROUTES REGISTERED v1.0.6 ---
[2026-03-20T06:05:33.241Z] --- SERVER RESTARTED - ROUTES REGISTERED v1.0.6 ---
[2026-03-20T06:05:37.743Z] --- SERVER RESTARTED - ROUTES REGISTERED v1.0.6 ---
[2026-03-20T06:05:44.814Z] --- SERVER RESTARTED - ROUTES REGISTERED v1.0.6 ---
[2026-03-20T06:05:50.386Z] --- SERVER RESTARTED - ROUTES REGISTERED v1.0.6 ---
[2026-03-20T06:05:56.092Z] --- SERVER RESTARTED - ROUTES REGISTERED v1.0.6 ---
[2026-03-20T06:06:01.660Z] --- SERVER RESTARTED - ROUTES REGISTERED v1.0.6 ---
[2026-03-20T06:06:07.068Z] --- SERVER RESTARTED - ROUTES REGISTERED v1.0.6 ---
[2026-03-20T06:06:12.998Z] --- SERVER RESTARTED - ROUTES REGISTERED v1.0.6 ---
[2026-03-20T06:06:16.694Z] [Storage] Executing: UPDATE documents SET word_file_path = @wordFilePath, updated_at = GETDATE() WHERE id = @id
[2026-03-20T06:06:20.219Z] --- SERVER RESTARTED - ROUTES REGISTERED v1.0.6 ---
[2026-03-20T06:06:24.632Z] [Word View] Requesting document doc-1773986776517
[2026-03-20T06:06:24.648Z] [Word View] Primary path attempt: C:\inetpub\wwwroot\dms\uploads\uploads\doc-1773986776517_1773986776679_doc-1773808882418_1773808882455_doc-1772700471093_1772700471126_prepare a prototype.docx
[2026-03-20T06:06:24.650Z] [Word View] Primary path failed: ENOENT: no such file or directory, access 'C:\inetpub\wwwroot\dms\uploads\uploads\doc-1773986776517_1773986776679_doc-1773808882418_1773808882455_doc-1772700471093_1772700471126_prepare a prototype.docx'
[2026-03-20T06:06:24.650Z] [Word View] Trying fallback path: C:\inetpub\wwwroot\dms\uploads\doc-1773986776517_1773986776679_doc-1773808882418_1773808882455_doc-1772700471093_1772700471126_prepare a prototype.docx
[2026-03-20T06:06:24.653Z] [Word View] Successfully read file from fallback path, size: 723358 bytes
[2026-03-20T06:06:24.654Z] [Word View] Processing .docx file for document doc-1773986776517.
[2026-03-20T06:06:24.895Z] [Word View] Mammoth conversion complete, HTML length: 920477 
[2026-03-20T06:06:27.094Z] --- SERVER RESTARTED - ROUTES REGISTERED v1.0.6 ---
[2026-03-20T06:06:32.363Z] --- SERVER RESTARTED - ROUTES REGISTERED v1.0.6 ---
[2026-03-20T06:06:37.107Z] --- SERVER RESTARTED - ROUTES REGISTERED v1.0.6 ---
[2026-03-20T06:06:42.843Z] --- SERVER RESTARTED - ROUTES REGISTERED v1.0.6 ---
[2026-03-20T06:06:48.191Z] --- SERVER RESTARTED - ROUTES REGISTERED v1.0.6 ---
[2026-03-20T06:06:54.600Z] --- SERVER RESTARTED - ROUTES REGISTERED v1.0.6 ---
[2026-03-20T06:07:02.815Z] --- SERVER RESTARTED - ROUTES REGISTERED v1.0.6 ---
[2026-03-20T06:07:15.256Z] --- SERVER RESTARTED - ROUTES REGISTERED v1.0.6 ---
[2026-03-20T06:07:24.165Z] --- SERVER RESTARTED - ROUTES REGISTERED v1.0.6 ---
[2026-03-20T06:07:29.848Z] --- SERVER RESTARTED - ROUTES REGISTERED v1.0.6 ---
[2026-03-20T06:07:36.758Z] --- SERVER RESTARTED - ROUTES REGISTERED v1.0.6 ---
[2026-03-20T06:07:44.474Z] --- SERVER RESTARTED - ROUTES REGISTERED v1.0.6 ---
[2026-03-20T06:07:50.891Z] --- SERVER RESTARTED - ROUTES REGISTERED v1.0.6 ---
[2026-03-20T06:07:57.423Z] --- SERVER RESTARTED - ROUTES REGISTERED v1.0.6 ---
[2026-03-20T06:08:03.129Z] --- SERVER RESTARTED - ROUTES REGISTERED v1.0.6 ---
[2026-03-20T06:08:09.268Z] --- SERVER RESTARTED - ROUTES REGISTERED v1.0.6 ---
[2026-03-20T06:08:14.105Z] --- SERVER RESTARTED - ROUTES REGISTERED v1.0.6 ---
[2026-03-20T06:08:20.510Z] --- SERVER RESTARTED - ROUTES REGISTERED v1.0.6 ---
[2026-03-20T06:08:25.821Z] --- SERVER RESTARTED - ROUTES REGISTERED v1.0.6 ---
[2026-03-20T06:08:30.835Z] --- SERVER RESTARTED - ROUTES REGISTERED v1.0.6 ---
[2026-03-20T06:08:35.742Z] --- SERVER RESTARTED - ROUTES REGISTERED v1.0.6 ---
[2026-03-20T06:08:40.374Z] --- SERVER RESTARTED - ROUTES REGISTERED v1.0.6 ---
[2026-03-20T06:08:45.253Z] --- SERVER RESTARTED - ROUTES REGISTERED v1.0.6 ---
[2026-03-20T06:08:50.203Z] --- SERVER RESTARTED - ROUTES REGISTERED v1.0.6 ---
[2026-03-20T06:08:55.732Z] --- SERVER RESTARTED - ROUTES REGISTERED v1.0.6 ---
[2026-03-20T06:09:01.344Z] --- SERVER RESTARTED - ROUTES REGISTERED v1.0.6 ---
[2026-03-20T06:09:08.054Z] --- SERVER RESTARTED - ROUTES REGISTERED v1.0.6 ---
[2026-03-20T06:09:08.254Z] [Update] Status check: current=pending, original=pending
[2026-03-20T06:09:08.257Z] [Update] Final updateData keys for doc-1773986776517: updatedAt, docName, docNumber, dateOfIssue, revisionNo, duePeriodYears, reasonForRevision, location, preparerName, dateOfRev, reviewDueDate, wordFilePath
[2026-03-20T06:09:08.257Z] [Update] Final updateData values: {"updatedAt":"2026-03-20T06:09:08.254Z","docName":"demo2","docNumber":"NF/0H/01","dateOfIssue":"2026-03-20T00:00:00.000Z","revisionNo":2,"duePeriodYears":3,"reasonForRevision":"test","location":"Unit 2, Unit 3","preparerName":"Priyanka K","dateOfRev":null,"reviewDueDate":"2029-03-19T00:00:00.000Z","wordFilePath":"uploads/doc-1773986776517_1773986948256_doc-1773812533752_1773812534044_Revised 1. Control of Documents 01.10.2025.docx"}
[2026-03-20T06:09:08.441Z] [Storage] Executing: UPDATE documents SET doc_name = @docName, doc_number = @docNumber, date_of_issue = @dateOfIssue, revision_no = @revisionNo, due_period_years = @duePeriodYears, reason_for_revision = @reasonForRevision, review_due_date = @reviewDueDate, word_file_path = @wordFilePath, preparer_name = @preparerName, location = @location, date_of_rev = @dateOfRev, updated_at = GETDATE() WHERE id = @id
[2026-03-20T06:09:13.857Z] --- SERVER RESTARTED - ROUTES REGISTERED v1.0.6 ---
[2026-03-20T06:09:13.992Z] [Word View] Requesting document doc-1773986776517
[2026-03-20T06:09:14.184Z] [Word View] Primary path attempt: C:\inetpub\wwwroot\dms\uploads\uploads\doc-1773986776517_1773986948256_doc-1773812533752_1773812534044_Revised 1. Control of Documents 01.10.2025.docx
[2026-03-20T06:09:14.187Z] [Word View] Primary path failed: ENOENT: no such file or directory, access 'C:\inetpub\wwwroot\dms\uploads\uploads\doc-1773986776517_1773986948256_doc-1773812533752_1773812534044_Revised 1. Control of Documents 01.10.2025.docx'
[2026-03-20T06:09:14.188Z] [Word View] Trying fallback path: C:\inetpub\wwwroot\dms\uploads\doc-1773986776517_1773986948256_doc-1773812533752_1773812534044_Revised 1. Control of Documents 01.10.2025.docx
[2026-03-20T06:09:14.190Z] [Word View] Successfully read file from fallback path, size: 50220 bytes
[2026-03-20T06:09:14.191Z] [Word View] Processing .docx file for document doc-1773986776517.
[2026-03-20T06:09:14.616Z] [Word View] Mammoth conversion complete, HTML length: 19182 
[2026-03-20T06:09:19.879Z] --- SERVER RESTARTED - ROUTES REGISTERED v1.0.6 ---
[2026-03-20T06:09:26.415Z] --- SERVER RESTARTED - ROUTES REGISTERED v1.0.6 ---
[2026-03-20T06:09:32.530Z] --- SERVER RESTARTED - ROUTES REGISTERED v1.0.6 ---
[2026-03-20T06:09:38.169Z] --- SERVER RESTARTED - ROUTES REGISTERED v1.0.6 ---
[2026-03-20T06:09:43.647Z] --- SERVER RESTARTED - ROUTES REGISTERED v1.0.6 ---
[2026-03-20T06:09:59.314Z] --- SERVER RESTARTED - ROUTES REGISTERED v1.0.6 ---
[2026-03-20T06:10:04.823Z] --- SERVER RESTARTED - ROUTES REGISTERED v1.0.6 ---
[2026-03-20T06:10:10.872Z] [Storage] Executing: UPDATE documents SET status = @status, approved_by = @approvedBy, approved_at = @approvedAt, approval_remarks = @approvalRemarks, approver_data = @approverData, approver_name = @approverName, updated_at = GETDATE() WHERE id = @id
[2026-03-20T06:10:13.692Z] --- SERVER RESTARTED - ROUTES REGISTERED v1.0.6 ---
[2026-03-20T06:10:30.173Z] --- SERVER RESTARTED - ROUTES REGISTERED v1.0.6 ---
[2026-03-20T06:10:35.410Z] --- SERVER RESTARTED - ROUTES REGISTERED v1.0.6 ---
[2026-03-20T06:10:41.905Z] --- SERVER RESTARTED - ROUTES REGISTERED v1.0.6 ---
[2026-03-20T06:10:46.358Z] [Storage] Executing: UPDATE documents SET doc_number = @docNumber, status = @status, issued_by = @issuedBy, issued_at = @issuedAt, issue_remarks = @issueRemarks, issuer_name = @issuerName, issuer_data = @issuerData, updated_at = GETDATE() WHERE id = @id
[2026-03-20T06:10:48.287Z] --- SERVER RESTARTED - ROUTES REGISTERED v1.0.6 ---
[2026-03-20T06:10:54.234Z] --- SERVER RESTARTED - ROUTES REGISTERED v1.0.6 ---
[2026-03-20T06:11:02.598Z] --- SERVER RESTARTED - ROUTES REGISTERED v1.0.6 ---
[2026-03-20T06:11:09.738Z] --- SERVER RESTARTED - ROUTES REGISTERED v1.0.6 ---
[2026-03-20T06:11:14.905Z] --- SERVER RESTARTED - ROUTES REGISTERED v1.0.6 ---
[2026-03-20T06:11:20.221Z] --- SERVER RESTARTED - ROUTES REGISTERED v1.0.6 ---
[2026-03-20T06:11:26.799Z] --- SERVER RESTARTED - ROUTES REGISTERED v1.0.6 ---
[2026-03-20T06:11:34.489Z] --- SERVER RESTARTED - ROUTES REGISTERED v1.0.6 ---
[2026-03-20T06:11:39.582Z] --- SERVER RESTARTED - ROUTES REGISTERED v1.0.6 ---
[2026-03-20T06:11:44.746Z] --- SERVER RESTARTED - ROUTES REGISTERED v1.0.6 ---
[2026-03-20T06:11:52.020Z] --- SERVER RESTARTED - ROUTES REGISTERED v1.0.6 ---
[2026-03-20T06:11:58.514Z] --- SERVER RESTARTED - ROUTES REGISTERED v1.0.6 ---
[2026-03-20T06:12:03.343Z] --- SERVER RESTARTED - ROUTES REGISTERED v1.0.6 ---
[2026-03-20T06:12:08.621Z] --- SERVER RESTARTED - ROUTES REGISTERED v1.0.6 ---
[2026-03-20T06:12:12.970Z] --- SERVER RESTARTED - ROUTES REGISTERED v1.0.6 ---
[2026-03-20T06:12:18.873Z] --- SERVER RESTARTED - ROUTES REGISTERED v1.0.6 ---
[2026-03-20T06:12:23.233Z] --- SERVER RESTARTED - ROUTES REGISTERED v1.0.6 ---
[2026-03-20T06:12:28.810Z] --- SERVER RESTARTED - ROUTES REGISTERED v1.0.6 ---
[2026-03-20T06:12:34.334Z] --- SERVER RESTARTED - ROUTES REGISTERED v1.0.6 ---
[2026-03-20T06:12:40.689Z] --- SERVER RESTARTED - ROUTES REGISTERED v1.0.6 ---
[2026-03-20T06:12:45.523Z] --- SERVER RESTARTED - ROUTES REGISTERED v1.0.6 ---
[2026-03-20T06:12:50.081Z] --- SERVER RESTARTED - ROUTES REGISTERED v1.0.6 ---
[2026-03-20T06:12:54.693Z] --- SERVER RESTARTED - ROUTES REGISTERED v1.0.6 ---
[2026-03-20T06:12:59.257Z] --- SERVER RESTARTED - ROUTES REGISTERED v1.0.6 ---
[2026-03-20T06:13:03.952Z] --- SERVER RESTARTED - ROUTES REGISTERED v1.0.6 ---
[2026-03-20T06:13:09.283Z] --- SERVER RESTARTED - ROUTES REGISTERED v1.0.6 ---
[2026-03-20T06:13:14.113Z] --- SERVER RESTARTED - ROUTES REGISTERED v1.0.6 ---
[2026-03-20T06:13:18.465Z] --- SERVER RESTARTED - ROUTES REGISTERED v1.0.6 ---
[2026-03-20T06:13:22.787Z] --- SERVER RESTARTED - ROUTES REGISTERED v1.0.6 ---
[2026-03-20T06:13:29.588Z] --- SERVER RESTARTED - ROUTES REGISTERED v1.0.6 ---
[2026-03-20T06:13:35.873Z] --- SERVER RESTARTED - ROUTES REGISTERED v1.0.6 ---
[2026-03-20T06:13:44.492Z] --- SERVER RESTARTED - ROUTES REGISTERED v1.0.6 ---
[2026-03-20T06:13:50.723Z] --- SERVER RESTARTED - ROUTES REGISTERED v1.0.6 ---
[2026-03-20T06:13:56.519Z] --- SERVER RESTARTED - ROUTES REGISTERED v1.0.6 ---
[2026-03-20T06:14:04.706Z] --- SERVER RESTARTED - ROUTES REGISTERED v1.0.6 ---
[2026-03-20T06:14:13.774Z] --- SERVER RESTARTED - ROUTES REGISTERED v1.0.6 ---
[2026-03-20T06:14:21.384Z] --- SERVER RESTARTED - ROUTES REGISTERED v1.0.6 ---
[2026-03-20T06:14:33.817Z] --- SERVER RESTARTED - ROUTES REGISTERED v1.0.6 ---
[2026-03-20T06:14:40.020Z] --- SERVER RESTARTED - ROUTES REGISTERED v1.0.6 ---
[2026-03-20T06:14:46.508Z] --- SERVER RESTARTED - ROUTES REGISTERED v1.0.6 ---
[2026-03-20T06:14:54.636Z] --- SERVER RESTARTED - ROUTES REGISTERED v1.0.6 ---
[2026-03-20T06:15:06.741Z] --- SERVER RESTARTED - ROUTES REGISTERED v1.0.6 ---
[2026-03-20T06:15:15.756Z] --- SERVER RESTARTED - ROUTES REGISTERED v1.0.6 ---
[2026-03-20T06:15:22.046Z] --- SERVER RESTARTED - ROUTES REGISTERED v1.0.6 ---
[2026-03-20T06:15:26.582Z] --- SERVER RESTARTED - ROUTES REGISTERED v1.0.6 ---
[2026-03-20T06:15:31.839Z] --- SERVER RESTARTED - ROUTES REGISTERED v1.0.6 ---
[2026-03-20T06:15:36.369Z] --- SERVER RESTARTED - ROUTES REGISTERED v1.0.6 ---
[2026-03-20T06:15:42.804Z] --- SERVER RESTARTED - ROUTES REGISTERED v1.0.6 ---
[2026-03-20T06:15:49.092Z] --- SERVER RESTARTED - ROUTES REGISTERED v1.0.6 ---
[2026-03-20T06:15:54.121Z] --- SERVER RESTARTED - ROUTES REGISTERED v1.0.6 ---
[2026-03-20T06:16:00.061Z] --- SERVER RESTARTED - ROUTES REGISTERED v1.0.6 ---
[2026-03-20T06:16:09.605Z] --- SERVER RESTARTED - ROUTES REGISTERED v1.0.6 ---
[2026-03-20T06:16:14.668Z] --- SERVER RESTARTED - ROUTES REGISTERED v1.0.6 ---
[2026-03-20T06:16:24.242Z] --- SERVER RESTARTED - ROUTES REGISTERED v1.0.6 ---
[2026-03-20T06:16:37.717Z] --- SERVER RESTARTED - ROUTES REGISTERED v1.0.6 ---
[2026-03-20T06:16:54.787Z] --- SERVER RESTARTED - ROUTES REGISTERED v1.0.6 ---
[2026-03-20T06:17:07.109Z] --- SERVER RESTARTED - ROUTES REGISTERED v1.0.6 ---
[2026-03-20T06:17:15.287Z] --- SERVER RESTARTED - ROUTES REGISTERED v1.0.6 ---
[2026-03-20T06:17:20.453Z] --- SERVER RESTARTED - ROUTES REGISTERED v1.0.6 ---
[2026-03-20T06:17:25.198Z] --- SERVER RESTARTED - ROUTES REGISTERED v1.0.6 ---
[2026-03-20T06:17:29.939Z] --- SERVER RESTARTED - ROUTES REGISTERED v1.0.6 ---
[2026-03-20T06:17:36.023Z] --- SERVER RESTARTED - ROUTES REGISTERED v1.0.6 ---
[2026-03-20T06:17:40.669Z] --- SERVER RESTARTED - ROUTES REGISTERED v1.0.6 ---
[2026-03-20T06:17:45.464Z] --- SERVER RESTARTED - ROUTES REGISTERED v1.0.6 ---
[2026-03-20T06:17:50.464Z] --- SERVER RESTARTED - ROUTES REGISTERED v1.0.6 ---
[2026-03-20T06:17:54.865Z] --- SERVER RESTARTED - ROUTES REGISTERED v1.0.6 ---
[2026-03-20T06:17:59.436Z] --- SERVER RESTARTED - ROUTES REGISTERED v1.0.6 ---
[2026-03-20T06:18:04.151Z] --- SERVER RESTARTED - ROUTES REGISTERED v1.0.6 ---
[2026-03-20T06:18:09.398Z] --- SERVER RESTARTED - ROUTES REGISTERED v1.0.6 ---
[2026-03-20T06:18:14.564Z] --- SERVER RESTARTED - ROUTES REGISTERED v1.0.6 ---
[2026-03-20T06:18:24.406Z] --- SERVER RESTARTED - ROUTES REGISTERED v1.0.6 ---
[2026-03-20T06:18:30.430Z] --- SERVER RESTARTED - ROUTES REGISTERED v1.0.6 ---
[2026-03-20T06:18:36.514Z] --- SERVER RESTARTED - ROUTES REGISTERED v1.0.6 ---
[2026-03-20T06:18:43.601Z] --- SERVER RESTARTED - ROUTES REGISTERED v1.0.6 ---
[2026-03-20T06:18:48.394Z] --- SERVER RESTARTED - ROUTES REGISTERED v1.0.6 ---
[2026-03-20T06:18:55.721Z] --- SERVER RESTARTED - ROUTES REGISTERED v1.0.6 ---
[2026-03-20T06:19:01.048Z] --- SERVER RESTARTED - ROUTES REGISTERED v1.0.6 ---
[2026-03-20T06:19:06.352Z] --- SERVER RESTARTED - ROUTES REGISTERED v1.0.6 ---
[2026-03-20T06:19:11.105Z] --- SERVER RESTARTED - ROUTES REGISTERED v1.0.6 ---
[2026-03-20T06:19:16.812Z] --- SERVER RESTARTED - ROUTES REGISTERED v1.0.6 ---
[2026-03-20T06:19:22.644Z] --- SERVER RESTARTED - ROUTES REGISTERED v1.0.6 ---
[2026-03-20T06:19:27.333Z] --- SERVER RESTARTED - ROUTES REGISTERED v1.0.6 ---
[2026-03-20T06:19:31.757Z] --- SERVER RESTARTED - ROUTES REGISTERED v1.0.6 ---
[2026-03-20T06:19:36.925Z] --- SERVER RESTARTED - ROUTES REGISTERED v1.0.6 ---
[2026-03-20T06:19:40.887Z] --- SERVER RESTARTED - ROUTES REGISTERED v1.0.6 ---
[2026-03-20T06:19:46.462Z] --- SERVER RESTARTED - ROUTES REGISTERED v1.0.6 ---
[2026-03-20T06:19:51.829Z] --- SERVER RESTARTED - ROUTES REGISTERED v1.0.6 ---
[2026-03-20T06:19:56.746Z] --- SERVER RESTARTED - ROUTES REGISTERED v1.0.6 ---
[2026-03-20T06:20:02.400Z] --- SERVER RESTARTED - ROUTES REGISTERED v1.0.6 ---
[2026-03-20T06:20:07.287Z] --- SERVER RESTARTED - ROUTES REGISTERED v1.0.6 ---
[2026-03-20T06:20:11.817Z] --- SERVER RESTARTED - ROUTES REGISTERED v1.0.6 ---
[2026-03-20T06:20:17.689Z] --- SERVER RESTARTED - ROUTES REGISTERED v1.0.6 ---
[2026-03-20T06:20:22.305Z] --- SERVER RESTARTED - ROUTES REGISTERED v1.0.6 ---
[2026-03-20T06:20:28.031Z] --- SERVER RESTARTED - ROUTES REGISTERED v1.0.6 ---
[2026-03-20T06:20:34.410Z] --- SERVER RESTARTED - ROUTES REGISTERED v1.0.6 ---
[2026-03-20T06:20:40.147Z] --- SERVER RESTARTED - ROUTES REGISTERED v1.0.6 ---
[2026-03-20T06:20:47.229Z] --- SERVER RESTARTED - ROUTES REGISTERED v1.0.6 ---
[2026-03-20T06:20:52.765Z] --- SERVER RESTARTED - ROUTES REGISTERED v1.0.6 ---
[2026-03-20T06:20:57.562Z] --- SERVER RESTARTED - ROUTES REGISTERED v1.0.6 ---
[2026-03-20T06:21:02.648Z] --- SERVER RESTARTED - ROUTES REGISTERED v1.0.6 ---
[2026-03-20T06:21:06.744Z] --- SERVER RESTARTED - ROUTES REGISTERED v1.0.6 ---
[2026-03-20T06:21:11.327Z] --- SERVER RESTARTED - ROUTES REGISTERED v1.0.6 ---
[2026-03-20T06:21:16.205Z] --- SERVER RESTARTED - ROUTES REGISTERED v1.0.6 ---
[2026-03-20T06:21:22.250Z] --- SERVER RESTARTED - ROUTES REGISTERED v1.0.6 ---
[2026-03-20T06:21:27.958Z] --- SERVER RESTARTED - ROUTES REGISTERED v1.0.6 ---
[2026-03-20T06:21:32.421Z] --- SERVER RESTARTED - ROUTES REGISTERED v1.0.6 ---
[2026-03-20T06:21:38.175Z] --- SERVER RESTARTED - ROUTES REGISTERED v1.0.6 ---
[2026-03-20T06:21:42.615Z] --- SERVER RESTARTED - ROUTES REGISTERED v1.0.6 ---
[2026-03-20T06:21:48.217Z] --- SERVER RESTARTED - ROUTES REGISTERED v1.0.6 ---
[2026-03-20T06:21:52.935Z] --- SERVER RESTARTED - ROUTES REGISTERED v1.0.6 ---
[2026-03-20T06:21:58.456Z] --- SERVER RESTARTED - ROUTES REGISTERED v1.0.6 ---
[2026-03-20T06:22:02.729Z] --- SERVER RESTARTED - ROUTES REGISTERED v1.0.6 ---
[2026-03-20T06:22:07.357Z] --- SERVER RESTARTED - ROUTES REGISTERED v1.0.6 ---
[2026-03-20T06:22:12.468Z] --- SERVER RESTARTED - ROUTES REGISTERED v1.0.6 ---
[2026-03-20T06:22:20.880Z] --- SERVER RESTARTED - ROUTES REGISTERED v1.0.6 ---
[2026-03-20T06:22:25.053Z] --- SERVER RESTARTED - ROUTES REGISTERED v1.0.6 ---
[2026-03-20T06:22:30.643Z] --- SERVER RESTARTED - ROUTES REGISTERED v1.0.6 ---
[2026-03-20T06:22:37.688Z] --- SERVER RESTARTED - ROUTES REGISTERED v1.0.6 ---
[2026-03-20T06:22:45.382Z] --- SERVER RESTARTED - ROUTES REGISTERED v1.0.6 ---
[2026-03-20T06:22:50.288Z] --- SERVER RESTARTED - ROUTES REGISTERED v1.0.6 ---
[2026-03-20T06:22:56.939Z] --- SERVER RESTARTED - ROUTES REGISTERED v1.0.6 ---
[2026-03-20T06:23:01.593Z] --- SERVER RESTARTED - ROUTES REGISTERED v1.0.6 ---
[2026-03-20T06:23:08.881Z] --- SERVER RESTARTED - ROUTES REGISTERED v1.0.6 ---
[2026-03-20T06:23:13.499Z] --- SERVER RESTARTED - ROUTES REGISTERED v1.0.6 ---
[2026-03-20T06:23:20.812Z] --- SERVER RESTARTED - ROUTES REGISTERED v1.0.6 ---
[2026-03-20T06:23:41.442Z] --- SERVER RESTARTED - ROUTES REGISTERED v1.0.6 ---
[2026-03-20T06:24:01.978Z] --- SERVER RESTARTED - ROUTES REGISTERED v1.0.6 ---
[2026-03-20T06:24:08.374Z] --- SERVER RESTARTED - ROUTES REGISTERED v1.0.6 ---
[2026-03-20T06:24:13.835Z] --- SERVER RESTARTED - ROUTES REGISTERED v1.0.6 ---
[2026-03-20T06:24:17.998Z] --- SERVER RESTARTED - ROUTES REGISTERED v1.0.6 ---
[2026-03-20T06:24:22.453Z] --- SERVER RESTARTED - ROUTES REGISTERED v1.0.6 ---
[2026-03-20T06:24:26.242Z] --- SERVER RESTARTED - ROUTES REGISTERED v1.0.6 ---
[2026-03-20T06:24:30.557Z] --- SERVER RESTARTED - ROUTES REGISTERED v1.0.6 ---
[2026-03-20T06:24:35.071Z] --- SERVER RESTARTED - ROUTES REGISTERED v1.0.6 ---
[2026-03-20T06:24:39.846Z] --- SERVER RESTARTED - ROUTES REGISTERED v1.0.6 ---
[2026-03-20T06:24:44.483Z] --- SERVER RESTARTED - ROUTES REGISTERED v1.0.6 ---
[2026-03-20T06:24:49.373Z] --- SERVER RESTARTED - ROUTES REGISTERED v1.0.6 ---
[2026-03-20T06:24:53.275Z] --- SERVER RESTARTED - ROUTES REGISTERED v1.0.6 ---
[2026-03-20T06:24:57.743Z] --- SERVER RESTARTED - ROUTES REGISTERED v1.0.6 ---
[2026-03-20T06:25:02.214Z] --- SERVER RESTARTED - ROUTES REGISTERED v1.0.6 ---
[2026-03-20T06:25:06.830Z] --- SERVER RESTARTED - ROUTES REGISTERED v1.0.6 ---
[2026-03-20T06:25:11.577Z] --- SERVER RESTARTED - ROUTES REGISTERED v1.0.6 ---
[2026-03-20T06:25:15.463Z] --- SERVER RESTARTED - ROUTES REGISTERED v1.0.6 ---
[2026-03-20T06:25:20.283Z] --- SERVER RESTARTED - ROUTES REGISTERED v1.0.6 ---
[2026-03-20T06:25:24.332Z] --- SERVER RESTARTED - ROUTES REGISTERED v1.0.6 ---
[2026-03-20T06:25:28.833Z] --- SERVER RESTARTED - ROUTES REGISTERED v1.0.6 ---
[2026-03-20T06:25:36.080Z] --- SERVER RESTARTED - ROUTES REGISTERED v1.0.6 ---
[2026-03-20T06:25:41.723Z] --- SERVER RESTARTED - ROUTES REGISTERED v1.0.6 ---
[2026-03-20T06:25:48.317Z] --- SERVER RESTARTED - ROUTES REGISTERED v1.0.6 ---
[2026-03-20T06:25:55.136Z] --- SERVER RESTARTED - ROUTES REGISTERED v1.0.6 ---
[2026-03-20T06:26:00.018Z] --- SERVER RESTARTED - ROUTES REGISTERED v1.0.6 ---
[2026-03-20T06:26:05.920Z] --- SERVER RESTARTED - ROUTES REGISTERED v1.0.6 ---
[2026-03-20T06:26:10.533Z] --- SERVER RESTARTED - ROUTES REGISTERED v1.0.6 ---
[2026-03-20T06:26:25.042Z] --- SERVER RESTARTED - ROUTES REGISTERED v1.0.6 ---
[2026-03-20T06:26:30.311Z] --- SERVER RESTARTED - ROUTES REGISTERED v1.0.6 ---
[2026-03-20T06:26:35.968Z] --- SERVER RESTARTED - ROUTES REGISTERED v1.0.6 ---
[2026-03-20T06:26:40.556Z] [Storage] Executing: UPDATE documents SET status = @status, approved_by = @approvedBy, approved_at = @approvedAt, approval_remarks = @approvalRemarks, approver_data = @approverData, approver_name = @approverName, updated_at = GETDATE() WHERE id = @id
[2026-03-20T06:26:41.058Z] --- SERVER RESTARTED - ROUTES REGISTERED v1.0.6 ---
[2026-03-20T06:26:53.060Z] --- SERVER RESTARTED - ROUTES REGISTERED v1.0.6 ---
[2026-03-20T06:26:58.043Z] --- SERVER RESTARTED - ROUTES REGISTERED v1.0.6 ---
[2026-03-20T06:27:00.387Z] [Storage] Executing: UPDATE documents SET doc_number = @docNumber, status = @status, issued_by = @issuedBy, issued_at = @issuedAt, issue_remarks = @issueRemarks, issuer_name = @issuerName, issuer_data = @issuerData, updated_at = GETDATE() WHERE id = @id
[2026-03-20T06:27:03.352Z] --- SERVER RESTARTED - ROUTES REGISTERED v1.0.6 ---
[2026-03-20T06:27:08.645Z] --- SERVER RESTARTED - ROUTES REGISTERED v1.0.6 ---
[2026-03-20T06:27:15.627Z] --- SERVER RESTARTED - ROUTES REGISTERED v1.0.6 ---
[2026-03-20T06:27:20.926Z] --- SERVER RESTARTED - ROUTES REGISTERED v1.0.6 ---
[2026-03-20T06:27:26.758Z] --- SERVER RESTARTED - ROUTES REGISTERED v1.0.6 ---
[2026-03-20T06:27:32.400Z] --- SERVER RESTARTED - ROUTES REGISTERED v1.0.6 ---
[2026-03-20T06:27:37.125Z] --- SERVER RESTARTED - ROUTES REGISTERED v1.0.6 ---
[2026-03-20T06:27:42.426Z] --- SERVER RESTARTED - ROUTES REGISTERED v1.0.6 ---
[2026-03-20T06:27:47.218Z] --- SERVER RESTARTED - ROUTES REGISTERED v1.0.6 ---
[2026-03-20T06:27:52.753Z] --- SERVER RESTARTED - ROUTES REGISTERED v1.0.6 ---
[2026-03-20T06:27:58.162Z] --- SERVER RESTARTED - ROUTES REGISTERED v1.0.6 ---
[2026-03-20T06:28:04.772Z] --- SERVER RESTARTED - ROUTES REGISTERED v1.0.6 ---
[2026-03-20T06:28:09.734Z] --- SERVER RESTARTED - ROUTES REGISTERED v1.0.6 ---
[2026-03-20T06:28:14.636Z] --- SERVER RESTARTED - ROUTES REGISTERED v1.0.6 ---
[2026-03-20T06:28:20.147Z] --- SERVER RESTARTED - ROUTES REGISTERED v1.0.6 ---
[2026-03-20T06:28:24.412Z] --- SERVER RESTARTED - ROUTES REGISTERED v1.0.6 ---
[2026-03-20T06:28:29.688Z] --- SERVER RESTARTED - ROUTES REGISTERED v1.0.6 ---
[2026-03-20T06:28:39.910Z] --- SERVER RESTARTED - ROUTES REGISTERED v1.0.6 ---
[2026-03-20T06:28:44.526Z] --- SERVER RESTARTED - ROUTES REGISTERED v1.0.6 ---
[2026-03-20T06:28:50.671Z] --- SERVER RESTARTED - ROUTES REGISTERED v1.0.6 ---
[2026-03-20T06:28:55.619Z] --- SERVER RESTARTED - ROUTES REGISTERED v1.0.6 ---
[2026-03-20T06:29:00.773Z] --- SERVER RESTARTED - ROUTES REGISTERED v1.0.6 ---
[2026-03-20T06:29:12.049Z] --- SERVER RESTARTED - ROUTES REGISTERED v1.0.6 ---
[2026-03-20T06:29:18.897Z] --- SERVER RESTARTED - ROUTES REGISTERED v1.0.6 ---
[2026-03-20T06:29:24.719Z] --- SERVER RESTARTED - ROUTES REGISTERED v1.0.6 ---
[2026-03-20T06:29:31.042Z] --- SERVER RESTARTED - ROUTES REGISTERED v1.0.6 ---
[2026-03-20T06:29:37.814Z] --- SERVER RESTARTED - ROUTES REGISTERED v1.0.6 ---
[2026-03-20T06:29:44.686Z] --- SERVER RESTARTED - ROUTES REGISTERED v1.0.6 ---
[2026-03-20T06:30:17.720Z] --- SERVER RESTARTED - ROUTES REGISTERED v1.0.6 ---
[2026-03-20T06:30:42.927Z] --- SERVER RESTARTED - ROUTES REGISTERED v1.0.6 ---
[2026-03-20T06:30:50.697Z] --- SERVER RESTARTED - ROUTES REGISTERED v1.0.6 ---
[2026-03-20T06:30:55.739Z] --- SERVER RESTARTED - ROUTES REGISTERED v1.0.6 ---
[2026-03-20T06:31:02.631Z] --- SERVER RESTARTED - ROUTES REGISTERED v1.0.6 ---
[2026-03-20T06:31:09.008Z] --- SERVER RESTARTED - ROUTES REGISTERED v1.0.6 ---
[2026-03-20T06:31:14.972Z] --- SERVER RESTARTED - ROUTES REGISTERED v1.0.6 ---
[2026-03-20T06:31:19.709Z] --- SERVER RESTARTED - ROUTES REGISTERED v1.0.6 ---
[2026-03-20T06:31:25.826Z] --- SERVER RESTARTED - ROUTES REGISTERED v1.0.6 ---
[2026-03-20T06:31:34.909Z] --- SERVER RESTARTED - ROUTES REGISTERED v1.0.6 ---
[2026-03-20T06:31:44.973Z] --- SERVER RESTARTED - ROUTES REGISTERED v1.0.6 ---
[2026-03-20T06:31:52.548Z] --- SERVER RESTARTED - ROUTES REGISTERED v1.0.6 ---
[2026-03-20T06:31:58.171Z] --- SERVER RESTARTED - ROUTES REGISTERED v1.0.6 ---
[2026-03-20T06:32:04.004Z] --- SERVER RESTARTED - ROUTES REGISTERED v1.0.6 ---
[2026-03-20T06:32:08.899Z] --- SERVER RESTARTED - ROUTES REGISTERED v1.0.6 ---
[2026-03-20T06:32:14.612Z] --- SERVER RESTARTED - ROUTES REGISTERED v1.0.6 ---
[2026-03-20T06:32:21.088Z] --- SERVER RESTARTED - ROUTES REGISTERED v1.0.6 ---
[2026-03-20T06:32:27.137Z] --- SERVER RESTARTED - ROUTES REGISTERED v1.0.6 ---
[2026-03-20T06:32:32.129Z] --- SERVER RESTARTED - ROUTES REGISTERED v1.0.6 ---
[2026-03-20T06:32:37.294Z] --- SERVER RESTARTED - ROUTES REGISTERED v1.0.6 ---
[2026-03-20T06:32:44.440Z] --- SERVER RESTARTED - ROUTES REGISTERED v1.0.6 ---
[2026-03-20T06:32:51.919Z] --- SERVER RESTARTED - ROUTES REGISTERED v1.0.6 ---
[2026-03-20T06:32:57.563Z] --- SERVER RESTARTED - ROUTES REGISTERED v1.0.6 ---
[2026-03-20T06:33:03.197Z] --- SERVER RESTARTED - ROUTES REGISTERED v1.0.6 ---
[2026-03-20T06:33:08.982Z] --- SERVER RESTARTED - ROUTES REGISTERED v1.0.6 ---
[2026-03-20T06:33:19.787Z] --- SERVER RESTARTED - ROUTES REGISTERED v1.0.6 ---
[2026-03-20T06:33:29.304Z] --- SERVER RESTARTED - ROUTES REGISTERED v1.0.6 ---
[2026-03-20T06:33:36.637Z] --- SERVER RESTARTED - ROUTES REGISTERED v1.0.6 ---
[2026-03-20T06:33:46.050Z] --- SERVER RESTARTED - ROUTES REGISTERED v1.0.6 ---
[2026-03-20T06:33:56.737Z] --- SERVER RESTARTED - ROUTES REGISTERED v1.0.6 ---
[2026-03-20T06:34:04.361Z] --- SERVER RESTARTED - ROUTES REGISTERED v1.0.6 ---
[2026-03-20T06:34:11.009Z] --- SERVER RESTARTED - ROUTES REGISTERED v1.0.6 ---
[2026-03-20T06:34:15.197Z] --- SERVER RESTARTED - ROUTES REGISTERED v1.0.6 ---
[2026-03-20T06:34:20.254Z] --- SERVER RESTARTED - ROUTES REGISTERED v1.0.6 ---
[2026-03-20T06:34:25.849Z] --- SERVER RESTARTED - ROUTES REGISTERED v1.0.6 ---
[2026-03-20T06:34:34.452Z] --- SERVER RESTARTED - ROUTES REGISTERED v1.0.6 ---
[2026-03-20T06:34:39.210Z] --- SERVER RESTARTED - ROUTES REGISTERED v1.0.6 ---
[2026-03-20T06:34:47.615Z] --- SERVER RESTARTED - ROUTES REGISTERED v1.0.6 ---
[2026-03-20T06:34:54.306Z] --- SERVER RESTARTED - ROUTES REGISTERED v1.0.6 ---
[2026-03-20T06:35:01.962Z] --- SERVER RESTARTED - ROUTES REGISTERED v1.0.6 ---
[2026-03-20T06:35:06.983Z] --- SERVER RESTARTED - ROUTES REGISTERED v1.0.6 ---
[2026-03-20T06:35:11.447Z] --- SERVER RESTARTED - ROUTES REGISTERED v1.0.6 ---
[2026-03-20T06:35:15.867Z] --- SERVER RESTARTED - ROUTES REGISTERED v1.0.6 ---
[2026-03-20T06:35:22.688Z] --- SERVER RESTARTED - ROUTES REGISTERED v1.0.6 ---
[2026-03-20T06:35:27.849Z] --- SERVER RESTARTED - ROUTES REGISTERED v1.0.6 ---
[2026-03-20T06:35:33.322Z] --- SERVER RESTARTED - ROUTES REGISTERED v1.0.6 ---
[2026-03-20T06:35:38.148Z] --- SERVER RESTARTED - ROUTES REGISTERED v1.0.6 ---
[2026-03-20T06:35:42.390Z] --- SERVER RESTARTED - ROUTES REGISTERED v1.0.6 ---
[2026-03-20T06:35:47.544Z] --- SERVER RESTARTED - ROUTES REGISTERED v1.0.6 ---
[2026-03-20T06:35:52.163Z] --- SERVER RESTARTED - ROUTES REGISTERED v1.0.6 ---
[2026-03-20T06:35:57.657Z] --- SERVER RESTARTED - ROUTES REGISTERED v1.0.6 ---
[2026-03-20T06:36:03.042Z] --- SERVER RESTARTED - ROUTES REGISTERED v1.0.6 ---
[2026-03-20T06:36:09.316Z] --- SERVER RESTARTED - ROUTES REGISTERED v1.0.6 ---
[2026-03-20T06:36:13.854Z] --- SERVER RESTARTED - ROUTES REGISTERED v1.0.6 ---
[2026-03-20T06:36:19.401Z] --- SERVER RESTARTED - ROUTES REGISTERED v1.0.6 ---
[2026-03-20T06:36:24.345Z] --- SERVER RESTARTED - ROUTES REGISTERED v1.0.6 ---
[2026-03-20T06:36:29.702Z] --- SERVER RESTARTED - ROUTES REGISTERED v1.0.6 ---
[2026-03-20T06:36:34.569Z] --- SERVER RESTARTED - ROUTES REGISTERED v1.0.6 ---
[2026-03-20T06:36:40.738Z] --- SERVER RESTARTED - ROUTES REGISTERED v1.0.6 ---
[2026-03-20T06:36:46.136Z] --- SERVER RESTARTED - ROUTES REGISTERED v1.0.6 ---
[2026-03-20T06:36:52.617Z] --- SERVER RESTARTED - ROUTES REGISTERED v1.0.6 ---
[2026-03-20T06:37:04.947Z] --- SERVER RESTARTED - ROUTES REGISTERED v1.0.6 ---
[2026-03-20T06:37:11.921Z] --- SERVER RESTARTED - ROUTES REGISTERED v1.0.6 ---
[2026-03-20T06:37:16.138Z] --- SERVER RESTARTED - ROUTES REGISTERED v1.0.6 ---
[2026-03-20T06:37:22.566Z] --- SERVER RESTARTED - ROUTES REGISTERED v1.0.6 ---
[2026-03-20T06:37:27.682Z] --- SERVER RESTARTED - ROUTES REGISTERED v1.0.6 ---
[2026-03-20T06:37:33.831Z] --- SERVER RESTARTED - ROUTES REGISTERED v1.0.6 ---
[2026-03-20T06:37:42.450Z] --- SERVER RESTARTED - ROUTES REGISTERED v1.0.6 ---
[2026-03-20T06:37:47.809Z] --- SERVER RESTARTED - ROUTES REGISTERED v1.0.6 ---
[2026-03-20T06:37:57.172Z] --- SERVER RESTARTED - ROUTES REGISTERED v1.0.6 ---
[2026-03-20T06:38:07.065Z] --- SERVER RESTARTED - ROUTES REGISTERED v1.0.6 ---
[2026-03-20T06:38:13.655Z] --- SERVER RESTARTED - ROUTES REGISTERED v1.0.6 ---
[2026-03-20T06:38:18.760Z] --- SERVER RESTARTED - ROUTES REGISTERED v1.0.6 ---
[2026-03-20T06:38:24.989Z] --- SERVER RESTARTED - ROUTES REGISTERED v1.0.6 ---
[2026-03-20T06:38:30.326Z] --- SERVER RESTARTED - ROUTES REGISTERED v1.0.6 ---
[2026-03-20T06:38:36.023Z] --- SERVER RESTARTED - ROUTES REGISTERED v1.0.6 ---
[2026-03-20T06:38:42.000Z] --- SERVER RESTARTED - ROUTES REGISTERED v1.0.6 ---
[2026-03-20T06:38:47.148Z] --- SERVER RESTARTED - ROUTES REGISTERED v1.0.6 ---
[2026-03-20T06:38:53.257Z] --- SERVER RESTARTED - ROUTES REGISTERED v1.0.6 ---
[2026-03-20T06:38:59.634Z] --- SERVER RESTARTED - ROUTES REGISTERED v1.0.6 ---
[2026-03-20T06:39:04.835Z] --- SERVER RESTARTED - ROUTES REGISTERED v1.0.6 ---
[2026-03-20T06:39:10.265Z] --- SERVER RESTARTED - ROUTES REGISTERED v1.0.6 ---
[2026-03-20T06:39:15.577Z] --- SERVER RESTARTED - ROUTES REGISTERED v1.0.6 ---
[2026-03-20T06:39:20.650Z] --- SERVER RESTARTED - ROUTES REGISTERED v1.0.6 ---
[2026-03-20T06:39:27.197Z] --- SERVER RESTARTED - ROUTES REGISTERED v1.0.6 ---
[2026-03-20T06:39:33.067Z] --- SERVER RESTARTED - ROUTES REGISTERED v1.0.6 ---
[2026-03-20T06:39:38.818Z] --- SERVER RESTARTED - ROUTES REGISTERED v1.0.6 ---
[2026-03-20T06:39:50.198Z] --- SERVER RESTARTED - ROUTES REGISTERED v1.0.6 ---
[2026-03-20T06:39:56.901Z] --- SERVER RESTARTED - ROUTES REGISTERED v1.0.6 ---
[2026-03-20T06:40:02.925Z] --- SERVER RESTARTED - ROUTES REGISTERED v1.0.6 ---
[2026-03-20T06:40:09.263Z] --- SERVER RESTARTED - ROUTES REGISTERED v1.0.6 ---
[2026-03-20T06:40:15.292Z] --- SERVER RESTARTED - ROUTES REGISTERED v1.0.6 ---
[2026-03-20T06:40:21.215Z] --- SERVER RESTARTED - ROUTES REGISTERED v1.0.6 ---
[2026-03-20T06:40:25.825Z] --- SERVER RESTARTED - ROUTES REGISTERED v1.0.6 ---
[2026-03-20T06:40:32.430Z] --- SERVER RESTARTED - ROUTES REGISTERED v1.0.6 ---
[2026-03-20T06:40:37.762Z] --- SERVER RESTARTED - ROUTES REGISTERED v1.0.6 ---
[2026-03-20T06:40:42.560Z] --- SERVER RESTARTED - ROUTES REGISTERED v1.0.6 ---
[2026-03-20T06:40:47.729Z] --- SERVER RESTARTED - ROUTES REGISTERED v1.0.6 ---
[2026-03-20T06:40:53.749Z] --- SERVER RESTARTED - ROUTES REGISTERED v1.0.6 ---
[2026-03-20T06:40:58.566Z] --- SERVER RESTARTED - ROUTES REGISTERED v1.0.6 ---
[2026-03-20T06:41:03.969Z] --- SERVER RESTARTED - ROUTES REGISTERED v1.0.6 ---
[2026-03-20T06:41:09.259Z] --- SERVER RESTARTED - ROUTES REGISTERED v1.0.6 ---
[2026-03-20T06:41:14.569Z] --- SERVER RESTARTED - ROUTES REGISTERED v1.0.6 ---
[2026-03-20T06:41:20.744Z] --- SERVER RESTARTED - ROUTES REGISTERED v1.0.6 ---
[2026-03-20T06:41:27.125Z] --- SERVER RESTARTED - ROUTES REGISTERED v1.0.6 ---
[2026-03-20T06:41:32.050Z] --- SERVER RESTARTED - ROUTES REGISTERED v1.0.6 ---
[2026-03-20T06:41:37.661Z] --- SERVER RESTARTED - ROUTES REGISTERED v1.0.6 ---
[2026-03-20T06:41:42.843Z] --- SERVER RESTARTED - ROUTES REGISTERED v1.0.6 ---
[2026-03-20T06:41:48.588Z] --- SERVER RESTARTED - ROUTES REGISTERED v1.0.6 ---
[2026-03-20T06:41:53.427Z] --- SERVER RESTARTED - ROUTES REGISTERED v1.0.6 ---
[2026-03-20T06:41:59.987Z] --- SERVER RESTARTED - ROUTES REGISTERED v1.0.6 ---
[2026-03-20T06:42:05.928Z] --- SERVER RESTARTED - ROUTES REGISTERED v1.0.6 ---
[2026-03-20T06:42:12.207Z] --- SERVER RESTARTED - ROUTES REGISTERED v1.0.6 ---
[2026-03-20T06:42:20.236Z] --- SERVER RESTARTED - ROUTES REGISTERED v1.0.6 ---
[2026-03-20T06:42:26.170Z] --- SERVER RESTARTED - ROUTES REGISTERED v1.0.6 ---
[2026-03-20T06:42:31.200Z] --- SERVER RESTARTED - ROUTES REGISTERED v1.0.6 ---
[2026-03-20T06:42:36.663Z] --- SERVER RESTARTED - ROUTES REGISTERED v1.0.6 ---
[2026-03-20T06:42:41.789Z] --- SERVER RESTARTED - ROUTES REGISTERED v1.0.6 ---
[2026-03-20T06:42:49.744Z] --- SERVER RESTARTED - ROUTES REGISTERED v1.0.6 ---
[2026-03-20T06:42:56.368Z] --- SERVER RESTARTED - ROUTES REGISTERED v1.0.6 ---
[2026-03-20T06:43:00.954Z] --- SERVER RESTARTED - ROUTES REGISTERED v1.0.6 ---
[2026-03-20T06:43:08.189Z] --- SERVER RESTARTED - ROUTES REGISTERED v1.0.6 ---
[2026-03-20T06:43:13.446Z] --- SERVER RESTARTED - ROUTES REGISTERED v1.0.6 ---
[2026-03-20T06:43:18.734Z] --- SERVER RESTARTED - ROUTES REGISTERED v1.0.6 ---
[2026-03-20T06:43:24.143Z] --- SERVER RESTARTED - ROUTES REGISTERED v1.0.6 ---
[2026-03-20T06:43:29.532Z] --- SERVER RESTARTED - ROUTES REGISTERED v1.0.6 ---
[2026-03-20T06:43:35.036Z] --- SERVER RESTARTED - ROUTES REGISTERED v1.0.6 ---
[2026-03-20T06:43:39.953Z] --- SERVER RESTARTED - ROUTES REGISTERED v1.0.6 ---
[2026-03-20T06:43:44.293Z] --- SERVER RESTARTED - ROUTES REGISTERED v1.0.6 ---
[2026-03-20T06:43:50.142Z] --- SERVER RESTARTED - ROUTES REGISTERED v1.0.6 ---
[2026-03-20T06:43:55.423Z] --- SERVER RESTARTED - ROUTES REGISTERED v1.0.6 ---
[2026-03-20T06:44:00.016Z] --- SERVER RESTARTED - ROUTES REGISTERED v1.0.6 ---
[2026-03-20T06:44:04.157Z] --- SERVER RESTARTED - ROUTES REGISTERED v1.0.6 ---
[2026-03-20T06:44:08.422Z] --- SERVER RESTARTED - ROUTES REGISTERED v1.0.6 ---
[2026-03-20T06:44:13.018Z] --- SERVER RESTARTED - ROUTES REGISTERED v1.0.6 ---
[2026-03-20T06:44:18.559Z] --- SERVER RESTARTED - ROUTES REGISTERED v1.0.6 ---
[2026-03-20T06:44:23.056Z] --- SERVER RESTARTED - ROUTES REGISTERED v1.0.6 ---
[2026-03-20T06:44:26.920Z] --- SERVER RESTARTED - ROUTES REGISTERED v1.0.6 ---
[2026-03-20T06:44:30.843Z] --- SERVER RESTARTED - ROUTES REGISTERED v1.0.6 ---
[2026-03-20T06:44:37.399Z] --- SERVER RESTARTED - ROUTES REGISTERED v1.0.6 ---
[2026-03-20T06:44:42.678Z] --- SERVER RESTARTED - ROUTES REGISTERED v1.0.6 ---
[2026-03-20T06:44:47.883Z] --- SERVER RESTARTED - ROUTES REGISTERED v1.0.6 ---
[2026-03-20T06:44:52.543Z] --- SERVER RESTARTED - ROUTES REGISTERED v1.0.6 ---
[2026-03-20T06:44:58.443Z] --- SERVER RESTARTED - ROUTES REGISTERED v1.0.6 ---
[2026-03-20T06:45:03.161Z] --- SERVER RESTARTED - ROUTES REGISTERED v1.0.6 ---
[2026-03-20T06:45:09.083Z] --- SERVER RESTARTED - ROUTES REGISTERED v1.0.6 ---
[2026-03-20T06:45:14.311Z] --- SERVER RESTARTED - ROUTES REGISTERED v1.0.6 ---
[2026-03-20T06:45:18.906Z] --- SERVER RESTARTED - ROUTES REGISTERED v1.0.6 ---
[2026-03-20T06:45:23.566Z] --- SERVER RESTARTED - ROUTES REGISTERED v1.0.6 ---
[2026-03-20T06:45:29.237Z] --- SERVER RESTARTED - ROUTES REGISTERED v1.0.6 ---
[2026-03-20T06:45:33.715Z] --- SERVER RESTARTED - ROUTES REGISTERED v1.0.6 ---
[2026-03-20T06:45:39.638Z] --- SERVER RESTARTED - ROUTES REGISTERED v1.0.6 ---
[2026-03-20T06:45:43.937Z] --- SERVER RESTARTED - ROUTES REGISTERED v1.0.6 ---
[2026-03-20T06:45:49.838Z] --- SERVER RESTARTED - ROUTES REGISTERED v1.0.6 ---
[2026-03-20T06:45:56.843Z] --- SERVER RESTARTED - ROUTES REGISTERED v1.0.6 ---
[2026-03-20T06:46:01.844Z] --- SERVER RESTARTED - ROUTES REGISTERED v1.0.6 ---
[2026-03-20T06:46:07.780Z] --- SERVER RESTARTED - ROUTES REGISTERED v1.0.6 ---
[2026-03-20T06:46:14.325Z] --- SERVER RESTARTED - ROUTES REGISTERED v1.0.6 ---
[2026-03-20T06:46:18.742Z] --- SERVER RESTARTED - ROUTES REGISTERED v1.0.6 ---
[2026-03-20T06:46:27.246Z] --- SERVER RESTARTED - ROUTES REGISTERED v1.0.6 ---
[2026-03-20T06:46:32.812Z] --- SERVER RESTARTED - ROUTES REGISTERED v1.0.6 ---
[2026-03-20T06:46:38.541Z] --- SERVER RESTARTED - ROUTES REGISTERED v1.0.6 ---
[2026-03-20T06:46:45.130Z] --- SERVER RESTARTED - ROUTES REGISTERED v1.0.6 ---
[2026-03-20T06:46:51.073Z] --- SERVER RESTARTED - ROUTES REGISTERED v1.0.6 ---
[2026-03-20T06:46:59.782Z] --- SERVER RESTARTED - ROUTES REGISTERED v1.0.6 ---
[2026-03-20T06:47:04.977Z] --- SERVER RESTARTED - ROUTES REGISTERED v1.0.6 ---
[2026-03-20T06:47:09.811Z] --- SERVER RESTARTED - ROUTES REGISTERED v1.0.6 ---
[2026-03-20T06:47:15.427Z] --- SERVER RESTARTED - ROUTES REGISTERED v1.0.6 ---
[2026-03-20T06:47:20.776Z] --- SERVER RESTARTED - ROUTES REGISTERED v1.0.6 ---
[2026-03-20T06:47:26.055Z] --- SERVER RESTARTED - ROUTES REGISTERED v1.0.6 ---
[2026-03-20T06:47:31.443Z] --- SERVER RESTARTED - ROUTES REGISTERED v1.0.6 ---
[2026-03-20T06:47:37.241Z] --- SERVER RESTARTED - ROUTES REGISTERED v1.0.6 ---
[2026-03-20T06:47:45.313Z] --- SERVER RESTARTED - ROUTES REGISTERED v1.0.6 ---
[2026-03-20T06:47:51.313Z] --- SERVER RESTARTED - ROUTES REGISTERED v1.0.6 ---
[2026-03-20T06:47:58.493Z] --- SERVER RESTARTED - ROUTES REGISTERED v1.0.6 ---
[2026-03-20T06:48:03.786Z] --- SERVER RESTARTED - ROUTES REGISTERED v1.0.6 ---
[2026-03-20T06:48:10.909Z] --- SERVER RESTARTED - ROUTES REGISTERED v1.0.6 ---
[2026-03-20T06:48:15.912Z] --- SERVER RESTARTED - ROUTES REGISTERED v1.0.6 ---
[2026-03-20T06:48:21.965Z] --- SERVER RESTARTED - ROUTES REGISTERED v1.0.6 ---
[2026-03-20T06:48:27.575Z] --- SERVER RESTARTED - ROUTES REGISTERED v1.0.6 ---
[2026-03-20T06:48:34.218Z] --- SERVER RESTARTED - ROUTES REGISTERED v1.0.6 ---
[2026-03-20T06:48:41.785Z] --- SERVER RESTARTED - ROUTES REGISTERED v1.0.6 ---
[2026-03-20T06:48:48.135Z] --- SERVER RESTARTED - ROUTES REGISTERED v1.0.6 ---
[2026-03-20T06:48:55.431Z] --- SERVER RESTARTED - ROUTES REGISTERED v1.0.6 ---
[2026-03-20T06:49:02.512Z] --- SERVER RESTARTED - ROUTES REGISTERED v1.0.6 ---
[2026-03-20T06:49:09.151Z] --- SERVER RESTARTED - ROUTES REGISTERED v1.0.6 ---
[2026-03-20T06:49:15.205Z] --- SERVER RESTARTED - ROUTES REGISTERED v1.0.6 ---
[2026-03-20T06:49:22.140Z] --- SERVER RESTARTED - ROUTES REGISTERED v1.0.6 ---
[2026-03-20T06:49:27.838Z] --- SERVER RESTARTED - ROUTES REGISTERED v1.0.6 ---
[2026-03-20T06:49:35.110Z] --- SERVER RESTARTED - ROUTES REGISTERED v1.0.6 ---
[2026-03-20T06:49:40.186Z] --- SERVER RESTARTED - ROUTES REGISTERED v1.0.6 ---
[2026-03-20T06:49:46.168Z] --- SERVER RESTARTED - ROUTES REGISTERED v1.0.6 ---
[2026-03-20T06:49:52.615Z] --- SERVER RESTARTED - ROUTES REGISTERED v1.0.6 ---
[2026-03-20T06:50:11.119Z] --- SERVER RESTARTED - ROUTES REGISTERED v1.0.6 ---
[2026-03-20T06:50:23.338Z] --- SERVER RESTARTED - ROUTES REGISTERED v1.0.6 ---
[2026-03-20T06:50:40.660Z] --- SERVER RESTARTED - ROUTES REGISTERED v1.0.6 ---
[2026-03-20T06:51:15.822Z] --- SERVER RESTARTED - ROUTES REGISTERED v1.0.6 ---
[2026-03-20T06:51:44.184Z] --- SERVER RESTARTED - ROUTES REGISTERED v1.0.6 ---
[2026-03-20T06:52:03.449Z] --- SERVER RESTARTED - ROUTES REGISTERED v1.0.6 ---
[2026-03-20T06:52:13.604Z] --- SERVER RESTARTED - ROUTES REGISTERED v1.0.6 ---
[2026-03-20T06:52:24.146Z] --- SERVER RESTARTED - ROUTES REGISTERED v1.0.6 ---
[2026-03-20T06:52:35.269Z] --- SERVER RESTARTED - ROUTES REGISTERED v1.0.6 ---
[2026-03-20T06:52:47.075Z] --- SERVER RESTARTED - ROUTES REGISTERED v1.0.6 ---
[2026-03-20T06:53:03.430Z] --- SERVER RESTARTED - ROUTES REGISTERED v1.0.6 ---
[2026-03-20T06:53:10.963Z] --- SERVER RESTARTED - ROUTES REGISTERED v1.0.6 ---
[2026-03-20T06:53:19.956Z] --- SERVER RESTARTED - ROUTES REGISTERED v1.0.6 ---
[2026-03-20T06:53:25.719Z] --- SERVER RESTARTED - ROUTES REGISTERED v1.0.6 ---
[2026-03-20T06:53:31.538Z] --- SERVER RESTARTED - ROUTES REGISTERED v1.0.6 ---
[2026-03-20T06:53:36.430Z] --- SERVER RESTARTED - ROUTES REGISTERED v1.0.6 ---
[2026-03-20T06:53:42.343Z] --- SERVER RESTARTED - ROUTES REGISTERED v1.0.6 ---
[2026-03-20T06:53:48.638Z] --- SERVER RESTARTED - ROUTES REGISTERED v1.0.6 ---
[2026-03-20T06:53:55.361Z] --- SERVER RESTARTED - ROUTES REGISTERED v1.0.6 ---
[2026-03-20T06:54:04.921Z] --- SERVER RESTARTED - ROUTES REGISTERED v1.0.6 ---
[2026-03-20T06:54:11.765Z] --- SERVER RESTARTED - ROUTES REGISTERED v1.0.6 ---
[2026-03-20T06:54:18.031Z] --- SERVER RESTARTED - ROUTES REGISTERED v1.0.6 ---
[2026-03-20T06:54:23.959Z] --- SERVER RESTARTED - ROUTES REGISTERED v1.0.6 ---
[2026-03-20T06:54:35.607Z] --- SERVER RESTARTED - ROUTES REGISTERED v1.0.6 ---
[2026-03-20T06:54:42.128Z] --- SERVER RESTARTED - ROUTES REGISTERED v1.0.6 ---
[2026-03-20T06:54:47.877Z] --- SERVER RESTARTED - ROUTES REGISTERED v1.0.6 ---
[2026-03-20T06:54:55.032Z] --- SERVER RESTARTED - ROUTES REGISTERED v1.0.6 ---
[2026-03-20T06:55:04.898Z] --- SERVER RESTARTED - ROUTES REGISTERED v1.0.6 ---
[2026-03-20T06:55:26.159Z] --- SERVER RESTARTED - ROUTES REGISTERED v1.0.6 ---
[2026-03-20T06:55:36.420Z] --- SERVER RESTARTED - ROUTES REGISTERED v1.0.6 ---
[2026-03-20T06:55:47.320Z] --- SERVER RESTARTED - ROUTES REGISTERED v1.0.6 ---
[2026-03-20T06:55:56.038Z] --- SERVER RESTARTED - ROUTES REGISTERED v1.0.6 ---
[2026-03-20T06:56:14.269Z] --- SERVER RESTARTED - ROUTES REGISTERED v1.0.6 ---
[2026-03-20T06:56:23.646Z] --- SERVER RESTARTED - ROUTES REGISTERED v1.0.6 ---
[2026-03-20T06:56:32.577Z] --- SERVER RESTARTED - ROUTES REGISTERED v1.0.6 ---
[2026-03-20T06:56:48.507Z] --- SERVER RESTARTED - ROUTES REGISTERED v1.0.6 ---
[2026-03-20T06:57:01.879Z] --- SERVER RESTARTED - ROUTES REGISTERED v1.0.6 ---
[2026-03-20T06:57:13.995Z] --- SERVER RESTARTED - ROUTES REGISTERED v1.0.6 ---
[2026-03-20T06:57:21.623Z] --- SERVER RESTARTED - ROUTES REGISTERED v1.0.6 ---
[2026-03-20T06:57:34.416Z] --- SERVER RESTARTED - ROUTES REGISTERED v1.0.6 ---
[2026-03-20T06:57:49.000Z] --- SERVER RESTARTED - ROUTES REGISTERED v1.0.6 ---
[2026-03-20T06:58:27.545Z] --- SERVER RESTARTED - ROUTES REGISTERED v1.0.6 ---
[2026-03-20T06:58:40.245Z] --- SERVER RESTARTED - ROUTES REGISTERED v1.0.6 ---
[2026-03-20T06:58:50.323Z] --- SERVER RESTARTED - ROUTES REGISTERED v1.0.6 ---
[2026-03-20T06:58:59.454Z] --- SERVER RESTARTED - ROUTES REGISTERED v1.0.6 ---
[2026-03-20T06:59:09.736Z] --- SERVER RESTARTED - ROUTES REGISTERED v1.0.6 ---
[2026-03-20T06:59:16.775Z] --- SERVER RESTARTED - ROUTES REGISTERED v1.0.6 ---
[2026-03-20T06:59:28.718Z] --- SERVER RESTARTED - ROUTES REGISTERED v1.0.6 ---
[2026-03-20T06:59:35.803Z] --- SERVER RESTARTED - ROUTES REGISTERED v1.0.6 ---
[2026-03-20T06:59:41.643Z] --- SERVER RESTARTED - ROUTES REGISTERED v1.0.6 ---
[2026-03-20T06:59:46.681Z] --- SERVER RESTARTED - ROUTES REGISTERED v1.0.6 ---
[2026-03-20T06:59:54.864Z] --- SERVER RESTARTED - ROUTES REGISTERED v1.0.6 ---
[2026-03-20T07:00:00.871Z] --- SERVER RESTARTED - ROUTES REGISTERED v1.0.6 ---
[2026-03-20T07:00:06.593Z] --- SERVER RESTARTED - ROUTES REGISTERED v1.0.6 ---
[2026-03-20T07:00:11.947Z] --- SERVER RESTARTED - ROUTES REGISTERED v1.0.6 ---
[2026-03-20T07:00:18.523Z] --- SERVER RESTARTED - ROUTES REGISTERED v1.0.6 ---
[2026-03-20T07:00:24.638Z] --- SERVER RESTARTED - ROUTES REGISTERED v1.0.6 ---
[2026-03-20T07:00:31.407Z] --- SERVER RESTARTED - ROUTES REGISTERED v1.0.6 ---
[2026-03-20T07:00:36.009Z] --- SERVER RESTARTED - ROUTES REGISTERED v1.0.6 ---
[2026-03-20T07:00:44.235Z] --- SERVER RESTARTED - ROUTES REGISTERED v1.0.6 ---
[2026-03-20T07:00:49.098Z] --- SERVER RESTARTED - ROUTES REGISTERED v1.0.6 ---
[2026-03-20T07:00:54.489Z] --- SERVER RESTARTED - ROUTES REGISTERED v1.0.6 ---
[2026-03-20T07:01:07.785Z] --- SERVER RESTARTED - ROUTES REGISTERED v1.0.6 ---
[2026-03-20T07:01:15.141Z] --- SERVER RESTARTED - ROUTES REGISTERED v1.0.6 ---
[2026-03-20T07:01:21.584Z] --- SERVER RESTARTED - ROUTES REGISTERED v1.0.6 ---
[2026-03-20T07:01:28.645Z] --- SERVER RESTARTED - ROUTES REGISTERED v1.0.6 ---
[2026-03-20T07:01:34.050Z] --- SERVER RESTARTED - ROUTES REGISTERED v1.0.6 ---
[2026-03-20T07:01:39.282Z] --- SERVER RESTARTED - ROUTES REGISTERED v1.0.6 ---
[2026-03-20T07:01:44.409Z] --- SERVER RESTARTED - ROUTES REGISTERED v1.0.6 ---
[2026-03-20T07:01:52.266Z] --- SERVER RESTARTED - ROUTES REGISTERED v1.0.6 ---
[2026-03-20T07:01:58.726Z] --- SERVER RESTARTED - ROUTES REGISTERED v1.0.6 ---
[2026-03-20T07:02:06.358Z] --- SERVER RESTARTED - ROUTES REGISTERED v1.0.6 ---
[2026-03-20T07:02:12.231Z] --- SERVER RESTARTED - ROUTES REGISTERED v1.0.6 ---
[2026-03-20T07:02:19.146Z] --- SERVER RESTARTED - ROUTES REGISTERED v1.0.6 ---
[2026-03-20T07:02:24.478Z] --- SERVER RESTARTED - ROUTES REGISTERED v1.0.6 ---
[2026-03-20T07:03:27.222Z] --- SERVER RESTARTED - ROUTES REGISTERED v1.0.6 ---
[2026-03-20T07:06:30.981Z] --- SERVER RESTARTED - ROUTES REGISTERED v1.0.6 ---
[2026-03-20T07:15:27.193Z] --- SERVER RESTARTED - ROUTES REGISTERED v1.0.6 ---
[2026-03-20T07:19:22.600Z] --- SERVER RESTARTED - ROUTES REGISTERED v1.0.6 ---
[2026-03-20T07:23:09.656Z] --- SERVER RESTARTED - ROUTES REGISTERED v1.0.6 ---
[2026-03-20T07:38:44.623Z] --- SERVER RESTARTED - ROUTES REGISTERED v1.0.6 ---
[2026-03-20T07:42:36.640Z] --- SERVER RESTARTED - ROUTES REGISTERED v1.0.6 ---
[2026-03-20T07:48:59.741Z] --- SERVER RESTARTED - ROUTES REGISTERED v1.0.6 ---
[2026-03-20T07:54:01.923Z] [PDF Error] Document doc-1773986776517 (NF/0H/01): Protocol error (Page.printToPDF): Invalid parameters Failed to deserialize params.landscape - BINDINGS: bool value expected at position 46
ProtocolError: Protocol error (Page.printToPDF): Invalid parameters Failed to deserialize params.landscape - BINDINGS: bool value expected at position 46
    at <instance_members_initializer> (file:///C:/inetpub/wwwroot/dms/node_modules/puppeteer-core/lib/esm/puppeteer/common/CallbackRegistry.js:99:14)
    at new Callback (file:///C:/inetpub/wwwroot/dms/node_modules/puppeteer-core/lib/esm/puppeteer/common/CallbackRegistry.js:103:16)
    at CallbackRegistry.create (file:///C:/inetpub/wwwroot/dms/node_modules/puppeteer-core/lib/esm/puppeteer/common/CallbackRegistry.js:22:26)
    at Connection._rawSend (file:///C:/inetpub/wwwroot/dms/node_modules/puppeteer-core/lib/esm/puppeteer/cdp/Connection.js:104:26)
    at CdpCDPSession.send (file:///C:/inetpub/wwwroot/dms/node_modules/puppeteer-core/lib/esm/puppeteer/cdp/CdpSession.js:71:33)
    at CdpPage.createPDFStream (file:///C:/inetpub/wwwroot/dms/node_modules/puppeteer-core/lib/esm/puppeteer/cdp/Page.js:832:63)
    at async CdpPage.pdf (file:///C:/inetpub/wwwroot/dms/node_modules/puppeteer-core/lib/esm/puppeteer/cdp/Page.js:860:26)
    at async PDFService.generatePdfFromHtml (file:///C:/inetpub/wwwroot/dms/dist/index.js:981:25)
    at async PDFService.convertWordToPDFWithPuppeteer (file:///C:/inetpub/wwwroot/dms/dist/index.js:1008:14)
    at async PDFService.convertWordToPDF (file:///C:/inetpub/wwwroot/dms/dist/index.js:810:14)
    at async file:///C:/inetpub/wwwroot/dms/dist/index.js:2446:19  
[2026-03-20T07:54:40.329Z] [PDF Error] Document doc-1773986776517 (NF/0H/01): Protocol error (Page.printToPDF): Invalid parameters Failed to deserialize params.landscape - BINDINGS: bool value expected at position 46
ProtocolError: Protocol error (Page.printToPDF): Invalid parameters Failed to deserialize params.landscape - BINDINGS: bool value expected at position 46
    at <instance_members_initializer> (file:///C:/inetpub/wwwroot/dms/node_modules/puppeteer-core/lib/esm/puppeteer/common/CallbackRegistry.js:99:14)
    at new Callback (file:///C:/inetpub/wwwroot/dms/node_modules/puppeteer-core/lib/esm/puppeteer/common/CallbackRegistry.js:103:16)
    at CallbackRegistry.create (file:///C:/inetpub/wwwroot/dms/node_modules/puppeteer-core/lib/esm/puppeteer/common/CallbackRegistry.js:22:26)
    at Connection._rawSend (file:///C:/inetpub/wwwroot/dms/node_modules/puppeteer-core/lib/esm/puppeteer/cdp/Connection.js:104:26)
    at CdpCDPSession.send (file:///C:/inetpub/wwwroot/dms/node_modules/puppeteer-core/lib/esm/puppeteer/cdp/CdpSession.js:71:33)
    at CdpPage.createPDFStream (file:///C:/inetpub/wwwroot/dms/node_modules/puppeteer-core/lib/esm/puppeteer/cdp/Page.js:832:63)
    at async CdpPage.pdf (file:///C:/inetpub/wwwroot/dms/node_modules/puppeteer-core/lib/esm/puppeteer/cdp/Page.js:860:26)
    at async PDFService.generatePdfFromHtml (file:///C:/inetpub/wwwroot/dms/dist/index.js:981:25)
    at async PDFService.convertWordToPDFWithPuppeteer (file:///C:/inetpub/wwwroot/dms/dist/index.js:1008:14)
    at async PDFService.convertWordToPDF (file:///C:/inetpub/wwwroot/dms/dist/index.js:810:14)
    at async file:///C:/inetpub/wwwroot/dms/dist/index.js:2446:19  
[2026-03-20T07:57:57.408Z] --- SERVER RESTARTED - ROUTES REGISTERED v1.0.6 ---
[2026-03-20T08:01:12.082Z] --- SERVER RESTARTED - ROUTES REGISTERED v1.0.6 ---
[2026-03-24T07:30:37.806Z] [Download - unsqn] New PDF download request for ID: doc-1773986776517 
[2026-03-24T07:30:37.831Z] [Download - unsqn] Looking for file: C:\inetpub\wwwroot\dms\uploads\doc-1773986776517_1773986948256_doc-1773812533752_1773812534044_Revised 1. Control of Documents 01.10.2025.docx 
[2026-03-24T07:30:38.070Z] [Download - unsqn] Starting conversion v2.1...
[2026-03-24T07:33:02.178Z] [Download - unsqn] CRITICAL ERROR: Navigation timeout of 30000 ms exceeded 
[2026-03-24T08:49:43.279Z] --- SERVER RESTARTED - ROUTES REGISTERED v1.0.6 ---
[2026-03-24T08:50:15.798Z] [Download - 8m4f1k] New PDF download request for ID: doc-1773986776517 
[2026-03-24T08:50:15.818Z] [Download - 8m4f1k] Looking for file: C:\inetpub\wwwroot\dms\uploads\doc-1773986776517_1773986948256_doc-1773812533752_1773812534044_Revised 1. Control of Documents 01.10.2025.docx 
[2026-03-24T08:50:15.885Z] [Download - 8m4f1k] Starting conversion v2.1...
[2026-03-24T08:50:26.198Z] [Download - 8m4f1k]Success! Sending 177899 bytes
[2026-03-24T09:04:32.144Z] --- SERVER RESTARTED - ROUTES REGISTERED v1.0.6 ---
[2026-03-24T09:04:52.054Z] [Download - jwen0j] New PDF download request for ID: doc-1773986776517 
[2026-03-24T09:04:52.071Z] [Download - jwen0j] Looking for file: C:\inetpub\wwwroot\dms\uploads\doc-1773986776517_1773986948256_doc-1773812533752_1773812534044_Revised 1. Control of Documents 01.10.2025.docx 
[2026-03-24T09:04:52.161Z] [Download - jwen0j] Starting conversion v2.1...
[2026-03-24T09:05:04.418Z] [Download - jwen0j]Success! Sending 162413 bytes
[2026-03-24T09:18:39.644Z] [Storage] Executing: UPDATE documents SET word_file_path = @wordFilePath, updated_at = GETDATE() WHERE id = @id
[2026-03-24T09:19:05.259Z] [Word View] Requesting document doc-1774343919532
[2026-03-24T09:19:05.341Z] [Word View] Primary path attempt: C:\inetpub\wwwroot\dms\uploads\uploads\doc-1774343919532_1774343919618_NFDCL_F_ MR_ 26_Attendance Sheet.docx
[2026-03-24T09:19:05.343Z] [Word View] Primary path failed: ENOENT: no such file or directory, access 'C:\inetpub\wwwroot\dms\uploads\uploads\doc-1774343919532_1774343919618_NFDCL_F_ MR_ 26_Attendance Sheet.docx'
[2026-03-24T09:19:05.344Z] [Word View] Trying fallback path: C:\inetpub\wwwroot\dms\uploads\doc-1774343919532_1774343919618_NFDCL_F_ MR_ 26_Attendance Sheet.docx
[2026-03-24T09:19:05.345Z] [Word View] Successfully read file from fallback path, size: 23194 bytes
[2026-03-24T09:19:05.346Z] [Word View] Processing .docx file for document doc-1774343919532.
[2026-03-24T09:19:05.606Z] [Word View] Mammoth conversion complete, HTML length: 3266 
[2026-03-24T09:19:44.802Z] [Storage] Executing: UPDATE documents SET status = @status, approved_by = @approvedBy, approved_at = @approvedAt, approval_remarks = @approvalRemarks, approver_data = @approverData, approver_name = @approverName, updated_at = GETDATE() WHERE id = @id
[2026-03-24T09:20:08.389Z] [Storage] Executing: UPDATE documents SET doc_number = @docNumber, status = @status, issued_by = @issuedBy, issued_at = @issuedAt, issue_remarks = @issueRemarks, issuer_name = @issuerName, issuer_data = @issuerData, updated_at = GETDATE() WHERE id = @id
[2026-03-24T11:07:28.741Z] [Download - 3musr] New PDF download request for ID: doc-1774343919532 
[2026-03-24T11:07:28.927Z] [Download - 3musr] Looking for file: C:\inetpub\wwwroot\dms\uploads\doc-1774343919532_1774343919618_NFDCL_F_ MR_ 26_Attendance Sheet.docx 
[2026-03-24T11:07:28.971Z] [Download - 3musr] Starting conversion v2.1...
[2026-03-24T11:07:34.290Z] [Download - 3musr]Success! Sending 76903 bytes
[2026-03-26T10:13:05.325Z] [RevisionActivities] Starting grouped revision activities query
[2026-03-26T10:14:05.973Z] [RevisionActivities] Starting grouped revision activities query
[2026-03-26T10:14:36.189Z] [RevisionActivities] Starting grouped revision activities query
[2026-03-26T10:15:06.327Z] [RevisionActivities] Starting grouped revision activities query
[2026-03-26T10:15:36.420Z] [RevisionActivities] Starting grouped revision activities query
[2026-03-26T10:16:06.512Z] [RevisionActivities] Starting grouped revision activities query
[2026-03-26T10:16:37.232Z] [RevisionActivities] Starting grouped revision activities query
[2026-03-26T10:17:07.486Z] [RevisionActivities] Starting grouped revision activities query
[2026-03-26T10:17:37.658Z] [RevisionActivities] Starting grouped revision activities query
[2026-03-26T10:18:07.752Z] [RevisionActivities] Starting grouped revision activities query
[2026-03-26T10:18:37.825Z] [RevisionActivities] Starting grouped revision activities query
[2026-03-26T10:19:08.156Z] [RevisionActivities] Starting grouped revision activities query
[2026-03-26T10:20:39.895Z] [RevisionActivities] Starting grouped revision activities query
[2026-03-26T10:21:10.699Z] [RevisionActivities] Starting grouped revision activities query
[2026-03-26T10:21:40.965Z] [RevisionActivities] Starting grouped revision activities query
[2026-03-26T10:22:11.449Z] [RevisionActivities] Starting grouped revision activities query
[2026-03-26T10:22:41.678Z] [RevisionActivities] Starting grouped revision activities query
[2026-03-26T10:23:11.797Z] [RevisionActivities] Starting grouped revision activities query
[2026-03-26T10:23:42.049Z] [RevisionActivities] Starting grouped revision activities query
[2026-03-26T10:24:12.321Z] [RevisionActivities] Starting grouped revision activities query
[2026-03-26T10:24:42.449Z] [RevisionActivities] Starting grouped revision activities query
[2026-03-26T10:25:12.563Z] [RevisionActivities] Starting grouped revision activities query
[2026-03-26T10:25:42.812Z] [RevisionActivities] Starting grouped revision activities query
[2026-03-26T10:26:12.897Z] [RevisionActivities] Starting grouped revision activities query
[2026-03-26T10:26:43.156Z] [RevisionActivities] Starting grouped revision activities query
[2026-03-26T10:27:13.376Z] [RevisionActivities] Starting grouped revision activities query
[2026-03-26T10:27:43.454Z] [RevisionActivities] Starting grouped revision activities query
[2026-03-26T10:28:14.022Z] [RevisionActivities] Starting grouped revision activities query
[2026-03-26T10:28:45.951Z] [RevisionActivities] Starting grouped revision activities query
[2026-03-26T10:29:16.144Z] [RevisionActivities] Starting grouped revision activities query
[2026-03-26T10:29:46.452Z] [RevisionActivities] Starting grouped revision activities query
[2026-03-26T10:30:16.529Z] [RevisionActivities] Starting grouped revision activities query
[2026-03-26T10:30:46.615Z] [RevisionActivities] Starting grouped revision activities query
[2026-03-26T10:31:16.695Z] [RevisionActivities] Starting grouped revision activities query
[2026-03-26T10:31:46.987Z] [RevisionActivities] Starting grouped revision activities query
[2026-03-26T10:32:17.102Z] [RevisionActivities] Starting grouped revision activities query
[2026-03-26T10:32:47.194Z] [RevisionActivities] Starting grouped revision activities query
[2026-03-26T10:33:17.441Z] [RevisionActivities] Starting grouped revision activities query
[2026-03-26T10:33:47.545Z] [RevisionActivities] Starting grouped revision activities query
[2026-03-26T10:34:17.620Z] [RevisionActivities] Starting grouped revision activities query
[2026-03-26T10:34:47.700Z] [RevisionActivities] Starting grouped revision activities query
[2026-03-26T10:35:17.822Z] [RevisionActivities] Starting grouped revision activities query
[2026-03-26T10:35:47.976Z] [RevisionActivities] Starting grouped revision activities query
[2026-03-26T10:36:18.064Z] [RevisionActivities] Starting grouped revision activities query
[2026-03-26T10:36:48.753Z] [RevisionActivities] Starting grouped revision activities query
[2026-03-26T10:37:18.879Z] [RevisionActivities] Starting grouped revision activities query
[2026-03-26T10:37:49.086Z] [RevisionActivities] Starting grouped revision activities query
[2026-03-26T10:38:19.226Z] [RevisionActivities] Starting grouped revision activities query
[2026-03-27T04:34:22.767Z] [RevisionActivities] Starting grouped revision activities query
[2026-03-27T04:34:53.856Z] [RevisionActivities] Starting grouped revision activities query
[2026-03-27T04:35:24.123Z] [RevisionActivities] Starting grouped revision activities query
[2026-03-27T04:35:54.364Z] [RevisionActivities] Starting grouped revision activities query
[2026-03-27T04:36:24.648Z] [RevisionActivities] Starting grouped revision activities query
[2026-03-27T04:36:54.899Z] [RevisionActivities] Starting grouped revision activities query
[2026-03-27T04:37:25.066Z] [RevisionActivities] Starting grouped revision activities query
[2026-03-27T04:37:55.155Z] [RevisionActivities] Starting grouped revision activities query
[2026-03-27T04:38:25.233Z] [RevisionActivities] Starting grouped revision activities query
[2026-03-27T04:38:55.480Z] [RevisionActivities] Starting grouped revision activities query
[2026-03-27T04:39:25.565Z] [RevisionActivities] Starting grouped revision activities query
[2026-03-27T04:39:55.656Z] [RevisionActivities] Starting grouped revision activities query
[2026-03-27T04:51:43.666Z] [RevisionActivities] Starting grouped revision activities query
[2026-03-27T04:52:13.869Z] [RevisionActivities] Starting grouped revision activities query
[2026-03-27T04:52:44.306Z] [RevisionActivities] Starting grouped revision activities query
[2026-03-27T04:57:37.120Z] [Storage] Executing: UPDATE documents SET word_file_path = @wordFilePath, updated_at = GETDATE() WHERE id = @id
[2026-03-27T04:58:07.632Z] [Word View] Requesting document doc-1774587457026
[2026-03-27T04:58:07.640Z] [Word View] Primary path attempt: C:\inetpub\wwwroot\dms\uploads\uploads\doc-1774587457026_1774587457107_47. Introdoctary Training Record - 01012026.docx
[2026-03-27T04:58:07.643Z] [Word View] Primary path failed: ENOENT: no such file or directory, access 'C:\inetpub\wwwroot\dms\uploads\uploads\doc-1774587457026_1774587457107_47. Introdoctary Training Record - 01012026.docx'
[2026-03-27T04:58:07.644Z] [Word View] Trying fallback path: C:\inetpub\wwwroot\dms\uploads\doc-1774587457026_1774587457107_47. Introdoctary Training Record - 01012026.docx
[2026-03-27T04:58:07.645Z] [Word View] Successfully read file from fallback path, size: 24633 bytes
[2026-03-27T04:58:07.645Z] [Word View] Processing .docx file for document doc-1774587457026.
[2026-03-27T04:58:07.938Z] [Word View] Mammoth conversion complete, HTML length: 4516 
[2026-03-27T04:59:00.090Z] [Storage] Executing: UPDATE documents SET status = @status, approved_by = @approvedBy, approved_at = @approvedAt, approval_remarks = @approvalRemarks, approver_data = @approverData, approver_name = @approverName, updated_at = GETDATE() WHERE id = @id
[2026-03-27T05:00:01.680Z] [Storage] Executing: UPDATE documents SET doc_number = @docNumber, status = @status, issued_by = @issuedBy, issued_at = @issuedAt, issue_remarks = @issueRemarks, issuer_name = @issuerName, issuer_data = @issuerData, updated_at = GETDATE() WHERE id = @id
[2026-03-27T06:18:19.091Z] [Storage] Executing: UPDATE documents SET word_file_path = @wordFilePath, updated_at = GETDATE() WHERE id = @id
[2026-03-27T06:27:06.922Z] [Storage] Executing: UPDATE documents SET status = @status, approved_by = @approvedBy, approved_at = @approvedAt, approval_remarks = @approvalRemarks, approver_data = @approverData, approver_name = @approverName, updated_at = GETDATE() WHERE id = @id
[2026-03-27T06:41:05.913Z] [Storage] Executing: UPDATE documents SET status = @status, approved_by = @approvedBy, issued_by = @issuedBy, decline_remarks = @declineRemarks, updated_at = GETDATE() WHERE id = @id
[2026-03-27T06:43:56.570Z] [Update] Status check: current=declined, original=declined
[2026-03-27T06:43:56.570Z] [Update] Resubmitting declined document doc-1774592299007. Resetting to pending.
[2026-03-27T06:43:56.572Z] [Update] Final updateData keys for doc-1774592299007: updatedAt, status, declineRemarks, approvalRemarks, approvedBy, issuedBy, approvedAt, issuedAt, docName, docNumber, dateOfIssue, revisionNo, duePeriodYears, reasonForRevision, location, preparerName, dateOfRev, reviewDueDate, wordFilePath
[2026-03-27T06:43:56.574Z] [Update] Final updateData values: {"updatedAt":"2026-03-27T06:43:56.570Z","status":"pending","declineRemarks":null,"approvalRemarks":null,"approvedBy":null,"issuedBy":null,"approvedAt":null,"issuedAt":null,"docName":"Organization Chart ","docNumber":"NFDCL/F/MR/07","dateOfIssue":"2025-12-01T00:00:00.000Z","revisionNo":0,"duePeriodYears":3,"reasonForRevision":"","location":"Unit 1","preparerName":"Madhvi","dateOfRev":null,"reviewDueDate":"2028-11-30T00:00:00.000Z","wordFilePath":"uploads/doc-1774592299007_1774593836571_7. Organazation Chart.docx"}
[2026-03-27T06:43:56.579Z] [Storage] Executing: UPDATE documents SET doc_name = @docName, doc_number = @docNumber, status = @status, date_of_issue = @dateOfIssue, revision_no = @revisionNo, approved_by = @approvedBy, issued_by = @issuedBy, due_period_years = @duePeriodYears, reason_for_revision = @reasonForRevision, review_due_date = @reviewDueDate, approved_at = @approvedAt, issued_at = @issuedAt, approval_remarks = @approvalRemarks, decline_remarks = @declineRemarks, word_file_path = @wordFilePath, preparer_name = @preparerName, location = @location, date_of_rev = @dateOfRev, updated_at = GETDATE() WHERE id = @id
[2026-03-27T06:49:03.587Z] [Storage] Executing: UPDATE documents SET status = @status, approved_by = @approvedBy, approved_at = @approvedAt, approval_remarks = @approvalRemarks, approver_data = @approverData, approver_name = @approverName, updated_at = GETDATE() WHERE id = @id
[2026-03-27T06:49:50.266Z] [Storage] Executing: UPDATE documents SET doc_number = @docNumber, status = @status, issued_by = @issuedBy, issued_at = @issuedAt, issue_remarks = @issueRemarks, issuer_name = @issuerName, issuer_data = @issuerData, updated_at = GETDATE() WHERE id = @id
[2026-03-27T06:57:25.641Z] [RevisionActivities] Starting grouped revision activities query
[2026-03-27T06:57:58.607Z] [Download - evxkvb] New PDF download request for ID: doc-1774592299007 
[2026-03-27T06:57:58.673Z] [Download - evxkvb] Looking for file: C:\inetpub\wwwroot\dms\uploads\doc-1774592299007_1774593836571_7. Organazation Chart.docx 
[2026-03-27T06:57:58.731Z] [Download - evxkvb] Starting conversion v2.1...
[2026-03-27T06:58:06.656Z] [Download - evxkvb]Success! Sending 69946 bytes
[2026-03-27T07:00:37.801Z] [Storage] Executing: UPDATE documents SET word_file_path = @wordFilePath, updated_at = GETDATE() WHERE id = @id
[2026-03-27T07:03:41.983Z] [RevisionActivities] Starting grouped revision activities query
[2026-03-27T07:03:44.602Z] [Storage] Executing: UPDATE documents SET word_file_path = @wordFilePath, updated_at = GETDATE() WHERE id = @id
[2026-03-27T07:05:07.615Z] [Storage] Executing: UPDATE documents SET word_file_path = @wordFilePath, updated_at = GETDATE() WHERE id = @id
[2026-03-27T07:05:09.011Z] [Storage] Executing: UPDATE documents SET word_file_path = @wordFilePath, updated_at = GETDATE() WHERE id = @id
[2026-03-27T07:06:15.691Z] [RevisionActivities] Starting grouped revision activities query
[2026-03-27T07:06:22.915Z] [Storage] Executing: UPDATE documents SET word_file_path = @wordFilePath, updated_at = GETDATE() WHERE id = @id
[2026-03-27T07:08:25.888Z] [Storage] Executing: UPDATE documents SET word_file_path = @wordFilePath, updated_at = GETDATE() WHERE id = @id
[2026-03-27T07:08:46.125Z] [RevisionActivities] Starting grouped revision activities query
[2026-03-27T07:09:59.738Z] [Storage] Executing: UPDATE documents SET word_file_path = @wordFilePath, updated_at = GETDATE() WHERE id = @id
[2026-03-27T07:10:09.929Z] [RevisionActivities] Starting grouped revision activities query
[2026-03-27T07:11:10.302Z] [RevisionActivities] Starting grouped revision activities query
[2026-03-27T07:11:11.592Z] [Storage] Executing: UPDATE documents SET word_file_path = @wordFilePath, updated_at = GETDATE() WHERE id = @id
[2026-03-27T07:11:40.661Z] [RevisionActivities] Starting grouped revision activities query
[2026-03-27T07:12:56.401Z] [RevisionActivities] Starting grouped revision activities query
[2026-03-27T07:13:26.538Z] [RevisionActivities] Starting grouped revision activities query
[2026-03-27T07:13:48.999Z] [Storage] Executing: UPDATE documents SET word_file_path = @wordFilePath, updated_at = GETDATE() WHERE id = @id
[2026-03-27T07:14:47.481Z] [Update] Status check: current=pending, original=pending
[2026-03-27T07:14:47.481Z] [Update] Final updateData keys for doc-1774594837719: updatedAt, docName, docNumber, dateOfIssue, revisionNo, duePeriodYears, reasonForRevision, location, preparerName, dateOfRev, reviewDueDate
[2026-03-27T07:14:47.481Z] [Update] Final updateData values: {"updatedAt":"2026-03-27T07:14:47.481Z","docName":"INCIDENT INVESTIGATION","docNumber":"NFDCL/SOP/EHS/09","dateOfIssue":"2026-04-01T00:00:00.000Z","revisionNo":11,"duePeriodYears":3,"reasonForRevision":"UNIFORMITY OF DOCUMENTS","location":"Unit 1, Unit 2","preparerName":"Satish Pawar","dateOfRev":null,"reviewDueDate":"2029-03-31T00:00:00.000Z"}
[2026-03-27T07:14:47.485Z] [Storage] Executing: UPDATE documents SET doc_name = @docName, doc_number = @docNumber, date_of_issue = @dateOfIssue, revision_no = @revisionNo, due_period_years = @duePeriodYears, reason_for_revision = @reasonForRevision, review_due_date = @reviewDueDate, preparer_name = @preparerName, location = @location, date_of_rev = @dateOfRev, updated_at = GETDATE() WHERE id = @id
[2026-03-27T07:15:13.453Z] [Update] Status check: current=pending, original=pending
[2026-03-27T07:15:13.454Z] [Update] Final updateData keys for doc-1774595182872: updatedAt, docName, docNumber, dateOfIssue, revisionNo, duePeriodYears, reasonForRevision, location, preparerName, dateOfRev, reviewDueDate
[2026-03-27T07:15:13.454Z] [Update] Final updateData values: {"updatedAt":"2026-03-27T07:15:13.453Z","docName":"CONDUCTING MOCK DRILL","docNumber":"NFDCL/SOP/EHS/02","dateOfIssue":"2026-04-15T00:00:00.000Z","revisionNo":0,"duePeriodYears":3,"reasonForRevision":"INTERNAL AUDIT OBSERVATION","location":"Unit 1, Unit 2","preparerName":"Satish Pawar","dateOfRev":null,"reviewDueDate":"2029-04-14T00:00:00.000Z"}
[2026-03-27T07:15:13.457Z] [Storage] Executing: UPDATE documents SET doc_name = @docName, doc_number = @docNumber, date_of_issue = @dateOfIssue, revision_no = @revisionNo, due_period_years = @duePeriodYears, reason_for_revision = @reasonForRevision, review_due_date = @reviewDueDate, preparer_name = @preparerName, location = @location, date_of_rev = @dateOfRev, updated_at = GETDATE() WHERE id = @id
[2026-03-27T07:15:48.882Z] [Update] Status check: current=pending, original=pending
[2026-03-27T07:15:48.883Z] [Update] Final updateData keys for doc-1774595305854: updatedAt, docName, docNumber, dateOfIssue, revisionNo, duePeriodYears, reasonForRevision, location, preparerName, dateOfRev, reviewDueDate
[2026-03-27T07:15:48.884Z] [Update] Final updateData values: {"updatedAt":"2026-03-27T07:15:48.882Z","docName":"MOCK DRILL REPORT","docNumber":"NFDCL/F/EHS/64","dateOfIssue":"2026-04-01T00:00:00.000Z","revisionNo":3,"duePeriodYears":3,"reasonForRevision":"SOP REVISION","location":"Unit 1, Unit 2","preparerName":"Satish Pawar","dateOfRev":null,"reviewDueDate":"2029-03-31T00:00:00.000Z"}
[2026-03-27T07:15:48.887Z] [Storage] Executing: UPDATE documents SET doc_name = @docName, doc_number = @docNumber, date_of_issue = @dateOfIssue, revision_no = @revisionNo, due_period_years = @duePeriodYears, reason_for_revision = @reasonForRevision, review_due_date = @reviewDueDate, preparer_name = @preparerName, location = @location, date_of_rev = @dateOfRev, updated_at = GETDATE() WHERE id = @id
[2026-03-27T07:17:32.491Z] [Storage] Executing: UPDATE documents SET status = @status, approved_by = @approvedBy, approved_at = @approvedAt, approval_remarks = @approvalRemarks, approver_data = @approverData, approver_name = @approverName, updated_at = GETDATE() WHERE id = @id
[2026-03-27T07:20:07.603Z] [Storage] Executing: UPDATE documents SET status = @status, approved_by = @approvedBy, approved_at = @approvedAt, approval_remarks = @approvalRemarks, approver_data = @approverData, approver_name = @approverName, updated_at = GETDATE() WHERE id = @id
[2026-03-27T07:20:55.005Z] [Storage] Executing: UPDATE documents SET status = @status, approved_by = @approvedBy, approved_at = @approvedAt, approval_remarks = @approvalRemarks, approver_data = @approverData, approver_name = @approverName, updated_at = GETDATE() WHERE id = @id
[2026-03-27T07:21:44.391Z] [Storage] Executing: UPDATE documents SET status = @status, approved_by = @approvedBy, approved_at = @approvedAt, approval_remarks = @approvalRemarks, approver_data = @approverData, approver_name = @approverName, updated_at = GETDATE() WHERE id = @id
[2026-03-27T07:22:42.353Z] [Storage] Executing: UPDATE documents SET status = @status, approved_by = @approvedBy, approved_at = @approvedAt, approval_remarks = @approvalRemarks, approver_data = @approverData, approver_name = @approverName, updated_at = GETDATE() WHERE id = @id
[2026-03-27T07:23:17.895Z] [Storage] Executing: UPDATE documents SET status = @status, approved_by = @approvedBy, approved_at = @approvedAt, approval_remarks = @approvalRemarks, approver_data = @approverData, approver_name = @approverName, updated_at = GETDATE() WHERE id = @id
[2026-03-27T07:23:43.812Z] [Storage] Executing: UPDATE documents SET status = @status, approved_by = @approvedBy, approved_at = @approvedAt, approval_remarks = @approvalRemarks, approver_data = @approverData, approver_name = @approverName, updated_at = GETDATE() WHERE id = @id
[2026-03-27T07:24:31.863Z] [Storage] Executing: UPDATE documents SET status = @status, approved_by = @approvedBy, approved_at = @approvedAt, approval_remarks = @approvalRemarks, approver_data = @approverData, approver_name = @approverName, updated_at = GETDATE() WHERE id = @id
[2026-03-27T07:33:00.057Z] [Word View] Requesting document doc-1774594837719
[2026-03-27T07:33:00.068Z] [Word View] Primary path attempt: C:\inetpub\wwwroot\dms\uploads\uploads\doc-1774594837719_1774594837781_SOP_EHS_Incident_Investigation.docx
[2026-03-27T07:33:00.070Z] [Word View] Primary path failed: ENOENT: no such file or directory, access 'C:\inetpub\wwwroot\dms\uploads\uploads\doc-1774594837719_1774594837781_SOP_EHS_Incident_Investigation.docx'
[2026-03-27T07:33:00.070Z] [Word View] Trying fallback path: C:\inetpub\wwwroot\dms\uploads\doc-1774594837719_1774594837781_SOP_EHS_Incident_Investigation.docx
[2026-03-27T07:33:00.073Z] [Word View] Successfully read file from fallback path, size: 29459 bytes
[2026-03-27T07:33:00.073Z] [Word View] Processing .docx file for document doc-1774594837719.
[2026-03-27T07:33:00.401Z] [Word View] Mammoth conversion complete, HTML length: 8481 
[2026-03-27T07:57:31.181Z] [Word View] Requesting document doc-1774595108982
[2026-03-27T07:57:31.186Z] [Word View] Primary path attempt: C:\inetpub\wwwroot\dms\uploads\uploads\doc-1774595108982_1774595109006_11. HAZARD Control plan revised -01.08.2025.docx
[2026-03-27T07:57:31.187Z] [Word View] Primary path failed: ENOENT: no such file or directory, access 'C:\inetpub\wwwroot\dms\uploads\uploads\doc-1774595108982_1774595109006_11. HAZARD Control plan revised -01.08.2025.docx'
[2026-03-27T07:57:31.187Z] [Word View] Trying fallback path: C:\inetpub\wwwroot\dms\uploads\doc-1774595108982_1774595109006_11. HAZARD Control plan revised -01.08.2025.docx
[2026-03-27T07:57:31.195Z] [Word View] Successfully read file from fallback path, size: 1079066 bytes
[2026-03-27T07:57:31.196Z] [Word View] Processing .docx file for document doc-1774595108982.
[2026-03-27T07:57:34.964Z] [Word View] Mammoth conversion complete, HTML length: 478123 
[2026-03-27T07:58:06.093Z] [Storage] Executing: UPDATE documents SET status = @status, approved_by = @approvedBy, issued_by = @issuedBy, decline_remarks = @declineRemarks, updated_at = GETDATE() WHERE id = @id
[2026-03-27T07:58:36.180Z] [Word View] Requesting document doc-1774594837719
[2026-03-27T07:58:36.188Z] [Word View] Primary path attempt: C:\inetpub\wwwroot\dms\uploads\uploads\doc-1774594837719_1774594837781_SOP_EHS_Incident_Investigation.docx
[2026-03-27T07:58:36.188Z] [Word View] Primary path failed: ENOENT: no such file or directory, access 'C:\inetpub\wwwroot\dms\uploads\uploads\doc-1774594837719_1774594837781_SOP_EHS_Incident_Investigation.docx'
[2026-03-27T07:58:36.188Z] [Word View] Trying fallback path: C:\inetpub\wwwroot\dms\uploads\doc-1774594837719_1774594837781_SOP_EHS_Incident_Investigation.docx
[2026-03-27T07:58:36.191Z] [Word View] Successfully read file from fallback path, size: 29459 bytes
[2026-03-27T07:58:36.191Z] [Word View] Processing .docx file for document doc-1774594837719.
[2026-03-27T07:58:36.261Z] [Word View] Mammoth conversion complete, HTML length: 8481 
[2026-03-27T08:27:58.807Z] [Storage] Executing: UPDATE documents SET word_file_path = @wordFilePath, updated_at = GETDATE() WHERE id = @id
[2026-03-27T08:31:34.831Z] [Storage] Executing: UPDATE documents SET word_file_path = @wordFilePath, updated_at = GETDATE() WHERE id = @id
[2026-03-27T08:32:30.899Z] [Word View] Requesting document doc-1774600078760
[2026-03-27T08:32:30.906Z] [Word View] Primary path attempt: C:\inetpub\wwwroot\dms\uploads\uploads\doc-1774600078760_1774600078801_07-Lab Instruments List.doc
[2026-03-27T08:32:30.907Z] [Word View] Primary path failed: ENOENT: no such file or directory, access 'C:\inetpub\wwwroot\dms\uploads\uploads\doc-1774600078760_1774600078801_07-Lab Instruments List.doc'
[2026-03-27T08:32:30.908Z] [Word View] Trying fallback path: C:\inetpub\wwwroot\dms\uploads\doc-1774600078760_1774600078801_07-Lab Instruments List.doc
[2026-03-27T08:32:30.910Z] [Word View] Successfully read file from fallback path, size: 204288 bytes
[2026-03-27T08:32:30.910Z] [Word View] Legacy .doc file detected for document doc-1774600078760. Magic number: d0cf11e0a1b11ae1
[2026-03-27T08:35:52.042Z] [Word View] Requesting document doc-1774600078760
[2026-03-27T08:35:52.092Z] [Word View] Primary path attempt: C:\inetpub\wwwroot\dms\uploads\uploads\doc-1774600078760_1774600078801_07-Lab Instruments List.doc
[2026-03-27T08:35:52.093Z] [Word View] Primary path failed: ENOENT: no such file or directory, access 'C:\inetpub\wwwroot\dms\uploads\uploads\doc-1774600078760_1774600078801_07-Lab Instruments List.doc'
[2026-03-27T08:35:52.093Z] [Word View] Trying fallback path: C:\inetpub\wwwroot\dms\uploads\doc-1774600078760_1774600078801_07-Lab Instruments List.doc
[2026-03-27T08:35:52.094Z] [Word View] Successfully read file from fallback path, size: 204288 bytes
[2026-03-27T08:35:52.095Z] [Word View] Legacy .doc file detected for document doc-1774600078760. Magic number: d0cf11e0a1b11ae1
[2026-03-27T08:41:04.440Z] [Update] Status check: current=declined, original=declined
[2026-03-27T08:41:04.440Z] [Update] Resubmitting declined document doc-1774595108982. Resetting to pending.
[2026-03-27T08:41:04.440Z] [Update] Final updateData keys for doc-1774595108982: updatedAt, status, declineRemarks, approvalRemarks, approvedBy, issuedBy, approvedAt, issuedAt, docName, docNumber, dateOfIssue, revisionNo, duePeriodYears, reasonForRevision, location, preparerName, dateOfRev, reviewDueDate
[2026-03-27T08:41:04.441Z] [Update] Final updateData values: {"updatedAt":"2026-03-27T08:41:04.440Z","status":"pending","declineRemarks":null,"approvalRemarks":null,"approvedBy":null,"issuedBy":null,"approvedAt":null,"issuedAt":null,"docName":"HAZARD Control Plan - HACCP","docNumber":"NFDCL/F/MR/11","dateOfIssue":"2010-05-14T00:00:00.000Z","revisionNo":10,"duePeriodYears":3,"reasonForRevision":"Due date was overdue.","location":"Unit 1","preparerName":"Madhvi","dateOfRev":"2025-08-01T00:00:00.000Z","reviewDueDate":"2028-07-31T00:00:00.000Z"}
[2026-03-27T08:41:04.444Z] [Storage] Executing: UPDATE documents SET doc_name = @docName, doc_number = @docNumber, status = @status, date_of_issue = @dateOfIssue, revision_no = @revisionNo, approved_by = @approvedBy, issued_by = @issuedBy, due_period_years = @duePeriodYears, reason_for_revision = @reasonForRevision, review_due_date = @reviewDueDate, approved_at = @approvedAt, issued_at = @issuedAt, approval_remarks = @approvalRemarks, decline_remarks = @declineRemarks, preparer_name = @preparerName, location = @location, date_of_rev = @dateOfRev, updated_at = GETDATE() WHERE id = @id
[2026-03-27T08:44:48.863Z] [Update] Status check: current=pending, original=pending
[2026-03-27T08:44:48.868Z] [Update] Final updateData keys for doc-1774595108982: updatedAt, docName, docNumber, dateOfIssue, revisionNo, duePeriodYears, reasonForRevision, location, preparerName, dateOfRev, reviewDueDate, wordFilePath
[2026-03-27T08:44:48.868Z] [Update] Final updateData values: {"updatedAt":"2026-03-27T08:44:48.863Z","docName":"HAZARD Control Plan - HACCP","docNumber":"NFDCL/F/MR/11","dateOfIssue":"2010-05-14T00:00:00.000Z","revisionNo":10,"duePeriodYears":3,"reasonForRevision":"Due date was overdue.","location":"Unit 1","preparerName":"Madhvi","dateOfRev":"2025-08-01T00:00:00.000Z","reviewDueDate":"2028-07-31T00:00:00.000Z","wordFilePath":"uploads/doc-1774595108982_1774601088865_11. HAZARD Control plan revised -01.08.2025.docx"}
[2026-03-27T08:44:48.871Z] [Storage] Executing: UPDATE documents SET doc_name = @docName, doc_number = @docNumber, date_of_issue = @dateOfIssue, revision_no = @revisionNo, due_period_years = @duePeriodYears, reason_for_revision = @reasonForRevision, review_due_date = @reviewDueDate, word_file_path = @wordFilePath, preparer_name = @preparerName, location = @location, date_of_rev = @dateOfRev, updated_at = GETDATE() WHERE id = @id
[2026-03-27T08:47:48.147Z] [Storage] Executing: UPDATE documents SET word_file_path = @wordFilePath, updated_at = GETDATE() WHERE id = @id
[2026-03-27T08:50:46.266Z] [Storage] Executing: UPDATE documents SET word_file_path = @wordFilePath, updated_at = GETDATE() WHERE id = @id
[2026-03-27T08:53:23.050Z] [Update] Status check: current=pending, original=pending
[2026-03-27T08:53:23.052Z] [Update] Final updateData keys for doc-1774601446231: updatedAt, docName, docNumber, dateOfIssue, revisionNo, duePeriodYears, reasonForRevision, location, preparerName, dateOfRev, reviewDueDate, wordFilePath
[2026-03-27T08:53:23.052Z] [Update] Final updateData values: {"updatedAt":"2026-03-27T08:53:23.050Z","docName":"Food Safety Team and Competencies","docNumber":"NFDCL/F/MR/09","dateOfIssue":"2010-05-14T00:00:00.000Z","revisionNo":12,"duePeriodYears":3,"reasonForRevision":"Addition new name in list.","location":"Unit 1","preparerName":"Madhvi","dateOfRev":"2025-11-15T00:00:00.000Z","reviewDueDate":"2028-11-14T00:00:00.000Z","wordFilePath":"uploads/doc-1774601446231_1774601603051_9. Food Safety Team & Competencies.docx"}
[2026-03-27T08:53:23.058Z] [Storage] Executing: UPDATE documents SET doc_name = @docName, doc_number = @docNumber, date_of_issue = @dateOfIssue, revision_no = @revisionNo, due_period_years = @duePeriodYears, reason_for_revision = @reasonForRevision, review_due_date = @reviewDueDate, word_file_path = @wordFilePath, preparer_name = @preparerName, location = @location, date_of_rev = @dateOfRev, updated_at = GETDATE() WHERE id = @id
[2026-03-27T08:54:38.469Z] [Storage] Executing: UPDATE documents SET word_file_path = @wordFilePath, updated_at = GETDATE() WHERE id = @id
[2026-03-27T09:03:57.534Z] [Word View] Requesting document doc-1774601446231
[2026-03-27T09:03:58.918Z] [Word View] Primary path attempt: C:\inetpub\wwwroot\dms\uploads\uploads\doc-1774601446231_1774601603051_9. Food Safety Team & Competencies.docx
[2026-03-27T09:03:58.927Z] [Word View] Primary path failed: ENOENT: no such file or directory, access 'C:\inetpub\wwwroot\dms\uploads\uploads\doc-1774601446231_1774601603051_9. Food Safety Team & Competencies.docx'
[2026-03-27T09:03:58.928Z] [Word View] Trying fallback path: C:\inetpub\wwwroot\dms\uploads\doc-1774601446231_1774601603051_9. Food Safety Team & Competencies.docx
[2026-03-27T09:03:58.943Z] [Word View] Successfully read file from fallback path, size: 22092 bytes
[2026-03-27T09:03:58.943Z] [Word View] Processing .docx file for document doc-1774601446231.
[2026-03-27T09:04:00.389Z] [Word View] Mammoth conversion complete, HTML length: 5944 
[2026-03-27T09:05:18.227Z] [Storage] Executing: UPDATE documents SET status = @status, approved_by = @approvedBy, approved_at = @approvedAt, approval_remarks = @approvalRemarks, approver_data = @approverData, approver_name = @approverName, updated_at = GETDATE() WHERE id = @id
[2026-03-27T09:05:52.918Z] [Storage] Executing: UPDATE documents SET doc_number = @docNumber, status = @status, issued_by = @issuedBy, issued_at = @issuedAt, issue_remarks = @issueRemarks, issuer_name = @issuerName, issuer_data = @issuerData, updated_at = GETDATE() WHERE id = @id
[2026-03-27T09:06:25.300Z] [RevisionActivities] Starting grouped revision activities query
[2026-03-27T09:09:55.838Z] [RevisionActivities] Starting grouped revision activities query
[2026-03-27T09:10:40.368Z] [Storage] Executing: UPDATE documents SET status = @status, approved_by = @approvedBy, approved_at = @approvedAt, approval_remarks = @approvalRemarks, approver_data = @approverData, approver_name = @approverName, updated_at = GETDATE() WHERE id = @id
[2026-03-27T09:10:51.052Z] [Word View] Requesting document doc-1774600078760
[2026-03-27T09:10:51.059Z] [Word View] Primary path attempt: C:\inetpub\wwwroot\dms\uploads\uploads\doc-1774600078760_1774600078801_07-Lab Instruments List.doc
[2026-03-27T09:10:51.063Z] [Word View] Primary path failed: ENOENT: no such file or directory, access 'C:\inetpub\wwwroot\dms\uploads\uploads\doc-1774600078760_1774600078801_07-Lab Instruments List.doc'
[2026-03-27T09:10:51.064Z] [Word View] Trying fallback path: C:\inetpub\wwwroot\dms\uploads\doc-1774600078760_1774600078801_07-Lab Instruments List.doc
[2026-03-27T09:10:51.069Z] [Word View] Successfully read file from fallback path, size: 204288 bytes
[2026-03-27T09:10:51.070Z] [Word View] Legacy .doc file detected for document doc-1774600078760. Magic number: d0cf11e0a1b11ae1
[2026-03-27T09:11:18.210Z] [Word View] Requesting document doc-1774600294790
[2026-03-27T09:11:18.274Z] [Word View] Primary path attempt: C:\inetpub\wwwroot\dms\uploads\uploads\doc-1774600294790_1774600294828_Lab Instruments List.doc
[2026-03-27T09:11:18.275Z] [Word View] Primary path failed: ENOENT: no such file or directory, access 'C:\inetpub\wwwroot\dms\uploads\uploads\doc-1774600294790_1774600294828_Lab Instruments List.doc'
[2026-03-27T09:11:18.276Z] [Word View] Trying fallback path: C:\inetpub\wwwroot\dms\uploads\doc-1774600294790_1774600294828_Lab Instruments List.doc
[2026-03-27T09:11:18.286Z] [Word View] Successfully read file from fallback path, size: 108032 bytes
[2026-03-27T09:11:18.286Z] [Word View] Legacy .doc file detected for document doc-1774600294790. Magic number: d0cf11e0a1b11ae1
[2026-03-27T09:12:02.452Z] [Word View] Requesting document doc-1774601678422
[2026-03-27T09:12:04.792Z] [Word View] Primary path attempt: C:\inetpub\wwwroot\dms\uploads\uploads\doc-1774601678422_1774601678463_9. FSMS Team & Competency Matrix 21112025 Unit 3.docx
[2026-03-27T09:12:04.793Z] [Word View] Primary path failed: ENOENT: no such file or directory, access 'C:\inetpub\wwwroot\dms\uploads\uploads\doc-1774601678422_1774601678463_9. FSMS Team & Competency Matrix 21112025 Unit 3.docx'
[2026-03-27T09:12:04.794Z] [Word View] Trying fallback path: C:\inetpub\wwwroot\dms\uploads\doc-1774601678422_1774601678463_9. FSMS Team & Competency Matrix 21112025 Unit 3.docx
[2026-03-27T09:12:04.798Z] [Word View] Successfully read file from fallback path, size: 22394 bytes
[2026-03-27T09:12:04.798Z] [Word View] Processing .docx file for document doc-1774601678422.
[2026-03-27T09:12:05.230Z] [Word View] Mammoth conversion complete, HTML length: 5199 
[2026-03-27T09:12:41.129Z] [Storage] Executing: UPDATE documents SET status = @status, approved_by = @approvedBy, issued_by = @issuedBy, decline_remarks = @declineRemarks, updated_at = GETDATE() WHERE id = @id
[2026-03-27T09:13:49.699Z] [Word View] Requesting document doc-1774601268112
[2026-03-27T09:13:49.712Z] [Word View] Primary path attempt: C:\inetpub\wwwroot\dms\uploads\uploads\doc-1774601268112_1774601268141_080 Standard Operating Procedure for recording and circulation of Humidity &Temperature.doc
[2026-03-27T09:13:49.725Z] [Word View] Primary path failed: ENOENT: no such file or directory, access 'C:\inetpub\wwwroot\dms\uploads\uploads\doc-1774601268112_1774601268141_080 Standard Operating Procedure for recording and circulation of Humidity &Temperature.doc'
[2026-03-27T09:13:49.725Z] [Word View] Trying fallback path: C:\inetpub\wwwroot\dms\uploads\doc-1774601268112_1774601268141_080 Standard Operating Procedure for recording and circulation of Humidity &Temperature.doc
[2026-03-27T09:13:49.735Z] [Word View] Successfully read file from fallback path, size: 2025984 bytes
[2026-03-27T09:13:49.736Z] [Word View] Legacy .doc file detected for document doc-1774601268112. Magic number: d0cf11e0a1b11ae1
[2026-03-27T09:13:54.229Z] [Word View] Requesting document doc-1774600294790
[2026-03-27T09:13:54.318Z] [Word View] Primary path attempt: C:\inetpub\wwwroot\dms\uploads\uploads\doc-1774600294790_1774600294828_Lab Instruments List.doc
[2026-03-27T09:13:54.318Z] [Word View] Primary path failed: ENOENT: no such file or directory, access 'C:\inetpub\wwwroot\dms\uploads\uploads\doc-1774600294790_1774600294828_Lab Instruments List.doc'
[2026-03-27T09:13:54.319Z] [Word View] Trying fallback path: C:\inetpub\wwwroot\dms\uploads\doc-1774600294790_1774600294828_Lab Instruments List.doc
[2026-03-27T09:13:54.322Z] [Word View] Successfully read file from fallback path, size: 108032 bytes
[2026-03-27T09:13:54.322Z] [Word View] Legacy .doc file detected for document doc-1774600294790. Magic number: d0cf11e0a1b11ae1
[2026-03-27T09:14:16.932Z] [Storage] Executing: UPDATE documents SET status = @status, approved_by = @approvedBy, issued_by = @issuedBy, decline_remarks = @declineRemarks, updated_at = GETDATE() WHERE id = @id
[2026-03-27T09:14:21.257Z] [Storage] Executing: UPDATE documents SET status = @status, approved_by = @approvedBy, issued_by = @issuedBy, decline_remarks = @declineRemarks, updated_at = GETDATE() WHERE id = @id
[2026-03-27T09:14:26.375Z] [RevisionActivities] Starting grouped revision activities query
[2026-03-27T09:18:57.258Z] [RevisionActivities] Starting grouped revision activities query
[2026-03-27T09:22:52.246Z] [RevisionActivities] Starting grouped revision activities query
[2026-03-27T09:24:28.416Z] [RevisionActivities] Starting grouped revision activities query
[2026-03-27T09:27:00.299Z] [RevisionActivities] Starting grouped revision activities query
[2026-03-27T09:27:31.495Z] [RevisionActivities] Starting grouped revision activities query
[2026-03-27T09:28:33.136Z] [RevisionActivities] Starting grouped revision activities query
[2026-03-27T09:30:04.044Z] [RevisionActivities] Starting grouped revision activities query
[2026-03-27T09:30:36.267Z] [RevisionActivities] Starting grouped revision activities query
[2026-03-27T09:33:36.595Z] [RevisionActivities] Starting grouped revision activities query
[2026-03-27T09:38:13.318Z] --- SERVER RESTARTED - ROUTES REGISTERED v1.0.6 ---
[2026-03-27T09:38:13.332Z] --- SERVER RESTARTED - ROUTES REGISTERED v1.0.6 ---
[2026-03-27T09:38:33.982Z] --- SERVER RESTARTED - ROUTES REGISTERED v1.0.6 ---
[2026-03-27T09:38:48.828Z] --- SERVER RESTARTED - ROUTES REGISTERED v1.0.6 ---
[2026-03-27T09:39:02.862Z] --- SERVER RESTARTED - ROUTES REGISTERED v1.0.6 ---
[2026-03-27T09:39:13.642Z] --- SERVER RESTARTED - ROUTES REGISTERED v1.0.6 ---
[2026-03-27T09:39:23.153Z] --- SERVER RESTARTED - ROUTES REGISTERED v1.0.6 ---
[2026-03-27T09:39:37.613Z] --- SERVER RESTARTED - ROUTES REGISTERED v1.0.6 ---
[2026-03-27T09:39:51.481Z] --- SERVER RESTARTED - ROUTES REGISTERED v1.0.6 ---
[2026-03-27T09:40:01.234Z] --- SERVER RESTARTED - ROUTES REGISTERED v1.0.6 ---
[2026-03-27T09:40:11.095Z] --- SERVER RESTARTED - ROUTES REGISTERED v1.0.6 ---
[2026-03-27T09:40:20.166Z] --- SERVER RESTARTED - ROUTES REGISTERED v1.0.6 ---
[2026-03-27T09:40:32.895Z] --- SERVER RESTARTED - ROUTES REGISTERED v1.0.6 ---
[2026-03-27T09:40:45.538Z] --- SERVER RESTARTED - ROUTES REGISTERED v1.0.6 ---
[2026-03-27T09:40:54.967Z] --- SERVER RESTARTED - ROUTES REGISTERED v1.0.6 ---
[2026-03-27T09:41:03.355Z] --- SERVER RESTARTED - ROUTES REGISTERED v1.0.6 ---
[2026-03-27T09:41:11.596Z] --- SERVER RESTARTED - ROUTES REGISTERED v1.0.6 ---
[2026-03-27T09:41:19.410Z] --- SERVER RESTARTED - ROUTES REGISTERED v1.0.6 ---
[2026-03-27T09:41:25.538Z] --- SERVER RESTARTED - ROUTES REGISTERED v1.0.6 ---
[2026-03-27T09:41:36.978Z] --- SERVER RESTARTED - ROUTES REGISTERED v1.0.6 ---
[2026-03-27T09:41:45.057Z] --- SERVER RESTARTED - ROUTES REGISTERED v1.0.6 ---
[2026-03-27T09:41:54.817Z] --- SERVER RESTARTED - ROUTES REGISTERED v1.0.6 ---
[2026-03-27T09:42:03.950Z] --- SERVER RESTARTED - ROUTES REGISTERED v1.0.6 ---
[2026-03-27T09:42:13.868Z] --- SERVER RESTARTED - ROUTES REGISTERED v1.0.6 ---
[2026-03-27T09:42:44.946Z] --- SERVER RESTARTED - ROUTES REGISTERED v1.0.6 ---
[2026-03-27T09:43:00.847Z] --- SERVER RESTARTED - ROUTES REGISTERED v1.0.6 ---
[2026-03-27T09:43:11.174Z] --- SERVER RESTARTED - ROUTES REGISTERED v1.0.6 ---
[2026-03-27T09:43:23.556Z] --- SERVER RESTARTED - ROUTES REGISTERED v1.0.6 ---
[2026-03-27T09:43:32.924Z] --- SERVER RESTARTED - ROUTES REGISTERED v1.0.6 ---
[2026-03-27T09:43:40.645Z] --- SERVER RESTARTED - ROUTES REGISTERED v1.0.6 ---
[2026-03-27T09:43:48.116Z] --- SERVER RESTARTED - ROUTES REGISTERED v1.0.6 ---
[2026-03-27T09:44:01.571Z] --- SERVER RESTARTED - ROUTES REGISTERED v1.0.6 ---
[2026-03-27T09:44:11.717Z] --- SERVER RESTARTED - ROUTES REGISTERED v1.0.6 ---
[2026-03-27T09:44:21.360Z] --- SERVER RESTARTED - ROUTES REGISTERED v1.0.6 ---
[2026-03-27T09:44:33.147Z] --- SERVER RESTARTED - ROUTES REGISTERED v1.0.6 ---
[2026-03-27T09:44:45.492Z] --- SERVER RESTARTED - ROUTES REGISTERED v1.0.6 ---
[2026-03-27T09:45:17.858Z] --- SERVER RESTARTED - ROUTES REGISTERED v1.0.6 ---
[2026-03-27T09:45:37.559Z] --- SERVER RESTARTED - ROUTES REGISTERED v1.0.6 ---
[2026-03-27T09:45:46.742Z] --- SERVER RESTARTED - ROUTES REGISTERED v1.0.6 ---
[2026-03-27T09:45:55.663Z] --- SERVER RESTARTED - ROUTES REGISTERED v1.0.6 ---
[2026-03-27T09:46:01.092Z] [RevisionActivities] Starting grouped revision activities query
[2026-03-27T09:46:06.304Z] --- SERVER RESTARTED - ROUTES REGISTERED v1.0.6 ---
[2026-03-27T09:46:17.969Z] --- SERVER RESTARTED - ROUTES REGISTERED v1.0.6 ---
[2026-03-27T09:46:32.258Z] --- SERVER RESTARTED - ROUTES REGISTERED v1.0.6 ---
[2026-03-27T09:46:44.476Z] --- SERVER RESTARTED - ROUTES REGISTERED v1.0.6 ---
[2026-03-27T09:46:53.084Z] --- SERVER RESTARTED - ROUTES REGISTERED v1.0.6 ---
[2026-03-27T09:47:02.641Z] --- SERVER RESTARTED - ROUTES REGISTERED v1.0.6 ---
[2026-03-27T09:47:11.865Z] --- SERVER RESTARTED - ROUTES REGISTERED v1.0.6 ---
[2026-03-27T09:47:27.403Z] --- SERVER RESTARTED - ROUTES REGISTERED v1.0.6 ---
[2026-03-27T09:47:55.800Z] --- SERVER RESTARTED - ROUTES REGISTERED v1.0.6 ---
[2026-03-27T09:48:03.417Z] --- SERVER RESTARTED - ROUTES REGISTERED v1.0.6 ---
[2026-03-27T09:48:11.083Z] --- SERVER RESTARTED - ROUTES REGISTERED v1.0.6 ---
[2026-03-27T09:48:21.555Z] --- SERVER RESTARTED - ROUTES REGISTERED v1.0.6 ---
[2026-03-27T09:48:34.542Z] --- SERVER RESTARTED - ROUTES REGISTERED v1.0.6 ---
[2026-03-27T09:49:01.105Z] --- SERVER RESTARTED - ROUTES REGISTERED v1.0.6 ---
[2026-03-27T09:49:25.905Z] --- SERVER RESTARTED - ROUTES REGISTERED v1.0.6 ---
[2026-03-27T09:49:52.095Z] --- SERVER RESTARTED - ROUTES REGISTERED v1.0.6 ---
[2026-03-27T09:50:01.893Z] --- SERVER RESTARTED - ROUTES REGISTERED v1.0.6 ---
[2026-03-27T09:50:10.944Z] --- SERVER RESTARTED - ROUTES REGISTERED v1.0.6 ---
[2026-03-27T09:50:18.426Z] --- SERVER RESTARTED - ROUTES REGISTERED v1.0.6 ---
[2026-03-27T09:50:27.945Z] --- SERVER RESTARTED - ROUTES REGISTERED v1.0.6 ---
[2026-03-27T09:51:00.830Z] --- SERVER RESTARTED - ROUTES REGISTERED v1.0.6 ---
[2026-03-27T09:51:32.003Z] [RevisionActivities] Starting grouped revision activities query
[2026-03-27T09:51:36.177Z] [RevisionActivities] Starting grouped revision activities query
[2026-03-27T09:51:42.183Z] --- SERVER RESTARTED - ROUTES REGISTERED v1.0.6 ---
[2026-03-27T09:51:53.029Z] --- SERVER RESTARTED - ROUTES REGISTERED v1.0.6 ---
[2026-03-27T09:52:08.733Z] [RevisionActivities] Starting grouped revision activities query
[2026-03-27T09:52:20.108Z] --- SERVER RESTARTED - ROUTES REGISTERED v1.0.6 ---
[2026-03-27T09:52:32.720Z] --- SERVER RESTARTED - ROUTES REGISTERED v1.0.6 ---
[2026-03-27T09:52:52.409Z] --- SERVER RESTARTED - ROUTES REGISTERED v1.0.6 ---
[2026-03-27T09:53:01.999Z] --- SERVER RESTARTED - ROUTES REGISTERED v1.0.6 ---
[2026-03-27T09:53:10.708Z] --- SERVER RESTARTED - ROUTES REGISTERED v1.0.6 ---
[2026-03-27T09:53:23.676Z] --- SERVER RESTARTED - ROUTES REGISTERED v1.0.6 ---
[2026-03-27T09:53:33.540Z] --- SERVER RESTARTED - ROUTES REGISTERED v1.0.6 ---
[2026-03-27T09:53:42.561Z] [RevisionActivities] Starting grouped revision activities query
[2026-03-27T09:53:43.336Z] --- SERVER RESTARTED - ROUTES REGISTERED v1.0.6 ---
[2026-03-27T09:53:54.238Z] --- SERVER RESTARTED - ROUTES REGISTERED v1.0.6 ---
[2026-03-27T09:54:05.786Z] --- SERVER RESTARTED - ROUTES REGISTERED v1.0.6 ---
[2026-03-27T09:54:14.202Z] --- SERVER RESTARTED - ROUTES REGISTERED v1.0.6 ---
[2026-03-27T09:54:26.719Z] --- SERVER RESTARTED - ROUTES REGISTERED v1.0.6 ---
[2026-03-27T09:54:33.761Z] [Storage] Executing: UPDATE documents SET word_file_path = @wordFilePath, updated_at = GETDATE() WHERE id = @id
[2026-03-27T09:54:39.907Z] --- SERVER RESTARTED - ROUTES REGISTERED v1.0.6 ---
[2026-03-27T09:54:51.907Z] --- SERVER RESTARTED - ROUTES REGISTERED v1.0.6 ---
[2026-03-27T09:55:00.885Z] --- SERVER RESTARTED - ROUTES REGISTERED v1.0.6 ---
[2026-03-27T09:55:09.304Z] --- SERVER RESTARTED - ROUTES REGISTERED v1.0.6 ---
[2026-03-27T09:55:17.371Z] [RevisionActivities] Starting grouped revision activities query
[2026-03-27T09:55:23.120Z] --- SERVER RESTARTED - ROUTES REGISTERED v1.0.6 ---
[2026-03-27T09:55:32.016Z] --- SERVER RESTARTED - ROUTES REGISTERED v1.0.6 ---
[2026-03-27T09:55:45.364Z] --- SERVER RESTARTED - ROUTES REGISTERED v1.0.6 ---
[2026-03-27T09:55:57.035Z] --- SERVER RESTARTED - ROUTES REGISTERED v1.0.6 ---
[2026-03-27T09:56:06.602Z] --- SERVER RESTARTED - ROUTES REGISTERED v1.0.6 ---
[2026-03-27T09:56:19.985Z] --- SERVER RESTARTED - ROUTES REGISTERED v1.0.6 ---
[2026-03-27T09:56:35.397Z] --- SERVER RESTARTED - ROUTES REGISTERED v1.0.6 ---
[2026-03-27T09:56:55.939Z] --- SERVER RESTARTED - ROUTES REGISTERED v1.0.6 ---
[2026-03-27T09:57:19.423Z] --- SERVER RESTARTED - ROUTES REGISTERED v1.0.6 ---
[2026-03-27T09:57:40.345Z] --- SERVER RESTARTED - ROUTES REGISTERED v1.0.6 ---
[2026-03-27T09:57:54.008Z] --- SERVER RESTARTED - ROUTES REGISTERED v1.0.6 ---
[2026-03-27T09:58:08.158Z] --- SERVER RESTARTED - ROUTES REGISTERED v1.0.6 ---
[2026-03-27T09:58:22.173Z] --- SERVER RESTARTED - ROUTES REGISTERED v1.0.6 ---
[2026-03-27T09:58:35.625Z] --- SERVER RESTARTED - ROUTES REGISTERED v1.0.6 ---
[2026-03-27T09:58:45.151Z] --- SERVER RESTARTED - ROUTES REGISTERED v1.0.6 ---
[2026-03-27T09:58:54.179Z] --- SERVER RESTARTED - ROUTES REGISTERED v1.0.6 ---
[2026-03-27T09:59:02.834Z] --- SERVER RESTARTED - ROUTES REGISTERED v1.0.6 ---
[2026-03-27T09:59:11.188Z] --- SERVER RESTARTED - ROUTES REGISTERED v1.0.6 ---
[2026-03-27T09:59:20.525Z] --- SERVER RESTARTED - ROUTES REGISTERED v1.0.6 ---
[2026-03-27T09:59:29.287Z] --- SERVER RESTARTED - ROUTES REGISTERED v1.0.6 ---
[2026-03-27T09:59:59.682Z] --- SERVER RESTARTED - ROUTES REGISTERED v1.0.6 ---
[2026-03-27T10:00:23.528Z] --- SERVER RESTARTED - ROUTES REGISTERED v1.0.6 ---
[2026-03-27T10:00:30.186Z] --- SERVER RESTARTED - ROUTES REGISTERED v1.0.6 ---
[2026-03-27T10:00:34.923Z] [RevisionActivities] Starting grouped revision activities query
[2026-03-27T10:00:38.015Z] --- SERVER RESTARTED - ROUTES REGISTERED v1.0.6 ---
[2026-03-27T10:00:59.665Z] --- SERVER RESTARTED - ROUTES REGISTERED v1.0.6 ---
[2026-03-27T10:01:02.422Z] [Storage] Executing: UPDATE documents SET word_file_path = @wordFilePath, updated_at = GETDATE() WHERE id = @id
[2026-03-27T10:01:09.859Z] --- SERVER RESTARTED - ROUTES REGISTERED v1.0.6 ---
[2026-03-27T10:01:15.131Z] --- SERVER RESTARTED - ROUTES REGISTERED v1.0.6 ---
[2026-03-27T10:01:19.458Z] --- SERVER RESTARTED - ROUTES REGISTERED v1.0.6 ---
[2026-03-27T10:01:23.924Z] --- SERVER RESTARTED - ROUTES REGISTERED v1.0.6 ---
[2026-03-27T10:01:28.693Z] --- SERVER RESTARTED - ROUTES REGISTERED v1.0.6 ---
[2026-03-27T10:01:33.249Z] --- SERVER RESTARTED - ROUTES REGISTERED v1.0.6 ---
[2026-03-27T10:01:37.837Z] --- SERVER RESTARTED - ROUTES REGISTERED v1.0.6 ---
[2026-03-27T10:01:43.060Z] --- SERVER RESTARTED - ROUTES REGISTERED v1.0.6 ---
[2026-03-27T10:01:48.318Z] --- SERVER RESTARTED - ROUTES REGISTERED v1.0.6 ---
[2026-03-27T10:01:53.700Z] --- SERVER RESTARTED - ROUTES REGISTERED v1.0.6 ---
[2026-03-27T10:01:59.473Z] --- SERVER RESTARTED - ROUTES REGISTERED v1.0.6 ---
[2026-03-27T10:02:04.174Z] --- SERVER RESTARTED - ROUTES REGISTERED v1.0.6 ---
[2026-03-27T10:02:08.878Z] --- SERVER RESTARTED - ROUTES REGISTERED v1.0.6 ---
[2026-03-27T10:02:13.346Z] --- SERVER RESTARTED - ROUTES REGISTERED v1.0.6 ---
[2026-03-27T10:02:18.271Z] --- SERVER RESTARTED - ROUTES REGISTERED v1.0.6 ---
[2026-03-27T10:02:22.832Z] --- SERVER RESTARTED - ROUTES REGISTERED v1.0.6 ---
[2026-03-27T10:02:28.066Z] --- SERVER RESTARTED - ROUTES REGISTERED v1.0.6 ---
[2026-03-27T10:02:32.753Z] --- SERVER RESTARTED - ROUTES REGISTERED v1.0.6 ---
[2026-03-27T10:02:37.194Z] --- SERVER RESTARTED - ROUTES REGISTERED v1.0.6 ---
[2026-03-27T10:02:41.627Z] --- SERVER RESTARTED - ROUTES REGISTERED v1.0.6 ---
[2026-03-27T10:02:45.813Z] --- SERVER RESTARTED - ROUTES REGISTERED v1.0.6 ---
[2026-03-27T10:02:50.111Z] --- SERVER RESTARTED - ROUTES REGISTERED v1.0.6 ---
[2026-03-27T10:02:54.706Z] --- SERVER RESTARTED - ROUTES REGISTERED v1.0.6 ---
[2026-03-27T10:02:59.219Z] --- SERVER RESTARTED - ROUTES REGISTERED v1.0.6 ---
[2026-03-27T10:03:03.428Z] --- SERVER RESTARTED - ROUTES REGISTERED v1.0.6 ---
[2026-03-27T10:03:07.697Z] --- SERVER RESTARTED - ROUTES REGISTERED v1.0.6 ---
[2026-03-27T10:03:12.050Z] --- SERVER RESTARTED - ROUTES REGISTERED v1.0.6 ---
[2026-03-27T10:03:16.487Z] --- SERVER RESTARTED - ROUTES REGISTERED v1.0.6 ---
[2026-03-27T10:03:21.190Z] --- SERVER RESTARTED - ROUTES REGISTERED v1.0.6 ---
[2026-03-27T10:03:26.184Z] --- SERVER RESTARTED - ROUTES REGISTERED v1.0.6 ---
[2026-03-27T10:03:30.836Z] --- SERVER RESTARTED - ROUTES REGISTERED v1.0.6 ---
[2026-03-27T10:03:35.222Z] --- SERVER RESTARTED - ROUTES REGISTERED v1.0.6 ---
[2026-03-27T10:03:39.746Z] --- SERVER RESTARTED - ROUTES REGISTERED v1.0.6 ---
[2026-03-27T10:03:44.128Z] --- SERVER RESTARTED - ROUTES REGISTERED v1.0.6 ---
[2026-03-27T10:03:48.577Z] --- SERVER RESTARTED - ROUTES REGISTERED v1.0.6 ---
[2026-03-27T10:03:53.490Z] --- SERVER RESTARTED - ROUTES REGISTERED v1.0.6 ---
[2026-03-27T10:03:58.203Z] --- SERVER RESTARTED - ROUTES REGISTERED v1.0.6 ---
[2026-03-27T10:04:02.830Z] --- SERVER RESTARTED - ROUTES REGISTERED v1.0.6 ---
[2026-03-27T10:04:07.653Z] --- SERVER RESTARTED - ROUTES REGISTERED v1.0.6 ---
[2026-03-27T10:04:12.552Z] --- SERVER RESTARTED - ROUTES REGISTERED v1.0.6 ---
[2026-03-27T10:04:16.683Z] --- SERVER RESTARTED - ROUTES REGISTERED v1.0.6 ---
[2026-03-27T10:04:21.812Z] --- SERVER RESTARTED - ROUTES REGISTERED v1.0.6 ---
[2026-03-27T10:04:26.762Z] --- SERVER RESTARTED - ROUTES REGISTERED v1.0.6 ---
[2026-03-27T10:04:31.721Z] --- SERVER RESTARTED - ROUTES REGISTERED v1.0.6 ---
[2026-03-27T10:04:36.285Z] --- SERVER RESTARTED - ROUTES REGISTERED v1.0.6 ---
[2026-03-27T10:04:41.312Z] --- SERVER RESTARTED - ROUTES REGISTERED v1.0.6 ---
[2026-03-27T10:04:45.630Z] --- SERVER RESTARTED - ROUTES REGISTERED v1.0.6 ---
[2026-03-27T10:04:49.986Z] --- SERVER RESTARTED - ROUTES REGISTERED v1.0.6 ---
[2026-03-27T10:04:54.399Z] --- SERVER RESTARTED - ROUTES REGISTERED v1.0.6 ---
[2026-03-27T10:04:58.949Z] --- SERVER RESTARTED - ROUTES REGISTERED v1.0.6 ---
[2026-03-27T10:05:03.553Z] --- SERVER RESTARTED - ROUTES REGISTERED v1.0.6 ---
[2026-03-27T10:05:08.122Z] --- SERVER RESTARTED - ROUTES REGISTERED v1.0.6 ---
[2026-03-27T10:05:14.013Z] --- SERVER RESTARTED - ROUTES REGISTERED v1.0.6 ---
[2026-03-27T10:05:22.826Z] --- SERVER RESTARTED - ROUTES REGISTERED v1.0.6 ---
[2026-03-27T10:05:28.041Z] --- SERVER RESTARTED - ROUTES REGISTERED v1.0.6 ---
[2026-03-27T10:05:32.438Z] --- SERVER RESTARTED - ROUTES REGISTERED v1.0.6 ---
[2026-03-27T10:05:37.282Z] --- SERVER RESTARTED - ROUTES REGISTERED v1.0.6 ---
[2026-03-27T10:05:41.554Z] --- SERVER RESTARTED - ROUTES REGISTERED v1.0.6 ---
[2026-03-27T10:05:45.938Z] --- SERVER RESTARTED - ROUTES REGISTERED v1.0.6 ---
[2026-03-27T10:05:50.139Z] --- SERVER RESTARTED - ROUTES REGISTERED v1.0.6 ---
[2026-03-27T10:05:53.899Z] [Storage] Executing: UPDATE documents SET word_file_path = @wordFilePath, updated_at = GETDATE() WHERE id = @id
[2026-03-27T10:05:54.651Z] --- SERVER RESTARTED - ROUTES REGISTERED v1.0.6 ---
[2026-03-27T10:05:58.962Z] --- SERVER RESTARTED - ROUTES REGISTERED v1.0.6 ---
[2026-03-27T10:06:03.923Z] --- SERVER RESTARTED - ROUTES REGISTERED v1.0.6 ---
[2026-03-27T10:06:08.545Z] --- SERVER RESTARTED - ROUTES REGISTERED v1.0.6 ---
[2026-03-27T10:06:09.452Z] [Word View] Requesting document doc-1774605953850
[2026-03-27T10:06:09.457Z] [Word View] Primary path attempt: C:\inetpub\wwwroot\dms\uploads\uploads\doc-1774605953850_1774605953894_14. Plan for identified CCP  OPRP R5 27122023.docx
[2026-03-27T10:06:09.458Z] [Word View] Primary path failed: ENOENT: no such file or directory, access 'C:\inetpub\wwwroot\dms\uploads\uploads\doc-1774605953850_1774605953894_14. Plan for identified CCP  OPRP R5 27122023.docx'
[2026-03-27T10:06:09.459Z] [Word View] Trying fallback path: C:\inetpub\wwwroot\dms\uploads\doc-1774605953850_1774605953894_14. Plan for identified CCP  OPRP R5 27122023.docx
[2026-03-27T10:06:09.460Z] [Word View] Successfully read file from fallback path, size: 28463 bytes
[2026-03-27T10:06:09.460Z] [Word View] Processing .docx file for document doc-1774605953850.
[2026-03-27T10:06:09.791Z] [Word View] Mammoth conversion complete, HTML length: 20658 
[2026-03-27T10:06:12.732Z] --- SERVER RESTARTED - ROUTES REGISTERED v1.0.6 ---
[2026-03-27T10:06:17.102Z] --- SERVER RESTARTED - ROUTES REGISTERED v1.0.6 ---
[2026-03-27T10:06:21.895Z] --- SERVER RESTARTED - ROUTES REGISTERED v1.0.6 ---
[2026-03-27T10:06:24.783Z] [Storage] Executing: UPDATE documents SET status = @status, approved_by = @approvedBy, issued_by = @issuedBy, decline_remarks = @declineRemarks, updated_at = GETDATE() WHERE id = @id
[2026-03-27T10:06:26.318Z] --- SERVER RESTARTED - ROUTES REGISTERED v1.0.6 ---
[2026-03-27T10:06:30.964Z] --- SERVER RESTARTED - ROUTES REGISTERED v1.0.6 ---
[2026-03-27T10:06:35.489Z] --- SERVER RESTARTED - ROUTES REGISTERED v1.0.6 ---
[2026-03-27T10:06:39.923Z] --- SERVER RESTARTED - ROUTES REGISTERED v1.0.6 ---
[2026-03-27T10:06:44.225Z] --- SERVER RESTARTED - ROUTES REGISTERED v1.0.6 ---
[2026-03-27T10:06:48.181Z] --- SERVER RESTARTED - ROUTES REGISTERED v1.0.6 ---
[2026-03-27T10:06:52.867Z] --- SERVER RESTARTED - ROUTES REGISTERED v1.0.6 ---
[2026-03-27T10:06:57.834Z] --- SERVER RESTARTED - ROUTES REGISTERED v1.0.6 ---
[2026-03-27T10:07:02.512Z] --- SERVER RESTARTED - ROUTES REGISTERED v1.0.6 ---
[2026-03-27T10:07:06.979Z] --- SERVER RESTARTED - ROUTES REGISTERED v1.0.6 ---
[2026-03-27T10:07:11.357Z] --- SERVER RESTARTED - ROUTES REGISTERED v1.0.6 ---
[2026-03-27T10:07:15.883Z] --- SERVER RESTARTED - ROUTES REGISTERED v1.0.6 ---
[2026-03-27T10:07:28.270Z] --- SERVER RESTARTED - ROUTES REGISTERED v1.0.6 ---
[2026-03-27T10:07:33.697Z] --- SERVER RESTARTED - ROUTES REGISTERED v1.0.6 ---
[2026-03-27T10:07:38.843Z] --- SERVER RESTARTED - ROUTES REGISTERED v1.0.6 ---
[2026-03-27T10:07:43.503Z] --- SERVER RESTARTED - ROUTES REGISTERED v1.0.6 ---
[2026-03-27T10:07:48.857Z] --- SERVER RESTARTED - ROUTES REGISTERED v1.0.6 ---
[2026-03-27T10:07:55.454Z] --- SERVER RESTARTED - ROUTES REGISTERED v1.0.6 ---
[2026-03-27T10:08:16.330Z] --- SERVER RESTARTED - ROUTES REGISTERED v1.0.6 ---
[2026-03-27T10:08:22.691Z] --- SERVER RESTARTED - ROUTES REGISTERED v1.0.6 ---
[2026-03-27T10:08:29.527Z] --- SERVER RESTARTED - ROUTES REGISTERED v1.0.6 ---
[2026-03-27T10:08:34.374Z] --- SERVER RESTARTED - ROUTES REGISTERED v1.0.6 ---
[2026-03-27T10:08:40.136Z] --- SERVER RESTARTED - ROUTES REGISTERED v1.0.6 ---
[2026-03-27T10:08:44.710Z] --- SERVER RESTARTED - ROUTES REGISTERED v1.0.6 ---
[2026-03-27T10:09:06.298Z] --- SERVER RESTARTED - ROUTES REGISTERED v1.0.6 ---
[2026-03-27T10:09:13.587Z] --- SERVER RESTARTED - ROUTES REGISTERED v1.0.6 ---
[2026-03-27T10:09:18.503Z] --- SERVER RESTARTED - ROUTES REGISTERED v1.0.6 ---
[2026-03-27T10:09:24.171Z] --- SERVER RESTARTED - ROUTES REGISTERED v1.0.6 ---
[2026-03-27T10:09:29.670Z] --- SERVER RESTARTED - ROUTES REGISTERED v1.0.6 ---
[2026-03-27T10:09:34.538Z] --- SERVER RESTARTED - ROUTES REGISTERED v1.0.6 ---
[2026-03-27T10:09:39.445Z] --- SERVER RESTARTED - ROUTES REGISTERED v1.0.6 ---
[2026-03-27T10:09:45.068Z] --- SERVER RESTARTED - ROUTES REGISTERED v1.0.6 ---
[2026-03-27T10:09:49.456Z] --- SERVER RESTARTED - ROUTES REGISTERED v1.0.6 ---
[2026-03-27T10:09:54.054Z] --- SERVER RESTARTED - ROUTES REGISTERED v1.0.6 ---
[2026-03-27T10:09:58.680Z] --- SERVER RESTARTED - ROUTES REGISTERED v1.0.6 ---
[2026-03-27T10:10:03.537Z] --- SERVER RESTARTED - ROUTES REGISTERED v1.0.6 ---
[2026-03-27T10:10:08.659Z] --- SERVER RESTARTED - ROUTES REGISTERED v1.0.6 ---
[2026-03-27T10:10:13.499Z] --- SERVER RESTARTED - ROUTES REGISTERED v1.0.6 ---
[2026-03-27T10:10:18.399Z] --- SERVER RESTARTED - ROUTES REGISTERED v1.0.6 ---
[2026-03-27T10:10:23.514Z] --- SERVER RESTARTED - ROUTES REGISTERED v1.0.6 ---
[2026-03-27T10:10:28.839Z] --- SERVER RESTARTED - ROUTES REGISTERED v1.0.6 ---
[2026-03-27T10:10:47.352Z] --- SERVER RESTARTED - ROUTES REGISTERED v1.0.6 ---
[2026-03-27T10:10:54.229Z] --- SERVER RESTARTED - ROUTES REGISTERED v1.0.6 ---
[2026-03-27T10:11:05.030Z] --- SERVER RESTARTED - ROUTES REGISTERED v1.0.6 ---
[2026-03-27T10:11:10.474Z] --- SERVER RESTARTED - ROUTES REGISTERED v1.0.6 ---
[2026-03-27T10:11:19.034Z] --- SERVER RESTARTED - ROUTES REGISTERED v1.0.6 ---
[2026-03-27T10:11:24.920Z] --- SERVER RESTARTED - ROUTES REGISTERED v1.0.6 ---
[2026-03-27T10:11:30.774Z] --- SERVER RESTARTED - ROUTES REGISTERED v1.0.6 ---
[2026-03-27T10:11:35.858Z] --- SERVER RESTARTED - ROUTES REGISTERED v1.0.6 ---
[2026-03-27T10:11:40.653Z] --- SERVER RESTARTED - ROUTES REGISTERED v1.0.6 ---
[2026-03-27T10:11:42.304Z] [Storage] Executing: UPDATE documents SET word_file_path = @wordFilePath, updated_at = GETDATE() WHERE id = @id
[2026-03-27T10:11:46.014Z] --- SERVER RESTARTED - ROUTES REGISTERED v1.0.6 ---
[2026-03-27T10:11:53.490Z] --- SERVER RESTARTED - ROUTES REGISTERED v1.0.6 ---
[2026-03-27T10:11:59.120Z] --- SERVER RESTARTED - ROUTES REGISTERED v1.0.6 ---
[2026-03-27T10:12:06.277Z] --- SERVER RESTARTED - ROUTES REGISTERED v1.0.6 ---
[2026-03-27T10:12:12.304Z] --- SERVER RESTARTED - ROUTES REGISTERED v1.0.6 ---
[2026-03-27T10:12:18.417Z] --- SERVER RESTARTED - ROUTES REGISTERED v1.0.6 ---
[2026-03-27T10:12:25.471Z] --- SERVER RESTARTED - ROUTES REGISTERED v1.0.6 ---
[2026-03-27T10:12:32.161Z] --- SERVER RESTARTED - ROUTES REGISTERED v1.0.6 ---
[2026-03-27T10:12:37.237Z] --- SERVER RESTARTED - ROUTES REGISTERED v1.0.6 ---
[2026-03-27T10:12:42.350Z] --- SERVER RESTARTED - ROUTES REGISTERED v1.0.6 ---
[2026-03-27T10:12:47.447Z] --- SERVER RESTARTED - ROUTES REGISTERED v1.0.6 ---
[2026-03-27T10:12:52.581Z] --- SERVER RESTARTED - ROUTES REGISTERED v1.0.6 ---
[2026-03-27T10:12:58.755Z] --- SERVER RESTARTED - ROUTES REGISTERED v1.0.6 ---
[2026-03-27T10:13:03.641Z] --- SERVER RESTARTED - ROUTES REGISTERED v1.0.6 ---
[2026-03-27T10:13:09.230Z] --- SERVER RESTARTED - ROUTES REGISTERED v1.0.6 ---
[2026-03-27T10:13:14.487Z] --- SERVER RESTARTED - ROUTES REGISTERED v1.0.6 ---
[2026-03-27T10:13:19.752Z] --- SERVER RESTARTED - ROUTES REGISTERED v1.0.6 ---
[2026-03-27T10:13:25.870Z] --- SERVER RESTARTED - ROUTES REGISTERED v1.0.6 ---
[2026-03-27T10:13:31.781Z] --- SERVER RESTARTED - ROUTES REGISTERED v1.0.6 ---
[2026-03-27T10:13:37.649Z] --- SERVER RESTARTED - ROUTES REGISTERED v1.0.6 ---
[2026-03-27T10:13:43.809Z] --- SERVER RESTARTED - ROUTES REGISTERED v1.0.6 ---
[2026-03-27T10:13:51.991Z] --- SERVER RESTARTED - ROUTES REGISTERED v1.0.6 ---
[2026-03-27T10:13:58.545Z] --- SERVER RESTARTED - ROUTES REGISTERED v1.0.6 ---
[2026-03-27T10:14:04.738Z] --- SERVER RESTARTED - ROUTES REGISTERED v1.0.6 ---
[2026-03-27T10:14:11.527Z] --- SERVER RESTARTED - ROUTES REGISTERED v1.0.6 ---
[2026-03-27T10:14:17.116Z] --- SERVER RESTARTED - ROUTES REGISTERED v1.0.6 ---
[2026-03-27T10:14:22.271Z] --- SERVER RESTARTED - ROUTES REGISTERED v1.0.6 ---
[2026-03-27T10:14:28.647Z] --- SERVER RESTARTED - ROUTES REGISTERED v1.0.6 ---
[2026-03-27T10:14:36.887Z] --- SERVER RESTARTED - ROUTES REGISTERED v1.0.6 ---
[2026-03-27T10:14:51.224Z] --- SERVER RESTARTED - ROUTES REGISTERED v1.0.6 ---
[2026-03-27T10:14:58.752Z] --- SERVER RESTARTED - ROUTES REGISTERED v1.0.6 ---
[2026-03-27T10:15:05.517Z] --- SERVER RESTARTED - ROUTES REGISTERED v1.0.6 ---
[2026-03-27T10:15:10.908Z] --- SERVER RESTARTED - ROUTES REGISTERED v1.0.6 ---
[2026-03-27T10:15:11.966Z] [Word View] Requesting document doc-1774606302223
[2026-03-27T10:15:12.077Z] [Word View] Primary path attempt: C:\inetpub\wwwroot\dms\uploads\uploads\doc-1774606302223_1774606302293_5. Product List.docx
[2026-03-27T10:15:12.078Z] [Word View] Primary path failed: ENOENT: no such file or directory, access 'C:\inetpub\wwwroot\dms\uploads\uploads\doc-1774606302223_1774606302293_5. Product List.docx'
[2026-03-27T10:15:12.078Z] [Word View] Trying fallback path: C:\inetpub\wwwroot\dms\uploads\doc-1774606302223_1774606302293_5. Product List.docx
[2026-03-27T10:15:12.085Z] [Word View] Successfully read file from fallback path, size: 20543 bytes
[2026-03-27T10:15:12.085Z] [Word View] Processing .docx file for document doc-1774606302223.
[2026-03-27T10:15:12.157Z] [Word View] Mammoth conversion complete, HTML length: 2368 
[2026-03-27T10:15:16.391Z] --- SERVER RESTARTED - ROUTES REGISTERED v1.0.6 ---
[2026-03-27T10:15:21.695Z] --- SERVER RESTARTED - ROUTES REGISTERED v1.0.6 ---
[2026-03-27T10:15:27.114Z] --- SERVER RESTARTED - ROUTES REGISTERED v1.0.6 ---
[2026-03-27T10:15:32.735Z] --- SERVER RESTARTED - ROUTES REGISTERED v1.0.6 ---
[2026-03-27T10:15:37.886Z] --- SERVER RESTARTED - ROUTES REGISTERED v1.0.6 ---
[2026-03-27T10:15:42.726Z] --- SERVER RESTARTED - ROUTES REGISTERED v1.0.6 ---
[2026-03-27T10:15:47.955Z] --- SERVER RESTARTED - ROUTES REGISTERED v1.0.6 ---
[2026-03-27T10:15:52.824Z] --- SERVER RESTARTED - ROUTES REGISTERED v1.0.6 ---
[2026-03-27T10:15:58.445Z] --- SERVER RESTARTED - ROUTES REGISTERED v1.0.6 ---
[2026-03-27T10:16:03.696Z] --- SERVER RESTARTED - ROUTES REGISTERED v1.0.6 ---
[2026-03-27T10:16:08.764Z] --- SERVER RESTARTED - ROUTES REGISTERED v1.0.6 ---
[2026-03-27T10:16:13.707Z] --- SERVER RESTARTED - ROUTES REGISTERED v1.0.6 ---
[2026-03-27T10:16:18.956Z] --- SERVER RESTARTED - ROUTES REGISTERED v1.0.6 ---
[2026-03-27T10:16:23.679Z] --- SERVER RESTARTED - ROUTES REGISTERED v1.0.6 ---
[2026-03-27T10:16:29.685Z] --- SERVER RESTARTED - ROUTES REGISTERED v1.0.6 ---
[2026-03-27T10:16:34.733Z] --- SERVER RESTARTED - ROUTES REGISTERED v1.0.6 ---
[2026-03-27T10:16:40.677Z] --- SERVER RESTARTED - ROUTES REGISTERED v1.0.6 ---
[2026-03-27T10:16:45.873Z] --- SERVER RESTARTED - ROUTES REGISTERED v1.0.6 ---
[2026-03-27T10:16:51.322Z] --- SERVER RESTARTED - ROUTES REGISTERED v1.0.6 ---
[2026-03-27T10:16:56.161Z] --- SERVER RESTARTED - ROUTES REGISTERED v1.0.6 ---
[2026-03-27T10:17:11.014Z] --- SERVER RESTARTED - ROUTES REGISTERED v1.0.6 ---
[2026-03-27T10:17:25.361Z] --- SERVER RESTARTED - ROUTES REGISTERED v1.0.6 ---
[2026-03-27T10:17:30.872Z] --- SERVER RESTARTED - ROUTES REGISTERED v1.0.6 ---
[2026-03-27T10:17:35.767Z] --- SERVER RESTARTED - ROUTES REGISTERED v1.0.6 ---
[2026-03-27T10:17:40.891Z] --- SERVER RESTARTED - ROUTES REGISTERED v1.0.6 ---
[2026-03-27T10:17:46.616Z] --- SERVER RESTARTED - ROUTES REGISTERED v1.0.6 ---
[2026-03-27T10:18:11.742Z] --- SERVER RESTARTED - ROUTES REGISTERED v1.0.6 ---
[2026-03-27T10:18:16.699Z] --- SERVER RESTARTED - ROUTES REGISTERED v1.0.6 ---
[2026-03-27T10:18:25.371Z] --- SERVER RESTARTED - ROUTES REGISTERED v1.0.6 ---
[2026-03-27T10:18:31.680Z] --- SERVER RESTARTED - ROUTES REGISTERED v1.0.6 ---
[2026-03-27T10:18:37.336Z] --- SERVER RESTARTED - ROUTES REGISTERED v1.0.6 ---
[2026-03-27T10:18:43.034Z] --- SERVER RESTARTED - ROUTES REGISTERED v1.0.6 ---
[2026-03-27T10:18:47.748Z] --- SERVER RESTARTED - ROUTES REGISTERED v1.0.6 ---
[2026-03-27T10:18:52.237Z] --- SERVER RESTARTED - ROUTES REGISTERED v1.0.6 ---
[2026-03-27T10:18:56.752Z] --- SERVER RESTARTED - ROUTES REGISTERED v1.0.6 ---
[2026-03-27T10:19:01.558Z] --- SERVER RESTARTED - ROUTES REGISTERED v1.0.6 ---
[2026-03-27T10:19:06.175Z] --- SERVER RESTARTED - ROUTES REGISTERED v1.0.6 ---
[2026-03-27T10:19:10.767Z] --- SERVER RESTARTED - ROUTES REGISTERED v1.0.6 ---
[2026-03-27T10:19:15.297Z] --- SERVER RESTARTED - ROUTES REGISTERED v1.0.6 ---
[2026-03-27T10:19:20.516Z] --- SERVER RESTARTED - ROUTES REGISTERED v1.0.6 ---
[2026-03-27T10:19:25.288Z] --- SERVER RESTARTED - ROUTES REGISTERED v1.0.6 ---
[2026-03-27T10:19:29.911Z] --- SERVER RESTARTED - ROUTES REGISTERED v1.0.6 ---
[2026-03-27T10:19:35.046Z] --- SERVER RESTARTED - ROUTES REGISTERED v1.0.6 ---
[2026-03-27T10:19:39.983Z] --- SERVER RESTARTED - ROUTES REGISTERED v1.0.6 ---
[2026-03-27T10:19:45.672Z] --- SERVER RESTARTED - ROUTES REGISTERED v1.0.6 ---
[2026-03-27T10:19:50.247Z] --- SERVER RESTARTED - ROUTES REGISTERED v1.0.6 ---
[2026-03-27T10:19:54.945Z] --- SERVER RESTARTED - ROUTES REGISTERED v1.0.6 ---
[2026-03-27T10:19:59.739Z] --- SERVER RESTARTED - ROUTES REGISTERED v1.0.6 ---
[2026-03-27T10:20:04.994Z] --- SERVER RESTARTED - ROUTES REGISTERED v1.0.6 ---
[2026-03-27T10:20:10.073Z] --- SERVER RESTARTED - ROUTES REGISTERED v1.0.6 ---
[2026-03-27T10:20:14.860Z] --- SERVER RESTARTED - ROUTES REGISTERED v1.0.6 ---
[2026-03-27T10:20:19.337Z] --- SERVER RESTARTED - ROUTES REGISTERED v1.0.6 ---
[2026-03-27T10:20:23.978Z] --- SERVER RESTARTED - ROUTES REGISTERED v1.0.6 ---
[2026-03-27T10:20:28.478Z] --- SERVER RESTARTED - ROUTES REGISTERED v1.0.6 ---
[2026-03-27T10:20:33.430Z] --- SERVER RESTARTED - ROUTES REGISTERED v1.0.6 ---
[2026-03-27T10:20:38.039Z] --- SERVER RESTARTED - ROUTES REGISTERED v1.0.6 ---
[2026-03-27T10:20:42.529Z] --- SERVER RESTARTED - ROUTES REGISTERED v1.0.6 ---
[2026-03-27T10:20:47.504Z] --- SERVER RESTARTED - ROUTES REGISTERED v1.0.6 ---
[2026-03-27T10:20:52.207Z] --- SERVER RESTARTED - ROUTES REGISTERED v1.0.6 ---
[2026-03-27T10:20:57.313Z] --- SERVER RESTARTED - ROUTES REGISTERED v1.0.6 ---
[2026-03-27T10:21:02.325Z] --- SERVER RESTARTED - ROUTES REGISTERED v1.0.6 ---
[2026-03-27T10:21:07.312Z] --- SERVER RESTARTED - ROUTES REGISTERED v1.0.6 ---
[2026-03-27T10:21:11.916Z] --- SERVER RESTARTED - ROUTES REGISTERED v1.0.6 ---
[2026-03-27T10:21:16.626Z] --- SERVER RESTARTED - ROUTES REGISTERED v1.0.6 ---
[2026-03-27T10:21:21.214Z] --- SERVER RESTARTED - ROUTES REGISTERED v1.0.6 ---
[2026-03-27T10:21:25.764Z] --- SERVER RESTARTED - ROUTES REGISTERED v1.0.6 ---
[2026-03-27T10:21:30.437Z] --- SERVER RESTARTED - ROUTES REGISTERED v1.0.6 ---
[2026-03-27T10:21:34.616Z] --- SERVER RESTARTED - ROUTES REGISTERED v1.0.6 ---
[2026-03-27T10:21:39.410Z] --- SERVER RESTARTED - ROUTES REGISTERED v1.0.6 ---
[2026-03-27T10:21:44.200Z] --- SERVER RESTARTED - ROUTES REGISTERED v1.0.6 ---
[2026-03-27T10:21:49.401Z] --- SERVER RESTARTED - ROUTES REGISTERED v1.0.6 ---
[2026-03-27T10:21:54.205Z] --- SERVER RESTARTED - ROUTES REGISTERED v1.0.6 ---
[2026-03-27T10:21:58.914Z] --- SERVER RESTARTED - ROUTES REGISTERED v1.0.6 ---
[2026-03-27T10:22:04.768Z] --- SERVER RESTARTED - ROUTES REGISTERED v1.0.6 ---
[2026-03-27T10:22:09.750Z] --- SERVER RESTARTED - ROUTES REGISTERED v1.0.6 ---
[2026-03-27T10:22:14.415Z] --- SERVER RESTARTED - ROUTES REGISTERED v1.0.6 ---
[2026-03-27T10:22:19.166Z] --- SERVER RESTARTED - ROUTES REGISTERED v1.0.6 ---
[2026-03-27T10:22:23.707Z] --- SERVER RESTARTED - ROUTES REGISTERED v1.0.6 ---
[2026-03-27T10:22:29.063Z] --- SERVER RESTARTED - ROUTES REGISTERED v1.0.6 ---
[2026-03-27T10:22:34.811Z] --- SERVER RESTARTED - ROUTES REGISTERED v1.0.6 ---
[2026-03-27T10:22:40.262Z] --- SERVER RESTARTED - ROUTES REGISTERED v1.0.6 ---
[2026-03-27T10:22:45.196Z] --- SERVER RESTARTED - ROUTES REGISTERED v1.0.6 ---
[2026-03-27T10:22:50.081Z] --- SERVER RESTARTED - ROUTES REGISTERED v1.0.6 ---
[2026-03-27T10:22:54.803Z] --- SERVER RESTARTED - ROUTES REGISTERED v1.0.6 ---
[2026-03-27T10:22:59.352Z] --- SERVER RESTARTED - ROUTES REGISTERED v1.0.6 ---
[2026-03-27T10:23:03.704Z] --- SERVER RESTARTED - ROUTES REGISTERED v1.0.6 ---
[2026-03-27T10:23:08.325Z] --- SERVER RESTARTED - ROUTES REGISTERED v1.0.6 ---
[2026-03-27T10:23:14.423Z] --- SERVER RESTARTED - ROUTES REGISTERED v1.0.6 ---
[2026-03-27T10:23:19.723Z] --- SERVER RESTARTED - ROUTES REGISTERED v1.0.6 ---
[2026-03-27T10:23:24.041Z] --- SERVER RESTARTED - ROUTES REGISTERED v1.0.6 ---
[2026-03-27T10:23:29.151Z] --- SERVER RESTARTED - ROUTES REGISTERED v1.0.6 ---
[2026-03-27T10:23:34.087Z] --- SERVER RESTARTED - ROUTES REGISTERED v1.0.6 ---
[2026-03-27T10:23:38.472Z] --- SERVER RESTARTED - ROUTES REGISTERED v1.0.6 ---
[2026-03-27T10:23:42.828Z] --- SERVER RESTARTED - ROUTES REGISTERED v1.0.6 ---
[2026-03-27T10:23:47.713Z] --- SERVER RESTARTED - ROUTES REGISTERED v1.0.6 ---
[2026-03-27T10:23:52.095Z] --- SERVER RESTARTED - ROUTES REGISTERED v1.0.6 ---
[2026-03-27T10:23:56.754Z] --- SERVER RESTARTED - ROUTES REGISTERED v1.0.6 ---
[2026-03-27T10:24:01.756Z] --- SERVER RESTARTED - ROUTES REGISTERED v1.0.6 ---
[2026-03-27T10:24:06.713Z] --- SERVER RESTARTED - ROUTES REGISTERED v1.0.6 ---
[2026-03-27T10:24:12.960Z] --- SERVER RESTARTED - ROUTES REGISTERED v1.0.6 ---
[2026-03-27T10:24:18.572Z] --- SERVER RESTARTED - ROUTES REGISTERED v1.0.6 ---
[2026-03-27T10:24:23.242Z] --- SERVER RESTARTED - ROUTES REGISTERED v1.0.6 ---
[2026-03-27T10:24:28.202Z] --- SERVER RESTARTED - ROUTES REGISTERED v1.0.6 ---
[2026-03-27T10:24:34.453Z] --- SERVER RESTARTED - ROUTES REGISTERED v1.0.6 ---
[2026-03-27T10:24:40.266Z] --- SERVER RESTARTED - ROUTES REGISTERED v1.0.6 ---
[2026-03-27T10:24:49.656Z] --- SERVER RESTARTED - ROUTES REGISTERED v1.0.6 ---
[2026-03-27T10:24:56.631Z] --- SERVER RESTARTED - ROUTES REGISTERED v1.0.6 ---
[2026-03-27T10:25:01.322Z] --- SERVER RESTARTED - ROUTES REGISTERED v1.0.6 ---
[2026-03-27T10:25:06.032Z] --- SERVER RESTARTED - ROUTES REGISTERED v1.0.6 ---
[2026-03-27T10:25:11.141Z] --- SERVER RESTARTED - ROUTES REGISTERED v1.0.6 ---
[2026-03-27T10:25:15.477Z] --- SERVER RESTARTED - ROUTES REGISTERED v1.0.6 ---
[2026-03-27T10:25:21.323Z] --- SERVER RESTARTED - ROUTES REGISTERED v1.0.6 ---
[2026-03-27T10:25:25.974Z] --- SERVER RESTARTED - ROUTES REGISTERED v1.0.6 ---
[2026-03-27T10:25:31.084Z] --- SERVER RESTARTED - ROUTES REGISTERED v1.0.6 ---
[2026-03-27T10:25:35.591Z] --- SERVER RESTARTED - ROUTES REGISTERED v1.0.6 ---
[2026-03-27T10:25:40.402Z] --- SERVER RESTARTED - ROUTES REGISTERED v1.0.6 ---
[2026-03-27T10:25:45.085Z] --- SERVER RESTARTED - ROUTES REGISTERED v1.0.6 ---
[2026-03-27T10:25:49.961Z] --- SERVER RESTARTED - ROUTES REGISTERED v1.0.6 ---
[2026-03-27T10:25:55.608Z] --- SERVER RESTARTED - ROUTES REGISTERED v1.0.6 ---
[2026-03-27T10:26:00.846Z] --- SERVER RESTARTED - ROUTES REGISTERED v1.0.6 ---
[2026-03-27T10:26:05.943Z] --- SERVER RESTARTED - ROUTES REGISTERED v1.0.6 ---
[2026-03-27T10:26:10.343Z] --- SERVER RESTARTED - ROUTES REGISTERED v1.0.6 ---
[2026-03-27T10:26:14.663Z] --- SERVER RESTARTED - ROUTES REGISTERED v1.0.6 ---
[2026-03-27T10:26:19.045Z] --- SERVER RESTARTED - ROUTES REGISTERED v1.0.6 ---
[2026-03-27T10:26:24.310Z] --- SERVER RESTARTED - ROUTES REGISTERED v1.0.6 ---
[2026-03-27T10:26:28.985Z] --- SERVER RESTARTED - ROUTES REGISTERED v1.0.6 ---
[2026-03-27T10:26:34.260Z] --- SERVER RESTARTED - ROUTES REGISTERED v1.0.6 ---
[2026-03-27T10:26:39.003Z] --- SERVER RESTARTED - ROUTES REGISTERED v1.0.6 ---
[2026-03-27T10:26:43.792Z] --- SERVER RESTARTED - ROUTES REGISTERED v1.0.6 ---
[2026-03-27T10:26:48.363Z] --- SERVER RESTARTED - ROUTES REGISTERED v1.0.6 ---
[2026-03-27T10:26:52.926Z] --- SERVER RESTARTED - ROUTES REGISTERED v1.0.6 ---
[2026-03-27T10:26:59.016Z] --- SERVER RESTARTED - ROUTES REGISTERED v1.0.6 ---
[2026-03-27T10:27:04.098Z] --- SERVER RESTARTED - ROUTES REGISTERED v1.0.6 ---
[2026-03-27T10:27:08.583Z] --- SERVER RESTARTED - ROUTES REGISTERED v1.0.6 ---
[2026-03-27T10:27:12.968Z] --- SERVER RESTARTED - ROUTES REGISTERED v1.0.6 ---
[2026-03-27T10:27:17.926Z] --- SERVER RESTARTED - ROUTES REGISTERED v1.0.6 ---
[2026-03-27T10:27:22.987Z] --- SERVER RESTARTED - ROUTES REGISTERED v1.0.6 ---
[2026-03-27T10:27:27.776Z] --- SERVER RESTARTED - ROUTES REGISTERED v1.0.6 ---
[2026-03-27T10:27:33.063Z] --- SERVER RESTARTED - ROUTES REGISTERED v1.0.6 ---
[2026-03-27T10:27:37.873Z] --- SERVER RESTARTED - ROUTES REGISTERED v1.0.6 ---
[2026-03-27T10:27:42.876Z] --- SERVER RESTARTED - ROUTES REGISTERED v1.0.6 ---
[2026-03-27T10:27:49.556Z] --- SERVER RESTARTED - ROUTES REGISTERED v1.0.6 ---
[2026-03-27T10:27:53.980Z] --- SERVER RESTARTED - ROUTES REGISTERED v1.0.6 ---
[2026-03-27T10:28:01.712Z] --- SERVER RESTARTED - ROUTES REGISTERED v1.0.6 ---
[2026-03-27T10:28:06.365Z] --- SERVER RESTARTED - ROUTES REGISTERED v1.0.6 ---
[2026-03-27T10:28:10.884Z] --- SERVER RESTARTED - ROUTES REGISTERED v1.0.6 ---
[2026-03-27T10:28:16.222Z] --- SERVER RESTARTED - ROUTES REGISTERED v1.0.6 ---
[2026-03-27T10:28:20.938Z] --- SERVER RESTARTED - ROUTES REGISTERED v1.0.6 ---
[2026-03-27T10:28:27.838Z] --- SERVER RESTARTED - ROUTES REGISTERED v1.0.6 ---
[2026-03-27T10:28:32.773Z] --- SERVER RESTARTED - ROUTES REGISTERED v1.0.6 ---
[2026-03-27T10:28:37.167Z] --- SERVER RESTARTED - ROUTES REGISTERED v1.0.6 ---
[2026-03-27T10:28:42.033Z] --- SERVER RESTARTED - ROUTES REGISTERED v1.0.6 ---
[2026-03-27T10:28:46.830Z] --- SERVER RESTARTED - ROUTES REGISTERED v1.0.6 ---
[2026-03-27T10:28:53.127Z] --- SERVER RESTARTED - ROUTES REGISTERED v1.0.6 ---
[2026-03-27T10:28:58.741Z] --- SERVER RESTARTED - ROUTES REGISTERED v1.0.6 ---
[2026-03-27T10:29:04.179Z] --- SERVER RESTARTED - ROUTES REGISTERED v1.0.6 ---
[2026-03-27T10:29:09.263Z] --- SERVER RESTARTED - ROUTES REGISTERED v1.0.6 ---
[2026-03-27T10:29:14.593Z] --- SERVER RESTARTED - ROUTES REGISTERED v1.0.6 ---
[2026-03-27T10:29:19.278Z] --- SERVER RESTARTED - ROUTES REGISTERED v1.0.6 ---
[2026-03-27T10:29:24.628Z] --- SERVER RESTARTED - ROUTES REGISTERED v1.0.6 ---
[2026-03-27T10:29:30.842Z] --- SERVER RESTARTED - ROUTES REGISTERED v1.0.6 ---
[2026-03-27T10:29:36.770Z] --- SERVER RESTARTED - ROUTES REGISTERED v1.0.6 ---
[2026-03-27T10:29:42.905Z] --- SERVER RESTARTED - ROUTES REGISTERED v1.0.6 ---
[2026-03-27T10:29:49.195Z] --- SERVER RESTARTED - ROUTES REGISTERED v1.0.6 ---
[2026-03-27T10:30:03.987Z] --- SERVER RESTARTED - ROUTES REGISTERED v1.0.6 ---
[2026-03-27T10:30:15.629Z] --- SERVER RESTARTED - ROUTES REGISTERED v1.0.6 ---
[2026-03-27T10:30:27.664Z] --- SERVER RESTARTED - ROUTES REGISTERED v1.0.6 ---
[2026-03-27T10:30:35.415Z] --- SERVER RESTARTED - ROUTES REGISTERED v1.0.6 ---
[2026-03-27T10:30:41.311Z] --- SERVER RESTARTED - ROUTES REGISTERED v1.0.6 ---
[2026-03-27T10:30:46.252Z] --- SERVER RESTARTED - ROUTES REGISTERED v1.0.6 ---
[2026-03-27T10:30:52.233Z] --- SERVER RESTARTED - ROUTES REGISTERED v1.0.6 ---
[2026-03-27T10:30:58.066Z] --- SERVER RESTARTED - ROUTES REGISTERED v1.0.6 ---
[2026-03-27T10:31:02.508Z] --- SERVER RESTARTED - ROUTES REGISTERED v1.0.6 ---
[2026-03-27T10:31:09.634Z] --- SERVER RESTARTED - ROUTES REGISTERED v1.0.6 ---
[2026-03-27T10:31:16.304Z] --- SERVER RESTARTED - ROUTES REGISTERED v1.0.6 ---
[2026-03-27T10:31:21.068Z] --- SERVER RESTARTED - ROUTES REGISTERED v1.0.6 ---
[2026-03-27T10:31:25.785Z] --- SERVER RESTARTED - ROUTES REGISTERED v1.0.6 ---
[2026-03-27T10:31:30.991Z] --- SERVER RESTARTED - ROUTES REGISTERED v1.0.6 ---
[2026-03-27T10:31:36.197Z] --- SERVER RESTARTED - ROUTES REGISTERED v1.0.6 ---
[2026-03-27T10:31:41.610Z] --- SERVER RESTARTED - ROUTES REGISTERED v1.0.6 ---
[2026-03-27T10:31:46.346Z] --- SERVER RESTARTED - ROUTES REGISTERED v1.0.6 ---
[2026-03-27T10:31:51.457Z] --- SERVER RESTARTED - ROUTES REGISTERED v1.0.6 ---
[2026-03-27T10:31:56.827Z] --- SERVER RESTARTED - ROUTES REGISTERED v1.0.6 ---
[2026-03-27T10:32:01.772Z] --- SERVER RESTARTED - ROUTES REGISTERED v1.0.6 ---
[2026-03-27T10:32:06.695Z] --- SERVER RESTARTED - ROUTES REGISTERED v1.0.6 ---
[2026-03-27T10:32:12.236Z] --- SERVER RESTARTED - ROUTES REGISTERED v1.0.6 ---
[2026-03-27T10:32:16.542Z] --- SERVER RESTARTED - ROUTES REGISTERED v1.0.6 ---
[2026-03-27T10:32:21.154Z] --- SERVER RESTARTED - ROUTES REGISTERED v1.0.6 ---
[2026-03-27T10:32:26.038Z] --- SERVER RESTARTED - ROUTES REGISTERED v1.0.6 ---
[2026-03-27T10:32:30.686Z] --- SERVER RESTARTED - ROUTES REGISTERED v1.0.6 ---
[2026-03-27T10:32:35.880Z] --- SERVER RESTARTED - ROUTES REGISTERED v1.0.6 ---
[2026-03-27T10:32:42.262Z] --- SERVER RESTARTED - ROUTES REGISTERED v1.0.6 ---
[2026-03-27T10:32:47.712Z] --- SERVER RESTARTED - ROUTES REGISTERED v1.0.6 ---
[2026-03-27T10:32:53.072Z] --- SERVER RESTARTED - ROUTES REGISTERED v1.0.6 ---
[2026-03-27T10:32:58.505Z] --- SERVER RESTARTED - ROUTES REGISTERED v1.0.6 ---
[2026-03-27T10:33:05.507Z] --- SERVER RESTARTED - ROUTES REGISTERED v1.0.6 ---
[2026-03-27T10:33:11.594Z] --- SERVER RESTARTED - ROUTES REGISTERED v1.0.6 ---
[2026-03-27T10:33:16.687Z] --- SERVER RESTARTED - ROUTES REGISTERED v1.0.6 ---
[2026-03-27T10:33:22.183Z] --- SERVER RESTARTED - ROUTES REGISTERED v1.0.6 ---
[2026-03-27T10:33:27.937Z] --- SERVER RESTARTED - ROUTES REGISTERED v1.0.6 ---
[2026-03-27T10:33:32.618Z] --- SERVER RESTARTED - ROUTES REGISTERED v1.0.6 ---
[2026-03-27T10:33:37.731Z] --- SERVER RESTARTED - ROUTES REGISTERED v1.0.6 ---
[2026-03-27T10:33:42.529Z] --- SERVER RESTARTED - ROUTES REGISTERED v1.0.6 ---
[2026-03-27T10:33:47.206Z] --- SERVER RESTARTED - ROUTES REGISTERED v1.0.6 ---
[2026-03-27T10:33:51.869Z] --- SERVER RESTARTED - ROUTES REGISTERED v1.0.6 ---
[2026-03-27T10:33:57.510Z] --- SERVER RESTARTED - ROUTES REGISTERED v1.0.6 ---
[2026-03-27T10:34:02.349Z] --- SERVER RESTARTED - ROUTES REGISTERED v1.0.6 ---
[2026-03-27T10:34:07.165Z] --- SERVER RESTARTED - ROUTES REGISTERED v1.0.6 ---
[2026-03-27T10:34:12.072Z] --- SERVER RESTARTED - ROUTES REGISTERED v1.0.6 ---
[2026-03-27T10:34:17.000Z] --- SERVER RESTARTED - ROUTES REGISTERED v1.0.6 ---
[2026-03-27T10:34:22.053Z] --- SERVER RESTARTED - ROUTES REGISTERED v1.0.6 ---
[2026-03-27T10:34:28.784Z] --- SERVER RESTARTED - ROUTES REGISTERED v1.0.6 ---
[2026-03-27T10:34:33.685Z] --- SERVER RESTARTED - ROUTES REGISTERED v1.0.6 ---
[2026-03-27T10:34:38.739Z] --- SERVER RESTARTED - ROUTES REGISTERED v1.0.6 ---
[2026-03-27T10:34:43.549Z] --- SERVER RESTARTED - ROUTES REGISTERED v1.0.6 ---
[2026-03-27T10:34:48.263Z] --- SERVER RESTARTED - ROUTES REGISTERED v1.0.6 ---
[2026-03-27T10:34:53.118Z] --- SERVER RESTARTED - ROUTES REGISTERED v1.0.6 ---
[2026-03-27T10:34:58.820Z] --- SERVER RESTARTED - ROUTES REGISTERED v1.0.6 ---
[2026-03-27T10:35:04.371Z] --- SERVER RESTARTED - ROUTES REGISTERED v1.0.6 ---
[2026-03-27T10:35:08.877Z] --- SERVER RESTARTED - ROUTES REGISTERED v1.0.6 ---
[2026-03-27T10:35:13.526Z] --- SERVER RESTARTED - ROUTES REGISTERED v1.0.6 ---
[2026-03-27T10:35:17.926Z] --- SERVER RESTARTED - ROUTES REGISTERED v1.0.6 ---
[2026-03-27T10:35:22.504Z] --- SERVER RESTARTED - ROUTES REGISTERED v1.0.6 ---
[2026-03-27T10:35:27.939Z] --- SERVER RESTARTED - ROUTES REGISTERED v1.0.6 ---
[2026-03-27T10:35:32.619Z] --- SERVER RESTARTED - ROUTES REGISTERED v1.0.6 ---
[2026-03-27T10:35:37.404Z] --- SERVER RESTARTED - ROUTES REGISTERED v1.0.6 ---
[2026-03-27T10:35:42.133Z] --- SERVER RESTARTED - ROUTES REGISTERED v1.0.6 ---
[2026-03-27T10:35:44.592Z] [Storage] Executing: UPDATE documents SET word_file_path = @wordFilePath, updated_at = GETDATE() WHERE id = @id
[2026-03-27T10:35:47.006Z] --- SERVER RESTARTED - ROUTES REGISTERED v1.0.6 ---
[2026-03-27T10:35:51.874Z] --- SERVER RESTARTED - ROUTES REGISTERED v1.0.6 ---
[2026-03-27T10:35:57.618Z] --- SERVER RESTARTED - ROUTES REGISTERED v1.0.6 ---
[2026-03-27T10:36:03.367Z] --- SERVER RESTARTED - ROUTES REGISTERED v1.0.6 ---
[2026-03-27T10:36:39.191Z] --- SERVER RESTARTED - ROUTES REGISTERED v1.0.6 ---
[2026-03-27T10:36:53.157Z] --- SERVER RESTARTED - ROUTES REGISTERED v1.0.6 ---
[2026-03-27T10:37:01.041Z] --- SERVER RESTARTED - ROUTES REGISTERED v1.0.6 ---
[2026-03-27T10:37:07.917Z] --- SERVER RESTARTED - ROUTES REGISTERED v1.0.6 ---
[2026-03-27T10:37:14.124Z] --- SERVER RESTARTED - ROUTES REGISTERED v1.0.6 ---
[2026-03-27T10:37:19.983Z] --- SERVER RESTARTED - ROUTES REGISTERED v1.0.6 ---
[2026-03-27T10:37:25.495Z] --- SERVER RESTARTED - ROUTES REGISTERED v1.0.6 ---
[2026-03-27T10:37:32.407Z] --- SERVER RESTARTED - ROUTES REGISTERED v1.0.6 ---
[2026-03-27T10:37:39.044Z] --- SERVER RESTARTED - ROUTES REGISTERED v1.0.6 ---
[2026-03-27T10:37:45.273Z] --- SERVER RESTARTED - ROUTES REGISTERED v1.0.6 ---
[2026-03-27T10:37:51.435Z] --- SERVER RESTARTED - ROUTES REGISTERED v1.0.6 ---
[2026-03-27T10:37:56.776Z] --- SERVER RESTARTED - ROUTES REGISTERED v1.0.6 ---
[2026-03-27T10:38:04.004Z] --- SERVER RESTARTED - ROUTES REGISTERED v1.0.6 ---
[2026-03-27T10:38:09.972Z] --- SERVER RESTARTED - ROUTES REGISTERED v1.0.6 ---
[2026-03-27T10:38:16.350Z] --- SERVER RESTARTED - ROUTES REGISTERED v1.0.6 ---
[2026-03-27T10:38:21.380Z] --- SERVER RESTARTED - ROUTES REGISTERED v1.0.6 ---
[2026-03-27T10:38:26.950Z] --- SERVER RESTARTED - ROUTES REGISTERED v1.0.6 ---
[2026-03-27T10:38:35.040Z] --- SERVER RESTARTED - ROUTES REGISTERED v1.0.6 ---
[2026-03-27T10:38:46.379Z] --- SERVER RESTARTED - ROUTES REGISTERED v1.0.6 ---
[2026-03-27T10:38:55.531Z] --- SERVER RESTARTED - ROUTES REGISTERED v1.0.6 ---
[2026-03-27T10:39:02.513Z] --- SERVER RESTARTED - ROUTES REGISTERED v1.0.6 ---
[2026-03-27T10:39:09.460Z] --- SERVER RESTARTED - ROUTES REGISTERED v1.0.6 ---
[2026-03-27T10:39:16.289Z] --- SERVER RESTARTED - ROUTES REGISTERED v1.0.6 ---
[2026-03-27T10:39:21.804Z] --- SERVER RESTARTED - ROUTES REGISTERED v1.0.6 ---
[2026-03-27T10:39:27.415Z] --- SERVER RESTARTED - ROUTES REGISTERED v1.0.6 ---
[2026-03-27T10:39:34.308Z] --- SERVER RESTARTED - ROUTES REGISTERED v1.0.6 ---
[2026-03-27T10:39:39.117Z] --- SERVER RESTARTED - ROUTES REGISTERED v1.0.6 ---
[2026-03-27T10:39:43.869Z] --- SERVER RESTARTED - ROUTES REGISTERED v1.0.6 ---
[2026-03-27T10:39:48.722Z] --- SERVER RESTARTED - ROUTES REGISTERED v1.0.6 ---
[2026-03-27T10:39:54.569Z] --- SERVER RESTARTED - ROUTES REGISTERED v1.0.6 ---
[2026-03-27T10:39:59.642Z] --- SERVER RESTARTED - ROUTES REGISTERED v1.0.6 ---
[2026-03-27T10:40:04.628Z] --- SERVER RESTARTED - ROUTES REGISTERED v1.0.6 ---
[2026-03-27T10:40:10.729Z] --- SERVER RESTARTED - ROUTES REGISTERED v1.0.6 ---
[2026-03-27T10:40:16.180Z] --- SERVER RESTARTED - ROUTES REGISTERED v1.0.6 ---
[2026-03-27T10:40:21.058Z] --- SERVER RESTARTED - ROUTES REGISTERED v1.0.6 ---
[2026-03-27T10:40:27.481Z] --- SERVER RESTARTED - ROUTES REGISTERED v1.0.6 ---
[2026-03-27T10:40:33.619Z] --- SERVER RESTARTED - ROUTES REGISTERED v1.0.6 ---
[2026-03-27T10:40:40.001Z] --- SERVER RESTARTED - ROUTES REGISTERED v1.0.6 ---
[2026-03-27T10:40:44.536Z] --- SERVER RESTARTED - ROUTES REGISTERED v1.0.6 ---
[2026-03-27T10:40:49.002Z] --- SERVER RESTARTED - ROUTES REGISTERED v1.0.6 ---
[2026-03-27T10:40:54.148Z] --- SERVER RESTARTED - ROUTES REGISTERED v1.0.6 ---
[2026-03-27T10:41:01.733Z] --- SERVER RESTARTED - ROUTES REGISTERED v1.0.6 ---
[2026-03-27T10:41:07.084Z] --- SERVER RESTARTED - ROUTES REGISTERED v1.0.6 ---
[2026-03-27T10:41:11.937Z] --- SERVER RESTARTED - ROUTES REGISTERED v1.0.6 ---
[2026-03-27T10:41:16.818Z] --- SERVER RESTARTED - ROUTES REGISTERED v1.0.6 ---
[2026-03-27T10:41:24.060Z] --- SERVER RESTARTED - ROUTES REGISTERED v1.0.6 ---
[2026-03-27T10:41:29.488Z] --- SERVER RESTARTED - ROUTES REGISTERED v1.0.6 ---
[2026-03-27T10:41:34.865Z] --- SERVER RESTARTED - ROUTES REGISTERED v1.0.6 ---
[2026-03-27T10:41:42.138Z] --- SERVER RESTARTED - ROUTES REGISTERED v1.0.6 ---
[2026-03-27T10:41:47.568Z] --- SERVER RESTARTED - ROUTES REGISTERED v1.0.6 ---
[2026-03-27T10:41:52.966Z] --- SERVER RESTARTED - ROUTES REGISTERED v1.0.6 ---
[2026-03-27T10:41:58.356Z] --- SERVER RESTARTED - ROUTES REGISTERED v1.0.6 ---
[2026-03-27T10:42:04.333Z] --- SERVER RESTARTED - ROUTES REGISTERED v1.0.6 ---
[2026-03-27T10:42:09.461Z] --- SERVER RESTARTED - ROUTES REGISTERED v1.0.6 ---
[2026-03-27T10:42:14.331Z] --- SERVER RESTARTED - ROUTES REGISTERED v1.0.6 ---
[2026-03-27T10:42:20.926Z] --- SERVER RESTARTED - ROUTES REGISTERED v1.0.6 ---
[2026-03-27T10:42:26.648Z] --- SERVER RESTARTED - ROUTES REGISTERED v1.0.6 ---
[2026-03-27T10:42:31.417Z] --- SERVER RESTARTED - ROUTES REGISTERED v1.0.6 ---
[2026-03-27T10:42:36.042Z] --- SERVER RESTARTED - ROUTES REGISTERED v1.0.6 ---
[2026-03-27T10:42:42.203Z] --- SERVER RESTARTED - ROUTES REGISTERED v1.0.6 ---
[2026-03-27T10:42:47.402Z] --- SERVER RESTARTED - ROUTES REGISTERED v1.0.6 ---
[2026-03-27T10:42:53.334Z] --- SERVER RESTARTED - ROUTES REGISTERED v1.0.6 ---
[2026-03-27T10:42:59.328Z] --- SERVER RESTARTED - ROUTES REGISTERED v1.0.6 ---
[2026-03-27T10:43:05.106Z] --- SERVER RESTARTED - ROUTES REGISTERED v1.0.6 ---
[2026-03-27T10:43:09.675Z] --- SERVER RESTARTED - ROUTES REGISTERED v1.0.6 ---
[2026-03-27T10:43:14.743Z] --- SERVER RESTARTED - ROUTES REGISTERED v1.0.6 ---
[2026-03-27T10:43:19.576Z] --- SERVER RESTARTED - ROUTES REGISTERED v1.0.6 ---
[2026-03-27T10:43:25.964Z] --- SERVER RESTARTED - ROUTES REGISTERED v1.0.6 ---
[2026-03-27T10:43:30.726Z] --- SERVER RESTARTED - ROUTES REGISTERED v1.0.6 ---
[2026-03-27T10:43:35.885Z] --- SERVER RESTARTED - ROUTES REGISTERED v1.0.6 ---
[2026-03-27T10:43:43.533Z] --- SERVER RESTARTED - ROUTES REGISTERED v1.0.6 ---
[2026-03-27T10:43:48.694Z] --- SERVER RESTARTED - ROUTES REGISTERED v1.0.6 ---
[2026-03-27T10:43:53.347Z] --- SERVER RESTARTED - ROUTES REGISTERED v1.0.6 ---
[2026-03-27T10:44:00.130Z] --- SERVER RESTARTED - ROUTES REGISTERED v1.0.6 ---
[2026-03-27T10:44:05.070Z] --- SERVER RESTARTED - ROUTES REGISTERED v1.0.6 ---
[2026-03-27T10:44:12.266Z] --- SERVER RESTARTED - ROUTES REGISTERED v1.0.6 ---
[2026-03-27T10:44:17.438Z] --- SERVER RESTARTED - ROUTES REGISTERED v1.0.6 ---
[2026-03-27T10:44:22.699Z] --- SERVER RESTARTED - ROUTES REGISTERED v1.0.6 ---
[2026-03-27T10:44:30.606Z] --- SERVER RESTARTED - ROUTES REGISTERED v1.0.6 ---
[2026-03-27T10:44:37.320Z] --- SERVER RESTARTED - ROUTES REGISTERED v1.0.6 ---
[2026-03-27T10:44:42.783Z] --- SERVER RESTARTED - ROUTES REGISTERED v1.0.6 ---
[2026-03-27T10:44:48.691Z] --- SERVER RESTARTED - ROUTES REGISTERED v1.0.6 ---
[2026-03-27T10:44:54.174Z] --- SERVER RESTARTED - ROUTES REGISTERED v1.0.6 ---
[2026-03-27T10:44:59.979Z] --- SERVER RESTARTED - ROUTES REGISTERED v1.0.6 ---
[2026-03-27T10:45:05.657Z] --- SERVER RESTARTED - ROUTES REGISTERED v1.0.6 ---
[2026-03-27T10:45:11.264Z] --- SERVER RESTARTED - ROUTES REGISTERED v1.0.6 ---
[2026-03-27T10:45:16.208Z] --- SERVER RESTARTED - ROUTES REGISTERED v1.0.6 ---
[2026-03-27T10:45:21.250Z] --- SERVER RESTARTED - ROUTES REGISTERED v1.0.6 ---
[2026-03-27T10:45:27.092Z] --- SERVER RESTARTED - ROUTES REGISTERED v1.0.6 ---
[2026-03-27T10:45:44.276Z] --- SERVER RESTARTED - ROUTES REGISTERED v1.0.6 ---
[2026-03-27T10:45:56.814Z] --- SERVER RESTARTED - ROUTES REGISTERED v1.0.6 ---
[2026-03-27T10:46:05.295Z] --- SERVER RESTARTED - ROUTES REGISTERED v1.0.6 ---
[2026-03-27T10:46:12.372Z] --- SERVER RESTARTED - ROUTES REGISTERED v1.0.6 ---
[2026-03-27T10:46:17.571Z] --- SERVER RESTARTED - ROUTES REGISTERED v1.0.6 ---
[2026-03-27T10:46:22.668Z] --- SERVER RESTARTED - ROUTES REGISTERED v1.0.6 ---
[2026-03-27T10:46:27.663Z] --- SERVER RESTARTED - ROUTES REGISTERED v1.0.6 ---
[2026-03-27T10:46:32.802Z] --- SERVER RESTARTED - ROUTES REGISTERED v1.0.6 ---
[2026-03-27T10:46:37.674Z] --- SERVER RESTARTED - ROUTES REGISTERED v1.0.6 ---
[2026-03-27T10:46:42.627Z] --- SERVER RESTARTED - ROUTES REGISTERED v1.0.6 ---
[2026-03-27T10:46:47.391Z] --- SERVER RESTARTED - ROUTES REGISTERED v1.0.6 ---
[2026-03-27T10:46:52.419Z] --- SERVER RESTARTED - ROUTES REGISTERED v1.0.6 ---
[2026-03-27T10:46:57.995Z] --- SERVER RESTARTED - ROUTES REGISTERED v1.0.6 ---
[2026-03-27T10:47:03.474Z] --- SERVER RESTARTED - ROUTES REGISTERED v1.0.6 ---
[2026-03-27T10:47:07.795Z] --- SERVER RESTARTED - ROUTES REGISTERED v1.0.6 ---
[2026-03-27T10:47:12.890Z] --- SERVER RESTARTED - ROUTES REGISTERED v1.0.6 ---
[2026-03-27T10:47:17.513Z] --- SERVER RESTARTED - ROUTES REGISTERED v1.0.6 ---
[2026-03-27T10:47:22.475Z] --- SERVER RESTARTED - ROUTES REGISTERED v1.0.6 ---
[2026-03-27T10:47:27.989Z] --- SERVER RESTARTED - ROUTES REGISTERED v1.0.6 ---
[2026-03-27T10:47:33.850Z] --- SERVER RESTARTED - ROUTES REGISTERED v1.0.6 ---
[2026-03-27T10:47:38.960Z] --- SERVER RESTARTED - ROUTES REGISTERED v1.0.6 ---
[2026-03-27T10:47:43.992Z] --- SERVER RESTARTED - ROUTES REGISTERED v1.0.6 ---
[2026-03-27T10:47:48.994Z] --- SERVER RESTARTED - ROUTES REGISTERED v1.0.6 ---
[2026-03-27T10:47:54.143Z] --- SERVER RESTARTED - ROUTES REGISTERED v1.0.6 ---
[2026-03-27T10:47:59.016Z] --- SERVER RESTARTED - ROUTES REGISTERED v1.0.6 ---
[2026-03-27T10:48:04.053Z] --- SERVER RESTARTED - ROUTES REGISTERED v1.0.6 ---
[2026-03-27T10:48:09.128Z] --- SERVER RESTARTED - ROUTES REGISTERED v1.0.6 ---
[2026-03-27T10:48:13.587Z] --- SERVER RESTARTED - ROUTES REGISTERED v1.0.6 ---
[2026-03-27T10:48:18.424Z] --- SERVER RESTARTED - ROUTES REGISTERED v1.0.6 ---
[2026-03-27T10:48:23.309Z] --- SERVER RESTARTED - ROUTES REGISTERED v1.0.6 ---
[2026-03-27T10:48:29.126Z] --- SERVER RESTARTED - ROUTES REGISTERED v1.0.6 ---
[2026-03-27T10:48:34.248Z] --- SERVER RESTARTED - ROUTES REGISTERED v1.0.6 ---
[2026-03-27T10:48:39.131Z] --- SERVER RESTARTED - ROUTES REGISTERED v1.0.6 ---
[2026-03-27T10:48:43.779Z] --- SERVER RESTARTED - ROUTES REGISTERED v1.0.6 ---
[2026-03-27T10:48:48.508Z] --- SERVER RESTARTED - ROUTES REGISTERED v1.0.6 ---
[2026-03-27T10:48:54.192Z] --- SERVER RESTARTED - ROUTES REGISTERED v1.0.6 ---
[2026-03-27T10:48:59.670Z] --- SERVER RESTARTED - ROUTES REGISTERED v1.0.6 ---
[2026-03-27T10:49:04.712Z] --- SERVER RESTARTED - ROUTES REGISTERED v1.0.6 ---
[2026-03-27T10:49:09.896Z] --- SERVER RESTARTED - ROUTES REGISTERED v1.0.6 ---
[2026-03-27T10:49:14.531Z] --- SERVER RESTARTED - ROUTES REGISTERED v1.0.6 ---
[2026-03-27T10:49:19.163Z] --- SERVER RESTARTED - ROUTES REGISTERED v1.0.6 ---
[2026-03-27T10:49:23.629Z] --- SERVER RESTARTED - ROUTES REGISTERED v1.0.6 ---
[2026-03-27T10:49:28.872Z] --- SERVER RESTARTED - ROUTES REGISTERED v1.0.6 ---
[2026-03-27T10:49:33.829Z] --- SERVER RESTARTED - ROUTES REGISTERED v1.0.6 ---
[2026-03-27T10:49:38.580Z] --- SERVER RESTARTED - ROUTES REGISTERED v1.0.6 ---
[2026-03-27T10:49:44.044Z] --- SERVER RESTARTED - ROUTES REGISTERED v1.0.6 ---
[2026-03-27T10:49:48.752Z] --- SERVER RESTARTED - ROUTES REGISTERED v1.0.6 ---
[2026-03-27T10:49:53.864Z] --- SERVER RESTARTED - ROUTES REGISTERED v1.0.6 ---
[2026-03-27T10:50:04.555Z] --- SERVER RESTARTED - ROUTES REGISTERED v1.0.6 ---
[2026-03-27T10:50:09.962Z] --- SERVER RESTARTED - ROUTES REGISTERED v1.0.6 ---
[2026-03-27T10:50:14.644Z] --- SERVER RESTARTED - ROUTES REGISTERED v1.0.6 ---
[2026-03-27T10:50:19.995Z] --- SERVER RESTARTED - ROUTES REGISTERED v1.0.6 ---
[2026-03-27T10:50:25.881Z] --- SERVER RESTARTED - ROUTES REGISTERED v1.0.6 ---
[2026-03-27T10:50:30.514Z] --- SERVER RESTARTED - ROUTES REGISTERED v1.0.6 ---
[2026-03-27T10:50:35.151Z] --- SERVER RESTARTED - ROUTES REGISTERED v1.0.6 ---
[2026-03-27T10:50:39.744Z] --- SERVER RESTARTED - ROUTES REGISTERED v1.0.6 ---
[2026-03-27T10:50:44.332Z] --- SERVER RESTARTED - ROUTES REGISTERED v1.0.6 ---
[2026-03-27T10:50:48.614Z] --- SERVER RESTARTED - ROUTES REGISTERED v1.0.6 ---
[2026-03-27T10:50:53.358Z] --- SERVER RESTARTED - ROUTES REGISTERED v1.0.6 ---
[2026-03-27T10:50:58.201Z] --- SERVER RESTARTED - ROUTES REGISTERED v1.0.6 ---
[2026-03-27T10:51:02.959Z] --- SERVER RESTARTED - ROUTES REGISTERED v1.0.6 ---
[2026-03-27T10:51:07.522Z] --- SERVER RESTARTED - ROUTES REGISTERED v1.0.6 ---
[2026-03-27T10:51:12.771Z] --- SERVER RESTARTED - ROUTES REGISTERED v1.0.6 ---
[2026-03-27T10:51:17.303Z] --- SERVER RESTARTED - ROUTES REGISTERED v1.0.6 ---
[2026-03-27T10:51:21.565Z] --- SERVER RESTARTED - ROUTES REGISTERED v1.0.6 ---
[2026-03-27T10:51:25.749Z] --- SERVER RESTARTED - ROUTES REGISTERED v1.0.6 ---
[2026-03-27T10:51:30.348Z] --- SERVER RESTARTED - ROUTES REGISTERED v1.0.6 ---
[2026-03-27T10:51:34.993Z] --- SERVER RESTARTED - ROUTES REGISTERED v1.0.6 ---
[2026-03-27T10:51:39.610Z] --- SERVER RESTARTED - ROUTES REGISTERED v1.0.6 ---
[2026-03-27T10:51:43.938Z] --- SERVER RESTARTED - ROUTES REGISTERED v1.0.6 ---
[2026-03-27T10:51:48.536Z] --- SERVER RESTARTED - ROUTES REGISTERED v1.0.6 ---
[2026-03-27T10:51:53.054Z] --- SERVER RESTARTED - ROUTES REGISTERED v1.0.6 ---
[2026-03-27T10:51:57.875Z] --- SERVER RESTARTED - ROUTES REGISTERED v1.0.6 ---
[2026-03-27T10:52:03.420Z] --- SERVER RESTARTED - ROUTES REGISTERED v1.0.6 ---
[2026-03-27T10:52:08.097Z] --- SERVER RESTARTED - ROUTES REGISTERED v1.0.6 ---
[2026-03-27T10:52:12.554Z] --- SERVER RESTARTED - ROUTES REGISTERED v1.0.6 ---
[2026-03-27T10:52:17.284Z] --- SERVER RESTARTED - ROUTES REGISTERED v1.0.6 ---
[2026-03-27T10:52:21.512Z] --- SERVER RESTARTED - ROUTES REGISTERED v1.0.6 ---
[2026-03-27T10:52:26.003Z] --- SERVER RESTARTED - ROUTES REGISTERED v1.0.6 ---
[2026-03-27T10:52:30.578Z] --- SERVER RESTARTED - ROUTES REGISTERED v1.0.6 ---
[2026-03-27T10:52:36.221Z] --- SERVER RESTARTED - ROUTES REGISTERED v1.0.6 ---
[2026-03-27T10:52:40.698Z] --- SERVER RESTARTED - ROUTES REGISTERED v1.0.6 ---
[2026-03-27T10:52:45.137Z] --- SERVER RESTARTED - ROUTES REGISTERED v1.0.6 ---
[2026-03-27T10:52:49.509Z] --- SERVER RESTARTED - ROUTES REGISTERED v1.0.6 ---
[2026-03-27T10:52:54.658Z] --- SERVER RESTARTED - ROUTES REGISTERED v1.0.6 ---
[2026-03-27T10:52:59.747Z] --- SERVER RESTARTED - ROUTES REGISTERED v1.0.6 ---
[2026-03-27T10:53:04.618Z] --- SERVER RESTARTED - ROUTES REGISTERED v1.0.6 ---
[2026-03-27T10:53:09.032Z] --- SERVER RESTARTED - ROUTES REGISTERED v1.0.6 ---
[2026-03-27T10:53:13.752Z] --- SERVER RESTARTED - ROUTES REGISTERED v1.0.6 ---
[2026-03-27T10:53:18.455Z] --- SERVER RESTARTED - ROUTES REGISTERED v1.0.6 ---
[2026-03-27T10:53:23.577Z] --- SERVER RESTARTED - ROUTES REGISTERED v1.0.6 ---
[2026-03-27T10:53:28.224Z] --- SERVER RESTARTED - ROUTES REGISTERED v1.0.6 ---
[2026-03-27T10:53:32.771Z] --- SERVER RESTARTED - ROUTES REGISTERED v1.0.6 ---
[2026-03-27T10:53:37.040Z] --- SERVER RESTARTED - ROUTES REGISTERED v1.0.6 ---
[2026-03-27T10:53:41.659Z] --- SERVER RESTARTED - ROUTES REGISTERED v1.0.6 ---
[2026-03-27T10:53:46.106Z] --- SERVER RESTARTED - ROUTES REGISTERED v1.0.6 ---
[2026-03-27T10:53:50.881Z] --- SERVER RESTARTED - ROUTES REGISTERED v1.0.6 ---
[2026-03-27T10:53:55.364Z] --- SERVER RESTARTED - ROUTES REGISTERED v1.0.6 ---
[2026-03-27T10:53:59.993Z] --- SERVER RESTARTED - ROUTES REGISTERED v1.0.6 ---
[2026-03-27T10:54:04.890Z] --- SERVER RESTARTED - ROUTES REGISTERED v1.0.6 ---
[2026-03-27T10:54:09.777Z] --- SERVER RESTARTED - ROUTES REGISTERED v1.0.6 ---
[2026-03-27T10:54:14.265Z] --- SERVER RESTARTED - ROUTES REGISTERED v1.0.6 ---
[2026-03-27T10:54:18.731Z] --- SERVER RESTARTED - ROUTES REGISTERED v1.0.6 ---
[2026-03-27T10:54:23.197Z] --- SERVER RESTARTED - ROUTES REGISTERED v1.0.6 ---
[2026-03-27T10:54:28.447Z] --- SERVER RESTARTED - ROUTES REGISTERED v1.0.6 ---
[2026-03-27T10:54:32.901Z] --- SERVER RESTARTED - ROUTES REGISTERED v1.0.6 ---
[2026-03-27T10:54:37.585Z] --- SERVER RESTARTED - ROUTES REGISTERED v1.0.6 ---
[2026-03-27T10:54:42.918Z] --- SERVER RESTARTED - ROUTES REGISTERED v1.0.6 ---
[2026-03-27T10:54:47.419Z] --- SERVER RESTARTED - ROUTES REGISTERED v1.0.6 ---
[2026-03-27T10:54:52.046Z] --- SERVER RESTARTED - ROUTES REGISTERED v1.0.6 ---
[2026-03-27T10:54:56.824Z] --- SERVER RESTARTED - ROUTES REGISTERED v1.0.6 ---
[2026-03-27T10:55:02.029Z] --- SERVER RESTARTED - ROUTES REGISTERED v1.0.6 ---
[2026-03-27T10:55:06.423Z] --- SERVER RESTARTED - ROUTES REGISTERED v1.0.6 ---
[2026-03-27T10:55:10.824Z] --- SERVER RESTARTED - ROUTES REGISTERED v1.0.6 ---
[2026-03-27T10:55:15.309Z] --- SERVER RESTARTED - ROUTES REGISTERED v1.0.6 ---
[2026-03-27T10:55:19.983Z] --- SERVER RESTARTED - ROUTES REGISTERED v1.0.6 ---
[2026-03-27T10:55:24.677Z] --- SERVER RESTARTED - ROUTES REGISTERED v1.0.6 ---
[2026-03-27T10:55:29.648Z] --- SERVER RESTARTED - ROUTES REGISTERED v1.0.6 ---
[2026-03-27T10:55:35.585Z] --- SERVER RESTARTED - ROUTES REGISTERED v1.0.6 ---
[2026-03-27T10:55:40.304Z] --- SERVER RESTARTED - ROUTES REGISTERED v1.0.6 ---
[2026-03-27T10:55:44.886Z] --- SERVER RESTARTED - ROUTES REGISTERED v1.0.6 ---
[2026-03-27T10:55:49.163Z] --- SERVER RESTARTED - ROUTES REGISTERED v1.0.6 ---
[2026-03-27T10:55:54.069Z] --- SERVER RESTARTED - ROUTES REGISTERED v1.0.6 ---
[2026-03-27T10:55:58.736Z] --- SERVER RESTARTED - ROUTES REGISTERED v1.0.6 ---
[2026-03-27T10:56:03.273Z] --- SERVER RESTARTED - ROUTES REGISTERED v1.0.6 ---
[2026-03-27T10:56:07.453Z] --- SERVER RESTARTED - ROUTES REGISTERED v1.0.6 ---
[2026-03-27T10:56:11.924Z] --- SERVER RESTARTED - ROUTES REGISTERED v1.0.6 ---
[2026-03-27T10:56:16.319Z] --- SERVER RESTARTED - ROUTES REGISTERED v1.0.6 ---
[2026-03-27T10:56:20.512Z] --- SERVER RESTARTED - ROUTES REGISTERED v1.0.6 ---
[2026-03-27T10:56:24.704Z] --- SERVER RESTARTED - ROUTES REGISTERED v1.0.6 ---
[2026-03-27T10:56:29.441Z] --- SERVER RESTARTED - ROUTES REGISTERED v1.0.6 ---
[2026-03-27T10:56:33.949Z] --- SERVER RESTARTED - ROUTES REGISTERED v1.0.6 ---
[2026-03-27T10:56:38.242Z] --- SERVER RESTARTED - ROUTES REGISTERED v1.0.6 ---
[2026-03-27T10:56:42.404Z] --- SERVER RESTARTED - ROUTES REGISTERED v1.0.6 ---
[2026-03-27T10:56:46.374Z] --- SERVER RESTARTED - ROUTES REGISTERED v1.0.6 ---
[2026-03-27T10:56:50.854Z] --- SERVER RESTARTED - ROUTES REGISTERED v1.0.6 ---
[2026-03-27T10:56:55.577Z] --- SERVER RESTARTED - ROUTES REGISTERED v1.0.6 ---
[2026-03-27T10:57:00.158Z] --- SERVER RESTARTED - ROUTES REGISTERED v1.0.6 ---
[2026-03-27T10:57:04.623Z] --- SERVER RESTARTED - ROUTES REGISTERED v1.0.6 ---
[2026-03-27T10:57:08.761Z] --- SERVER RESTARTED - ROUTES REGISTERED v1.0.6 ---
[2026-03-27T10:57:13.344Z] --- SERVER RESTARTED - ROUTES REGISTERED v1.0.6 ---
[2026-03-27T10:57:17.582Z] --- SERVER RESTARTED - ROUTES REGISTERED v1.0.6 ---
[2026-03-27T10:57:22.097Z] --- SERVER RESTARTED - ROUTES REGISTERED v1.0.6 ---
[2026-03-27T10:57:26.636Z] --- SERVER RESTARTED - ROUTES REGISTERED v1.0.6 ---
[2026-03-27T10:57:31.553Z] --- SERVER RESTARTED - ROUTES REGISTERED v1.0.6 ---
[2026-03-27T10:57:36.338Z] --- SERVER RESTARTED - ROUTES REGISTERED v1.0.6 ---
[2026-03-27T10:57:40.624Z] --- SERVER RESTARTED - ROUTES REGISTERED v1.0.6 ---
[2026-03-27T10:57:44.983Z] --- SERVER RESTARTED - ROUTES REGISTERED v1.0.6 ---
[2026-03-27T10:57:49.702Z] --- SERVER RESTARTED - ROUTES REGISTERED v1.0.6 ---
[2026-03-27T10:57:54.869Z] --- SERVER RESTARTED - ROUTES REGISTERED v1.0.6 ---
[2026-03-27T10:57:59.766Z] --- SERVER RESTARTED - ROUTES REGISTERED v1.0.6 ---
[2026-03-27T10:58:04.332Z] --- SERVER RESTARTED - ROUTES REGISTERED v1.0.6 ---
[2026-03-27T10:58:08.611Z] --- SERVER RESTARTED - ROUTES REGISTERED v1.0.6 ---
[2026-03-27T10:58:12.870Z] --- SERVER RESTARTED - ROUTES REGISTERED v1.0.6 ---
[2026-03-27T10:58:17.561Z] --- SERVER RESTARTED - ROUTES REGISTERED v1.0.6 ---
[2026-03-27T10:58:21.751Z] --- SERVER RESTARTED - ROUTES REGISTERED v1.0.6 ---
[2026-03-27T10:58:26.084Z] --- SERVER RESTARTED - ROUTES REGISTERED v1.0.6 ---
[2026-03-27T10:58:30.930Z] --- SERVER RESTARTED - ROUTES REGISTERED v1.0.6 ---
[2026-03-27T10:58:35.110Z] --- SERVER RESTARTED - ROUTES REGISTERED v1.0.6 ---
[2026-03-27T10:58:39.240Z] --- SERVER RESTARTED - ROUTES REGISTERED v1.0.6 ---
[2026-03-27T10:58:43.610Z] --- SERVER RESTARTED - ROUTES REGISTERED v1.0.6 ---
[2026-03-27T10:58:48.037Z] --- SERVER RESTARTED - ROUTES REGISTERED v1.0.6 ---
[2026-03-27T10:58:52.436Z] --- SERVER RESTARTED - ROUTES REGISTERED v1.0.6 ---
[2026-03-27T10:58:56.662Z] --- SERVER RESTARTED - ROUTES REGISTERED v1.0.6 ---
[2026-03-27T10:59:01.010Z] --- SERVER RESTARTED - ROUTES REGISTERED v1.0.6 ---
[2026-03-27T10:59:06.528Z] --- SERVER RESTARTED - ROUTES REGISTERED v1.0.6 ---
[2026-03-27T10:59:11.424Z] --- SERVER RESTARTED - ROUTES REGISTERED v1.0.6 ---
[2026-03-27T10:59:16.210Z] --- SERVER RESTARTED - ROUTES REGISTERED v1.0.6 ---
[2026-03-27T10:59:21.028Z] --- SERVER RESTARTED - ROUTES REGISTERED v1.0.6 ---
[2026-03-27T10:59:26.175Z] --- SERVER RESTARTED - ROUTES REGISTERED v1.0.6 ---
[2026-03-27T10:59:30.798Z] --- SERVER RESTARTED - ROUTES REGISTERED v1.0.6 ---
[2026-03-27T10:59:35.273Z] --- SERVER RESTARTED - ROUTES REGISTERED v1.0.6 ---
[2026-03-27T10:59:40.566Z] --- SERVER RESTARTED - ROUTES REGISTERED v1.0.6 ---
[2026-03-27T10:59:45.421Z] --- SERVER RESTARTED - ROUTES REGISTERED v1.0.6 ---
[2026-03-27T10:59:49.927Z] --- SERVER RESTARTED - ROUTES REGISTERED v1.0.6 ---
[2026-03-27T10:59:54.419Z] --- SERVER RESTARTED - ROUTES REGISTERED v1.0.6 ---
[2026-03-27T10:59:59.262Z] --- SERVER RESTARTED - ROUTES REGISTERED v1.0.6 ---
[2026-03-27T11:00:04.362Z] --- SERVER RESTARTED - ROUTES REGISTERED v1.0.6 ---
[2026-03-27T11:00:09.300Z] --- SERVER RESTARTED - ROUTES REGISTERED v1.0.6 ---
[2026-03-27T11:00:14.322Z] --- SERVER RESTARTED - ROUTES REGISTERED v1.0.6 ---
[2026-03-27T11:00:22.432Z] --- SERVER RESTARTED - ROUTES REGISTERED v1.0.6 ---
[2026-03-27T11:00:27.092Z] --- SERVER RESTARTED - ROUTES REGISTERED v1.0.6 ---
[2026-03-27T11:00:32.295Z] --- SERVER RESTARTED - ROUTES REGISTERED v1.0.6 ---
[2026-03-27T11:00:37.052Z] --- SERVER RESTARTED - ROUTES REGISTERED v1.0.6 ---
[2026-03-27T11:00:42.553Z] --- SERVER RESTARTED - ROUTES REGISTERED v1.0.6 ---
[2026-03-27T11:00:47.293Z] --- SERVER RESTARTED - ROUTES REGISTERED v1.0.6 ---
[2026-03-27T11:00:51.877Z] --- SERVER RESTARTED - ROUTES REGISTERED v1.0.6 ---
[2026-03-27T11:00:56.701Z] --- SERVER RESTARTED - ROUTES REGISTERED v1.0.6 ---
[2026-03-27T11:01:01.369Z] --- SERVER RESTARTED - ROUTES REGISTERED v1.0.6 ---
[2026-03-27T11:01:06.349Z] --- SERVER RESTARTED - ROUTES REGISTERED v1.0.6 ---
[2026-03-27T11:01:11.061Z] --- SERVER RESTARTED - ROUTES REGISTERED v1.0.6 ---
[2026-03-27T11:01:16.716Z] --- SERVER RESTARTED - ROUTES REGISTERED v1.0.6 ---
[2026-03-27T11:01:21.724Z] --- SERVER RESTARTED - ROUTES REGISTERED v1.0.6 ---
[2026-03-27T11:01:26.778Z] --- SERVER RESTARTED - ROUTES REGISTERED v1.0.6 ---
[2026-03-27T11:01:32.399Z] --- SERVER RESTARTED - ROUTES REGISTERED v1.0.6 ---
[2026-03-27T11:01:36.864Z] --- SERVER RESTARTED - ROUTES REGISTERED v1.0.6 ---
[2026-03-27T11:01:41.618Z] --- SERVER RESTARTED - ROUTES REGISTERED v1.0.6 ---
[2026-03-27T11:01:47.029Z] --- SERVER RESTARTED - ROUTES REGISTERED v1.0.6 ---
[2026-03-27T11:01:51.732Z] --- SERVER RESTARTED - ROUTES REGISTERED v1.0.6 ---
[2026-03-27T11:01:56.342Z] --- SERVER RESTARTED - ROUTES REGISTERED v1.0.6 ---
[2026-03-27T11:02:00.960Z] --- SERVER RESTARTED - ROUTES REGISTERED v1.0.6 ---
[2026-03-27T11:02:06.102Z] --- SERVER RESTARTED - ROUTES REGISTERED v1.0.6 ---
[2026-03-27T11:02:10.824Z] --- SERVER RESTARTED - ROUTES REGISTERED v1.0.6 ---
[2026-03-27T11:02:15.536Z] --- SERVER RESTARTED - ROUTES REGISTERED v1.0.6 ---
[2026-03-27T11:02:20.313Z] --- SERVER RESTARTED - ROUTES REGISTERED v1.0.6 ---
[2026-03-27T11:02:25.048Z] --- SERVER RESTARTED - ROUTES REGISTERED v1.0.6 ---
[2026-03-27T11:02:29.913Z] --- SERVER RESTARTED - ROUTES REGISTERED v1.0.6 ---
[2026-03-27T11:02:34.491Z] --- SERVER RESTARTED - ROUTES REGISTERED v1.0.6 ---
[2026-03-27T11:02:38.729Z] --- SERVER RESTARTED - ROUTES REGISTERED v1.0.6 ---
[2026-03-27T11:02:43.446Z] --- SERVER RESTARTED - ROUTES REGISTERED v1.0.6 ---
[2026-03-27T11:02:48.102Z] --- SERVER RESTARTED - ROUTES REGISTERED v1.0.6 ---
[2026-03-27T11:02:52.281Z] --- SERVER RESTARTED - ROUTES REGISTERED v1.0.6 ---
[2026-03-27T11:02:56.818Z] --- SERVER RESTARTED - ROUTES REGISTERED v1.0.6 ---
[2026-03-27T11:03:01.268Z] --- SERVER RESTARTED - ROUTES REGISTERED v1.0.6 ---
[2026-03-27T11:03:06.007Z] --- SERVER RESTARTED - ROUTES REGISTERED v1.0.6 ---
[2026-03-27T11:03:10.420Z] --- SERVER RESTARTED - ROUTES REGISTERED v1.0.6 ---
[2026-03-27T11:03:14.972Z] --- SERVER RESTARTED - ROUTES REGISTERED v1.0.6 ---
[2026-03-27T11:03:19.432Z] --- SERVER RESTARTED - ROUTES REGISTERED v1.0.6 ---
[2026-03-27T11:03:23.904Z] --- SERVER RESTARTED - ROUTES REGISTERED v1.0.6 ---
[2026-03-27T11:03:28.921Z] --- SERVER RESTARTED - ROUTES REGISTERED v1.0.6 ---
[2026-03-27T11:03:33.832Z] --- SERVER RESTARTED - ROUTES REGISTERED v1.0.6 ---
[2026-03-27T11:03:38.260Z] --- SERVER RESTARTED - ROUTES REGISTERED v1.0.6 ---
[2026-03-27T11:03:42.941Z] --- SERVER RESTARTED - ROUTES REGISTERED v1.0.6 ---
[2026-03-27T11:03:47.397Z] --- SERVER RESTARTED - ROUTES REGISTERED v1.0.6 ---
[2026-03-27T11:03:51.942Z] --- SERVER RESTARTED - ROUTES REGISTERED v1.0.6 ---
[2026-03-27T11:03:56.259Z] --- SERVER RESTARTED - ROUTES REGISTERED v1.0.6 ---
[2026-03-27T11:04:00.691Z] --- SERVER RESTARTED - ROUTES REGISTERED v1.0.6 ---
[2026-03-27T11:04:05.298Z] --- SERVER RESTARTED - ROUTES REGISTERED v1.0.6 ---
[2026-03-27T11:04:09.996Z] --- SERVER RESTARTED - ROUTES REGISTERED v1.0.6 ---
[2026-03-27T11:04:14.935Z] --- SERVER RESTARTED - ROUTES REGISTERED v1.0.6 ---
[2026-03-27T11:04:19.222Z] --- SERVER RESTARTED - ROUTES REGISTERED v1.0.6 ---
[2026-03-27T11:04:23.897Z] --- SERVER RESTARTED - ROUTES REGISTERED v1.0.6 ---
[2026-03-27T11:04:29.393Z] --- SERVER RESTARTED - ROUTES REGISTERED v1.0.6 ---
[2026-03-27T11:04:34.541Z] --- SERVER RESTARTED - ROUTES REGISTERED v1.0.6 ---
[2026-03-27T11:04:39.060Z] --- SERVER RESTARTED - ROUTES REGISTERED v1.0.6 ---
[2026-03-27T11:04:43.635Z] --- SERVER RESTARTED - ROUTES REGISTERED v1.0.6 ---
[2026-03-27T11:04:48.037Z] --- SERVER RESTARTED - ROUTES REGISTERED v1.0.6 ---
[2026-03-27T11:04:52.548Z] --- SERVER RESTARTED - ROUTES REGISTERED v1.0.6 ---
[2026-03-27T11:04:57.132Z] --- SERVER RESTARTED - ROUTES REGISTERED v1.0.6 ---
[2026-03-27T11:05:02.425Z] --- SERVER RESTARTED - ROUTES REGISTERED v1.0.6 ---
[2026-03-27T11:05:07.383Z] --- SERVER RESTARTED - ROUTES REGISTERED v1.0.6 ---
[2026-03-27T11:05:11.751Z] --- SERVER RESTARTED - ROUTES REGISTERED v1.0.6 ---
[2026-03-27T11:05:16.333Z] --- SERVER RESTARTED - ROUTES REGISTERED v1.0.6 ---
[2026-03-27T11:05:21.185Z] --- SERVER RESTARTED - ROUTES REGISTERED v1.0.6 ---
[2026-03-27T11:05:26.105Z] --- SERVER RESTARTED - ROUTES REGISTERED v1.0.6 ---
[2026-03-27T11:05:30.774Z] --- SERVER RESTARTED - ROUTES REGISTERED v1.0.6 ---
[2026-03-27T11:05:35.593Z] --- SERVER RESTARTED - ROUTES REGISTERED v1.0.6 ---
[2026-03-27T11:05:40.322Z] --- SERVER RESTARTED - ROUTES REGISTERED v1.0.6 ---
[2026-03-27T11:05:44.664Z] --- SERVER RESTARTED - ROUTES REGISTERED v1.0.6 ---
[2026-03-27T11:05:49.222Z] --- SERVER RESTARTED - ROUTES REGISTERED v1.0.6 ---
[2026-03-27T11:05:54.087Z] --- SERVER RESTARTED - ROUTES REGISTERED v1.0.6 ---
[2026-03-27T11:05:59.235Z] --- SERVER RESTARTED - ROUTES REGISTERED v1.0.6 ---
[2026-03-27T11:06:04.111Z] --- SERVER RESTARTED - ROUTES REGISTERED v1.0.6 ---
[2026-03-27T11:06:08.999Z] --- SERVER RESTARTED - ROUTES REGISTERED v1.0.6 ---
[2026-03-27T11:06:13.286Z] --- SERVER RESTARTED - ROUTES REGISTERED v1.0.6 ---
[2026-03-27T11:06:18.203Z] --- SERVER RESTARTED - ROUTES REGISTERED v1.0.6 ---
[2026-03-27T11:06:22.767Z] --- SERVER RESTARTED - ROUTES REGISTERED v1.0.6 ---
[2026-03-27T11:06:27.392Z] --- SERVER RESTARTED - ROUTES REGISTERED v1.0.6 ---
[2026-03-27T11:06:32.047Z] --- SERVER RESTARTED - ROUTES REGISTERED v1.0.6 ---
[2026-03-27T11:06:36.401Z] --- SERVER RESTARTED - ROUTES REGISTERED v1.0.6 ---
[2026-03-27T11:06:40.742Z] --- SERVER RESTARTED - ROUTES REGISTERED v1.0.6 ---
[2026-03-27T11:06:45.088Z] --- SERVER RESTARTED - ROUTES REGISTERED v1.0.6 ---
[2026-03-27T11:06:50.245Z] --- SERVER RESTARTED - ROUTES REGISTERED v1.0.6 ---
[2026-03-27T11:06:55.117Z] --- SERVER RESTARTED - ROUTES REGISTERED v1.0.6 ---
[2026-03-27T11:06:59.746Z] --- SERVER RESTARTED - ROUTES REGISTERED v1.0.6 ---
[2026-03-27T11:07:04.798Z] --- SERVER RESTARTED - ROUTES REGISTERED v1.0.6 ---
[2026-03-27T11:07:09.333Z] --- SERVER RESTARTED - ROUTES REGISTERED v1.0.6 ---
[2026-03-27T11:07:13.841Z] --- SERVER RESTARTED - ROUTES REGISTERED v1.0.6 ---
[2026-03-27T11:07:18.524Z] --- SERVER RESTARTED - ROUTES REGISTERED v1.0.6 ---
[2026-03-27T11:07:23.064Z] --- SERVER RESTARTED - ROUTES REGISTERED v1.0.6 ---
[2026-03-27T11:07:27.493Z] --- SERVER RESTARTED - ROUTES REGISTERED v1.0.6 ---
[2026-03-27T11:07:32.123Z] --- SERVER RESTARTED - ROUTES REGISTERED v1.0.6 ---
[2026-03-27T11:07:37.431Z] --- SERVER RESTARTED - ROUTES REGISTERED v1.0.6 ---
[2026-03-27T11:07:42.266Z] --- SERVER RESTARTED - ROUTES REGISTERED v1.0.6 ---
[2026-03-27T11:07:46.747Z] --- SERVER RESTARTED - ROUTES REGISTERED v1.0.6 ---
[2026-03-27T11:07:51.766Z] --- SERVER RESTARTED - ROUTES REGISTERED v1.0.6 ---
[2026-03-27T11:07:56.170Z] --- SERVER RESTARTED - ROUTES REGISTERED v1.0.6 ---
[2026-03-27T11:08:00.860Z] --- SERVER RESTARTED - ROUTES REGISTERED v1.0.6 ---
[2026-03-27T11:08:05.354Z] --- SERVER RESTARTED - ROUTES REGISTERED v1.0.6 ---
[2026-03-27T11:08:09.606Z] --- SERVER RESTARTED - ROUTES REGISTERED v1.0.6 ---
[2026-03-27T11:08:13.703Z] --- SERVER RESTARTED - ROUTES REGISTERED v1.0.6 ---
[2026-03-27T11:08:18.303Z] --- SERVER RESTARTED - ROUTES REGISTERED v1.0.6 ---
[2026-03-27T11:08:22.594Z] --- SERVER RESTARTED - ROUTES REGISTERED v1.0.6 ---
[2026-03-27T11:08:26.959Z] --- SERVER RESTARTED - ROUTES REGISTERED v1.0.6 ---
[2026-03-27T11:08:32.044Z] --- SERVER RESTARTED - ROUTES REGISTERED v1.0.6 ---
[2026-03-27T11:08:37.372Z] --- SERVER RESTARTED - ROUTES REGISTERED v1.0.6 ---
[2026-03-27T11:08:41.718Z] --- SERVER RESTARTED - ROUTES REGISTERED v1.0.6 ---
[2026-03-27T11:08:46.090Z] --- SERVER RESTARTED - ROUTES REGISTERED v1.0.6 ---
[2026-03-27T11:08:50.826Z] --- SERVER RESTARTED - ROUTES REGISTERED v1.0.6 ---
[2026-03-27T11:08:55.658Z] --- SERVER RESTARTED - ROUTES REGISTERED v1.0.6 ---
[2026-03-27T11:09:00.238Z] --- SERVER RESTARTED - ROUTES REGISTERED v1.0.6 ---
[2026-03-27T11:09:05.359Z] --- SERVER RESTARTED - ROUTES REGISTERED v1.0.6 ---
[2026-03-27T11:09:10.097Z] --- SERVER RESTARTED - ROUTES REGISTERED v1.0.6 ---
[2026-03-27T11:09:14.286Z] --- SERVER RESTARTED - ROUTES REGISTERED v1.0.6 ---
[2026-03-27T11:09:18.660Z] --- SERVER RESTARTED - ROUTES REGISTERED v1.0.6 ---
[2026-03-27T11:09:22.948Z] --- SERVER RESTARTED - ROUTES REGISTERED v1.0.6 ---
[2026-03-27T11:09:27.471Z] --- SERVER RESTARTED - ROUTES REGISTERED v1.0.6 ---
[2026-03-27T11:09:32.098Z] --- SERVER RESTARTED - ROUTES REGISTERED v1.0.6 ---
[2026-03-27T11:09:37.290Z] --- SERVER RESTARTED - ROUTES REGISTERED v1.0.6 ---
[2026-03-27T11:09:41.504Z] --- SERVER RESTARTED - ROUTES REGISTERED v1.0.6 ---
[2026-03-27T11:09:46.011Z] --- SERVER RESTARTED - ROUTES REGISTERED v1.0.6 ---
[2026-03-27T11:09:50.220Z] --- SERVER RESTARTED - ROUTES REGISTERED v1.0.6 ---
[2026-03-27T11:09:54.843Z] --- SERVER RESTARTED - ROUTES REGISTERED v1.0.6 ---
[2026-03-27T11:10:00.052Z] --- SERVER RESTARTED - ROUTES REGISTERED v1.0.6 ---
[2026-03-27T11:10:05.112Z] --- SERVER RESTARTED - ROUTES REGISTERED v1.0.6 ---
[2026-03-27T11:10:09.848Z] --- SERVER RESTARTED - ROUTES REGISTERED v1.0.6 ---
[2026-03-27T11:10:15.616Z] --- SERVER RESTARTED - ROUTES REGISTERED v1.0.6 ---
[2026-03-27T11:10:20.470Z] --- SERVER RESTARTED - ROUTES REGISTERED v1.0.6 ---
[2026-03-27T11:10:25.714Z] --- SERVER RESTARTED - ROUTES REGISTERED v1.0.6 ---
[2026-03-27T11:10:31.139Z] --- SERVER RESTARTED - ROUTES REGISTERED v1.0.6 ---
[2026-03-27T11:10:36.464Z] --- SERVER RESTARTED - ROUTES REGISTERED v1.0.6 ---
[2026-03-27T11:10:41.667Z] --- SERVER RESTARTED - ROUTES REGISTERED v1.0.6 ---
[2026-03-27T11:10:46.495Z] --- SERVER RESTARTED - ROUTES REGISTERED v1.0.6 ---
[2026-03-27T11:10:51.426Z] --- SERVER RESTARTED - ROUTES REGISTERED v1.0.6 ---
[2026-03-27T11:10:55.890Z] --- SERVER RESTARTED - ROUTES REGISTERED v1.0.6 ---
[2026-03-27T11:11:01.016Z] --- SERVER RESTARTED - ROUTES REGISTERED v1.0.6 ---
[2026-03-27T11:11:07.895Z] --- SERVER RESTARTED - ROUTES REGISTERED v1.0.6 ---
[2026-03-27T11:11:12.778Z] --- SERVER RESTARTED - ROUTES REGISTERED v1.0.6 ---
[2026-03-27T11:11:18.030Z] --- SERVER RESTARTED - ROUTES REGISTERED v1.0.6 ---
[2026-03-27T11:11:23.036Z] --- SERVER RESTARTED - ROUTES REGISTERED v1.0.6 ---
[2026-03-27T11:11:28.683Z] --- SERVER RESTARTED - ROUTES REGISTERED v1.0.6 ---
[2026-03-27T11:11:34.121Z] --- SERVER RESTARTED - ROUTES REGISTERED v1.0.6 ---
[2026-03-27T11:11:39.087Z] --- SERVER RESTARTED - ROUTES REGISTERED v1.0.6 ---
[2026-03-27T11:11:43.963Z] --- SERVER RESTARTED - ROUTES REGISTERED v1.0.6 ---
[2026-03-27T11:11:48.843Z] --- SERVER RESTARTED - ROUTES REGISTERED v1.0.6 ---
[2026-03-27T11:11:53.602Z] --- SERVER RESTARTED - ROUTES REGISTERED v1.0.6 ---
[2026-03-27T11:11:58.639Z] --- SERVER RESTARTED - ROUTES REGISTERED v1.0.6 ---
[2026-03-27T11:12:03.695Z] --- SERVER RESTARTED - ROUTES REGISTERED v1.0.6 ---
[2026-03-27T11:12:08.609Z] --- SERVER RESTARTED - ROUTES REGISTERED v1.0.6 ---
[2026-03-27T11:12:13.266Z] --- SERVER RESTARTED - ROUTES REGISTERED v1.0.6 ---
[2026-03-27T11:12:18.499Z] --- SERVER RESTARTED - ROUTES REGISTERED v1.0.6 ---
[2026-03-27T11:12:22.894Z] --- SERVER RESTARTED - ROUTES REGISTERED v1.0.6 ---
[2026-03-27T11:12:27.726Z] --- SERVER RESTARTED - ROUTES REGISTERED v1.0.6 ---
[2026-03-27T11:12:33.476Z] --- SERVER RESTARTED - ROUTES REGISTERED v1.0.6 ---
[2026-03-27T11:12:38.250Z] --- SERVER RESTARTED - ROUTES REGISTERED v1.0.6 ---
[2026-03-27T11:12:42.930Z] --- SERVER RESTARTED - ROUTES REGISTERED v1.0.6 ---
[2026-03-27T11:12:47.604Z] --- SERVER RESTARTED - ROUTES REGISTERED v1.0.6 ---
[2026-03-27T11:12:52.280Z] --- SERVER RESTARTED - ROUTES REGISTERED v1.0.6 ---
[2026-03-27T11:12:58.014Z] --- SERVER RESTARTED - ROUTES REGISTERED v1.0.6 ---
[2026-03-27T11:13:02.509Z] --- SERVER RESTARTED - ROUTES REGISTERED v1.0.6 ---
[2026-03-27T11:13:07.521Z] --- SERVER RESTARTED - ROUTES REGISTERED v1.0.6 ---
[2026-03-27T11:13:12.116Z] --- SERVER RESTARTED - ROUTES REGISTERED v1.0.6 ---
[2026-03-27T11:13:16.839Z] --- SERVER RESTARTED - ROUTES REGISTERED v1.0.6 ---
[2026-03-27T11:13:21.651Z] --- SERVER RESTARTED - ROUTES REGISTERED v1.0.6 ---
[2026-03-27T11:13:26.408Z] --- SERVER RESTARTED - ROUTES REGISTERED v1.0.6 ---
[2026-03-27T11:13:31.418Z] --- SERVER RESTARTED - ROUTES REGISTERED v1.0.6 ---
[2026-03-27T11:13:36.019Z] --- SERVER RESTARTED - ROUTES REGISTERED v1.0.6 ---
[2026-03-27T11:13:40.731Z] --- SERVER RESTARTED - ROUTES REGISTERED v1.0.6 ---
[2026-03-27T11:13:45.430Z] --- SERVER RESTARTED - ROUTES REGISTERED v1.0.6 ---
[2026-03-27T11:13:50.143Z] --- SERVER RESTARTED - ROUTES REGISTERED v1.0.6 ---
[2026-03-27T11:13:54.584Z] --- SERVER RESTARTED - ROUTES REGISTERED v1.0.6 ---
[2026-03-27T11:13:59.415Z] --- SERVER RESTARTED - ROUTES REGISTERED v1.0.6 ---
[2026-03-27T11:14:04.067Z] --- SERVER RESTARTED - ROUTES REGISTERED v1.0.6 ---
[2026-03-27T11:14:08.413Z] --- SERVER RESTARTED - ROUTES REGISTERED v1.0.6 ---
[2026-03-27T11:14:12.715Z] --- SERVER RESTARTED - ROUTES REGISTERED v1.0.6 ---
[2026-03-27T11:14:17.253Z] --- SERVER RESTARTED - ROUTES REGISTERED v1.0.6 ---
[2026-03-27T11:14:22.334Z] --- SERVER RESTARTED - ROUTES REGISTERED v1.0.6 ---
[2026-03-27T11:14:27.662Z] --- SERVER RESTARTED - ROUTES REGISTERED v1.0.6 ---
[2026-03-27T11:14:32.544Z] --- SERVER RESTARTED - ROUTES REGISTERED v1.0.6 ---
[2026-03-27T11:14:37.211Z] --- SERVER RESTARTED - ROUTES REGISTERED v1.0.6 ---
[2026-03-27T11:14:43.812Z] --- SERVER RESTARTED - ROUTES REGISTERED v1.0.6 ---
[2026-03-27T11:14:48.486Z] --- SERVER RESTARTED - ROUTES REGISTERED v1.0.6 ---
[2026-03-27T11:14:52.792Z] --- SERVER RESTARTED - ROUTES REGISTERED v1.0.6 ---
[2026-03-27T11:14:57.574Z] --- SERVER RESTARTED - ROUTES REGISTERED v1.0.6 ---
[2026-03-27T11:15:02.111Z] --- SERVER RESTARTED - ROUTES REGISTERED v1.0.6 ---
[2026-03-27T11:15:07.692Z] --- SERVER RESTARTED - ROUTES REGISTERED v1.0.6 ---
[2026-03-27T11:15:12.542Z] --- SERVER RESTARTED - ROUTES REGISTERED v1.0.6 ---
[2026-03-27T11:15:17.273Z] --- SERVER RESTARTED - ROUTES REGISTERED v1.0.6 ---
[2026-03-27T11:15:22.337Z] --- SERVER RESTARTED - ROUTES REGISTERED v1.0.6 ---
[2026-03-27T11:15:27.051Z] --- SERVER RESTARTED - ROUTES REGISTERED v1.0.6 ---
[2026-03-27T11:15:31.807Z] --- SERVER RESTARTED - ROUTES REGISTERED v1.0.6 ---
[2026-03-27T11:15:36.452Z] --- SERVER RESTARTED - ROUTES REGISTERED v1.0.6 ---
[2026-03-27T11:15:41.357Z] --- SERVER RESTARTED - ROUTES REGISTERED v1.0.6 ---
[2026-03-27T11:15:46.340Z] --- SERVER RESTARTED - ROUTES REGISTERED v1.0.6 ---
[2026-03-27T11:15:51.399Z] --- SERVER RESTARTED - ROUTES REGISTERED v1.0.6 ---
[2026-03-27T11:15:56.246Z] --- SERVER RESTARTED - ROUTES REGISTERED v1.0.6 ---
[2026-03-27T11:16:00.939Z] --- SERVER RESTARTED - ROUTES REGISTERED v1.0.6 ---
[2026-03-27T11:16:05.384Z] --- SERVER RESTARTED - ROUTES REGISTERED v1.0.6 ---
[2026-03-27T11:16:10.235Z] --- SERVER RESTARTED - ROUTES REGISTERED v1.0.6 ---
[2026-03-27T11:16:14.644Z] --- SERVER RESTARTED - ROUTES REGISTERED v1.0.6 ---
[2026-03-27T11:16:19.107Z] --- SERVER RESTARTED - ROUTES REGISTERED v1.0.6 ---
[2026-03-27T11:16:24.226Z] --- SERVER RESTARTED - ROUTES REGISTERED v1.0.6 ---
[2026-03-27T11:16:32.475Z] --- SERVER RESTARTED - ROUTES REGISTERED v1.0.6 ---
[2026-03-27T11:16:37.643Z] --- SERVER RESTARTED - ROUTES REGISTERED v1.0.6 ---
[2026-03-27T11:16:42.004Z] --- SERVER RESTARTED - ROUTES REGISTERED v1.0.6 ---
[2026-03-27T11:16:46.537Z] --- SERVER RESTARTED - ROUTES REGISTERED v1.0.6 ---
[2026-03-27T11:16:50.840Z] --- SERVER RESTARTED - ROUTES REGISTERED v1.0.6 ---
[2026-03-27T11:16:55.140Z] --- SERVER RESTARTED - ROUTES REGISTERED v1.0.6 ---
[2026-03-27T11:16:59.838Z] --- SERVER RESTARTED - ROUTES REGISTERED v1.0.6 ---
[2026-03-27T11:17:04.219Z] --- SERVER RESTARTED - ROUTES REGISTERED v1.0.6 ---
[2026-03-27T11:17:08.978Z] --- SERVER RESTARTED - ROUTES REGISTERED v1.0.6 ---
[2026-03-27T11:17:13.453Z] --- SERVER RESTARTED - ROUTES REGISTERED v1.0.6 ---
[2026-03-27T11:17:17.803Z] --- SERVER RESTARTED - ROUTES REGISTERED v1.0.6 ---
[2026-03-27T11:17:22.562Z] --- SERVER RESTARTED - ROUTES REGISTERED v1.0.6 ---
[2026-03-27T11:17:27.025Z] --- SERVER RESTARTED - ROUTES REGISTERED v1.0.6 ---
[2026-03-27T11:17:31.635Z] --- SERVER RESTARTED - ROUTES REGISTERED v1.0.6 ---
[2026-03-27T11:17:36.279Z] --- SERVER RESTARTED - ROUTES REGISTERED v1.0.6 ---
[2026-03-27T11:17:40.708Z] --- SERVER RESTARTED - ROUTES REGISTERED v1.0.6 ---
[2026-03-27T11:17:45.278Z] --- SERVER RESTARTED - ROUTES REGISTERED v1.0.6 ---
[2026-03-27T11:17:49.401Z] --- SERVER RESTARTED - ROUTES REGISTERED v1.0.6 ---
[2026-03-27T11:17:53.768Z] --- SERVER RESTARTED - ROUTES REGISTERED v1.0.6 ---
[2026-03-27T11:17:57.792Z] --- SERVER RESTARTED - ROUTES REGISTERED v1.0.6 ---
[2026-03-27T11:18:01.946Z] --- SERVER RESTARTED - ROUTES REGISTERED v1.0.6 ---
[2026-03-27T11:18:06.672Z] --- SERVER RESTARTED - ROUTES REGISTERED v1.0.6 ---
[2026-03-27T11:18:11.205Z] --- SERVER RESTARTED - ROUTES REGISTERED v1.0.6 ---
[2026-03-27T11:18:15.557Z] --- SERVER RESTARTED - ROUTES REGISTERED v1.0.6 ---
[2026-03-27T11:18:20.109Z] --- SERVER RESTARTED - ROUTES REGISTERED v1.0.6 ---
[2026-03-27T11:18:25.585Z] --- SERVER RESTARTED - ROUTES REGISTERED v1.0.6 ---
[2026-03-27T11:18:31.066Z] --- SERVER RESTARTED - ROUTES REGISTERED v1.0.6 ---
[2026-03-27T11:18:35.665Z] --- SERVER RESTARTED - ROUTES REGISTERED v1.0.6 ---
[2026-03-27T11:18:40.232Z] --- SERVER RESTARTED - ROUTES REGISTERED v1.0.6 ---
[2026-03-27T11:18:44.610Z] --- SERVER RESTARTED - ROUTES REGISTERED v1.0.6 ---
[2026-03-27T11:18:49.069Z] --- SERVER RESTARTED - ROUTES REGISTERED v1.0.6 ---
[2026-03-27T11:18:53.332Z] --- SERVER RESTARTED - ROUTES REGISTERED v1.0.6 ---
[2026-03-27T11:18:57.846Z] --- SERVER RESTARTED - ROUTES REGISTERED v1.0.6 ---
[2026-03-27T11:19:02.922Z] --- SERVER RESTARTED - ROUTES REGISTERED v1.0.6 ---
[2026-03-27T11:19:07.599Z] --- SERVER RESTARTED - ROUTES REGISTERED v1.0.6 ---
[2026-03-27T11:19:11.958Z] --- SERVER RESTARTED - ROUTES REGISTERED v1.0.6 ---
[2026-03-27T11:19:16.890Z] --- SERVER RESTARTED - ROUTES REGISTERED v1.0.6 ---
[2026-03-27T11:19:20.950Z] --- SERVER RESTARTED - ROUTES REGISTERED v1.0.6 ---
[2026-03-27T11:19:25.373Z] --- SERVER RESTARTED - ROUTES REGISTERED v1.0.6 ---
[2026-03-27T11:19:30.277Z] --- SERVER RESTARTED - ROUTES REGISTERED v1.0.6 ---
[2026-03-27T11:19:34.829Z] --- SERVER RESTARTED - ROUTES REGISTERED v1.0.6 ---
[2026-03-27T11:19:39.041Z] --- SERVER RESTARTED - ROUTES REGISTERED v1.0.6 ---
[2026-03-27T11:19:43.490Z] --- SERVER RESTARTED - ROUTES REGISTERED v1.0.6 ---
[2026-03-27T11:19:47.920Z] --- SERVER RESTARTED - ROUTES REGISTERED v1.0.6 ---
[2026-03-27T11:19:52.202Z] --- SERVER RESTARTED - ROUTES REGISTERED v1.0.6 ---
[2026-03-27T11:19:57.400Z] --- SERVER RESTARTED - ROUTES REGISTERED v1.0.6 ---
[2026-03-27T11:20:02.499Z] --- SERVER RESTARTED - ROUTES REGISTERED v1.0.6 ---
[2026-03-27T11:20:08.018Z] --- SERVER RESTARTED - ROUTES REGISTERED v1.0.6 ---
[2026-03-27T11:20:12.975Z] --- SERVER RESTARTED - ROUTES REGISTERED v1.0.6 ---
[2026-03-27T11:20:17.502Z] --- SERVER RESTARTED - ROUTES REGISTERED v1.0.6 ---
[2026-03-27T11:20:22.157Z] --- SERVER RESTARTED - ROUTES REGISTERED v1.0.6 ---
[2026-03-27T11:20:26.959Z] --- SERVER RESTARTED - ROUTES REGISTERED v1.0.6 ---
[2026-03-27T11:20:31.724Z] --- SERVER RESTARTED - ROUTES REGISTERED v1.0.6 ---
[2026-03-27T11:20:36.105Z] --- SERVER RESTARTED - ROUTES REGISTERED v1.0.6 ---
[2026-03-27T11:20:40.976Z] --- SERVER RESTARTED - ROUTES REGISTERED v1.0.6 ---
[2026-03-27T11:20:45.429Z] --- SERVER RESTARTED - ROUTES REGISTERED v1.0.6 ---
[2026-03-27T11:20:49.913Z] --- SERVER RESTARTED - ROUTES REGISTERED v1.0.6 ---
[2026-03-27T11:20:54.412Z] --- SERVER RESTARTED - ROUTES REGISTERED v1.0.6 ---
[2026-03-27T11:20:59.108Z] --- SERVER RESTARTED - ROUTES REGISTERED v1.0.6 ---
[2026-03-27T11:21:03.595Z] --- SERVER RESTARTED - ROUTES REGISTERED v1.0.6 ---
[2026-03-27T11:21:08.557Z] --- SERVER RESTARTED - ROUTES REGISTERED v1.0.6 ---
[2026-03-27T11:21:13.264Z] --- SERVER RESTARTED - ROUTES REGISTERED v1.0.6 ---
[2026-03-27T11:21:17.905Z] --- SERVER RESTARTED - ROUTES REGISTERED v1.0.6 ---
[2026-03-27T11:21:22.183Z] --- SERVER RESTARTED - ROUTES REGISTERED v1.0.6 ---
[2026-03-27T11:21:26.751Z] --- SERVER RESTARTED - ROUTES REGISTERED v1.0.6 ---
[2026-03-27T11:21:31.274Z] --- SERVER RESTARTED - ROUTES REGISTERED v1.0.6 ---
[2026-03-27T11:21:35.976Z] --- SERVER RESTARTED - ROUTES REGISTERED v1.0.6 ---
[2026-03-27T11:21:40.354Z] --- SERVER RESTARTED - ROUTES REGISTERED v1.0.6 ---
[2026-03-27T11:21:44.730Z] --- SERVER RESTARTED - ROUTES REGISTERED v1.0.6 ---
[2026-03-27T11:21:49.025Z] --- SERVER RESTARTED - ROUTES REGISTERED v1.0.6 ---
[2026-03-27T11:21:53.418Z] --- SERVER RESTARTED - ROUTES REGISTERED v1.0.6 ---
[2026-03-27T11:21:58.583Z] --- SERVER RESTARTED - ROUTES REGISTERED v1.0.6 ---
[2026-03-27T11:22:03.620Z] --- SERVER RESTARTED - ROUTES REGISTERED v1.0.6 ---
[2026-03-27T11:22:08.629Z] --- SERVER RESTARTED - ROUTES REGISTERED v1.0.6 ---
[2026-03-27T11:22:13.335Z] --- SERVER RESTARTED - ROUTES REGISTERED v1.0.6 ---
[2026-03-27T11:22:17.870Z] --- SERVER RESTARTED - ROUTES REGISTERED v1.0.6 ---
[2026-03-27T11:22:22.713Z] --- SERVER RESTARTED - ROUTES REGISTERED v1.0.6 ---
[2026-03-27T11:22:27.947Z] --- SERVER RESTARTED - ROUTES REGISTERED v1.0.6 ---
[2026-03-27T11:22:32.558Z] --- SERVER RESTARTED - ROUTES REGISTERED v1.0.6 ---
[2026-03-27T11:22:37.381Z] --- SERVER RESTARTED - ROUTES REGISTERED v1.0.6 ---
[2026-03-27T11:22:42.164Z] --- SERVER RESTARTED - ROUTES REGISTERED v1.0.6 ---
[2026-03-27T11:22:46.358Z] --- SERVER RESTARTED - ROUTES REGISTERED v1.0.6 ---
[2026-03-27T11:22:50.626Z] --- SERVER RESTARTED - ROUTES REGISTERED v1.0.6 ---
[2026-03-27T11:22:55.078Z] --- SERVER RESTARTED - ROUTES REGISTERED v1.0.6 ---
[2026-03-27T11:23:00.065Z] --- SERVER RESTARTED - ROUTES REGISTERED v1.0.6 ---
[2026-03-27T11:23:04.454Z] --- SERVER RESTARTED - ROUTES REGISTERED v1.0.6 ---
[2026-03-27T11:23:09.167Z] --- SERVER RESTARTED - ROUTES REGISTERED v1.0.6 ---
[2026-03-27T11:23:13.321Z] --- SERVER RESTARTED - ROUTES REGISTERED v1.0.6 ---
[2026-03-27T11:23:17.804Z] --- SERVER RESTARTED - ROUTES REGISTERED v1.0.6 ---
[2026-03-27T11:23:22.251Z] --- SERVER RESTARTED - ROUTES REGISTERED v1.0.6 ---
[2026-03-27T11:23:26.895Z] --- SERVER RESTARTED - ROUTES REGISTERED v1.0.6 ---
[2026-03-27T11:23:31.662Z] --- SERVER RESTARTED - ROUTES REGISTERED v1.0.6 ---
[2026-03-27T11:23:36.162Z] --- SERVER RESTARTED - ROUTES REGISTERED v1.0.6 ---
[2026-03-27T11:23:40.480Z] --- SERVER RESTARTED - ROUTES REGISTERED v1.0.6 ---
[2026-03-27T11:23:45.402Z] --- SERVER RESTARTED - ROUTES REGISTERED v1.0.6 ---
[2026-03-27T11:23:50.645Z] --- SERVER RESTARTED - ROUTES REGISTERED v1.0.6 ---
[2026-03-27T11:23:54.825Z] --- SERVER RESTARTED - ROUTES REGISTERED v1.0.6 ---
[2026-03-27T11:23:59.555Z] --- SERVER RESTARTED - ROUTES REGISTERED v1.0.6 ---
[2026-03-27T11:24:04.446Z] --- SERVER RESTARTED - ROUTES REGISTERED v1.0.6 ---
[2026-03-27T11:24:08.948Z] --- SERVER RESTARTED - ROUTES REGISTERED v1.0.6 ---
[2026-03-27T11:24:13.495Z] --- SERVER RESTARTED - ROUTES REGISTERED v1.0.6 ---
[2026-03-27T11:24:17.691Z] --- SERVER RESTARTED - ROUTES REGISTERED v1.0.6 ---
[2026-03-27T11:24:22.083Z] --- SERVER RESTARTED - ROUTES REGISTERED v1.0.6 ---
[2026-03-27T11:24:26.752Z] --- SERVER RESTARTED - ROUTES REGISTERED v1.0.6 ---
[2026-03-27T11:24:31.376Z] --- SERVER RESTARTED - ROUTES REGISTERED v1.0.6 ---
[2026-03-27T11:24:36.170Z] --- SERVER RESTARTED - ROUTES REGISTERED v1.0.6 ---
[2026-03-27T11:24:40.819Z] --- SERVER RESTARTED - ROUTES REGISTERED v1.0.6 ---
[2026-03-27T11:24:49.403Z] --- SERVER RESTARTED - ROUTES REGISTERED v1.0.6 ---
[2026-03-27T11:24:53.761Z] --- SERVER RESTARTED - ROUTES REGISTERED v1.0.6 ---
[2026-03-27T11:24:58.670Z] --- SERVER RESTARTED - ROUTES REGISTERED v1.0.6 ---
[2026-03-27T11:25:03.674Z] --- SERVER RESTARTED - ROUTES REGISTERED v1.0.6 ---
[2026-03-27T11:25:08.413Z] --- SERVER RESTARTED - ROUTES REGISTERED v1.0.6 ---
[2026-03-27T11:25:13.718Z] --- SERVER RESTARTED - ROUTES REGISTERED v1.0.6 ---
[2026-03-27T11:25:18.784Z] --- SERVER RESTARTED - ROUTES REGISTERED v1.0.6 ---
[2026-03-27T11:25:23.800Z] --- SERVER RESTARTED - ROUTES REGISTERED v1.0.6 ---
[2026-03-27T11:25:28.448Z] --- SERVER RESTARTED - ROUTES REGISTERED v1.0.6 ---
[2026-03-27T11:25:32.773Z] --- SERVER RESTARTED - ROUTES REGISTERED v1.0.6 ---
[2026-03-27T11:25:37.359Z] --- SERVER RESTARTED - ROUTES REGISTERED v1.0.6 ---
[2026-03-27T11:25:42.121Z] --- SERVER RESTARTED - ROUTES REGISTERED v1.0.6 ---
[2026-03-27T11:25:46.903Z] --- SERVER RESTARTED - ROUTES REGISTERED v1.0.6 ---
[2026-03-27T11:25:52.137Z] --- SERVER RESTARTED - ROUTES REGISTERED v1.0.6 ---
[2026-03-27T11:25:56.963Z] --- SERVER RESTARTED - ROUTES REGISTERED v1.0.6 ---
[2026-03-27T11:26:01.325Z] --- SERVER RESTARTED - ROUTES REGISTERED v1.0.6 ---
[2026-03-27T11:26:06.068Z] --- SERVER RESTARTED - ROUTES REGISTERED v1.0.6 ---
[2026-03-27T11:26:10.366Z] --- SERVER RESTARTED - ROUTES REGISTERED v1.0.6 ---
[2026-03-27T11:26:15.425Z] --- SERVER RESTARTED - ROUTES REGISTERED v1.0.6 ---
[2026-03-27T11:26:20.696Z] --- SERVER RESTARTED - ROUTES REGISTERED v1.0.6 ---
[2026-03-27T11:26:25.244Z] --- SERVER RESTARTED - ROUTES REGISTERED v1.0.6 ---
[2026-03-27T11:26:30.014Z] --- SERVER RESTARTED - ROUTES REGISTERED v1.0.6 ---
[2026-03-27T11:26:35.370Z] --- SERVER RESTARTED - ROUTES REGISTERED v1.0.6 ---
[2026-03-27T11:26:40.252Z] --- SERVER RESTARTED - ROUTES REGISTERED v1.0.6 ---
[2026-03-27T11:26:45.593Z] --- SERVER RESTARTED - ROUTES REGISTERED v1.0.6 ---
[2026-03-27T11:26:50.048Z] --- SERVER RESTARTED - ROUTES REGISTERED v1.0.6 ---
[2026-03-27T11:26:54.332Z] --- SERVER RESTARTED - ROUTES REGISTERED v1.0.6 ---
[2026-03-27T11:26:59.673Z] --- SERVER RESTARTED - ROUTES REGISTERED v1.0.6 ---
[2026-03-27T11:27:04.191Z] --- SERVER RESTARTED - ROUTES REGISTERED v1.0.6 ---
[2026-03-27T11:27:08.815Z] --- SERVER RESTARTED - ROUTES REGISTERED v1.0.6 ---
[2026-03-27T11:27:13.119Z] --- SERVER RESTARTED - ROUTES REGISTERED v1.0.6 ---
[2026-03-27T11:27:17.586Z] --- SERVER RESTARTED - ROUTES REGISTERED v1.0.6 ---
[2026-03-27T11:27:22.277Z] --- SERVER RESTARTED - ROUTES REGISTERED v1.0.6 ---
[2026-03-27T11:27:26.825Z] --- SERVER RESTARTED - ROUTES REGISTERED v1.0.6 ---
[2026-03-27T11:27:31.506Z] --- SERVER RESTARTED - ROUTES REGISTERED v1.0.6 ---
[2026-03-27T11:27:36.075Z] --- SERVER RESTARTED - ROUTES REGISTERED v1.0.6 ---
[2026-03-27T11:27:40.185Z] --- SERVER RESTARTED - ROUTES REGISTERED v1.0.6 ---
[2026-03-27T11:27:44.324Z] --- SERVER RESTARTED - ROUTES REGISTERED v1.0.6 ---
[2026-03-27T11:27:48.771Z] --- SERVER RESTARTED - ROUTES REGISTERED v1.0.6 ---
[2026-03-27T11:27:52.950Z] --- SERVER RESTARTED - ROUTES REGISTERED v1.0.6 ---
[2026-03-27T11:27:58.024Z] --- SERVER RESTARTED - ROUTES REGISTERED v1.0.6 ---
[2026-03-27T11:28:03.042Z] --- SERVER RESTARTED - ROUTES REGISTERED v1.0.6 ---
[2026-03-27T11:28:07.441Z] --- SERVER RESTARTED - ROUTES REGISTERED v1.0.6 ---
[2026-03-27T11:28:11.767Z] --- SERVER RESTARTED - ROUTES REGISTERED v1.0.6 ---
[2026-03-27T11:28:17.065Z] --- SERVER RESTARTED - ROUTES REGISTERED v1.0.6 ---
[2026-03-27T11:28:21.664Z] --- SERVER RESTARTED - ROUTES REGISTERED v1.0.6 ---
[2026-03-27T11:28:26.001Z] --- SERVER RESTARTED - ROUTES REGISTERED v1.0.6 ---
[2026-03-27T11:28:30.174Z] --- SERVER RESTARTED - ROUTES REGISTERED v1.0.6 ---
[2026-03-27T11:28:35.209Z] --- SERVER RESTARTED - ROUTES REGISTERED v1.0.6 ---
[2026-03-27T11:28:40.043Z] --- SERVER RESTARTED - ROUTES REGISTERED v1.0.6 ---
[2026-03-27T11:28:44.667Z] --- SERVER RESTARTED - ROUTES REGISTERED v1.0.6 ---
[2026-03-27T11:28:49.165Z] --- SERVER RESTARTED - ROUTES REGISTERED v1.0.6 ---
[2026-03-27T11:28:53.733Z] --- SERVER RESTARTED - ROUTES REGISTERED v1.0.6 ---
[2026-03-27T11:28:58.617Z] --- SERVER RESTARTED - ROUTES REGISTERED v1.0.6 ---
[2026-03-27T11:29:03.468Z] --- SERVER RESTARTED - ROUTES REGISTERED v1.0.6 ---
[2026-03-27T11:29:08.342Z] --- SERVER RESTARTED - ROUTES REGISTERED v1.0.6 ---
[2026-03-27T11:29:14.514Z] --- SERVER RESTARTED - ROUTES REGISTERED v1.0.6 ---
[2026-03-27T11:29:19.142Z] --- SERVER RESTARTED - ROUTES REGISTERED v1.0.6 ---
[2026-03-27T11:29:23.246Z] --- SERVER RESTARTED - ROUTES REGISTERED v1.0.6 ---
[2026-03-27T11:29:29.045Z] --- SERVER RESTARTED - ROUTES REGISTERED v1.0.6 ---
[2026-03-27T11:29:33.727Z] --- SERVER RESTARTED - ROUTES REGISTERED v1.0.6 ---
[2026-03-27T11:29:38.766Z] --- SERVER RESTARTED - ROUTES REGISTERED v1.0.6 ---
[2026-03-27T11:29:43.552Z] --- SERVER RESTARTED - ROUTES REGISTERED v1.0.6 ---
[2026-03-27T11:29:49.145Z] --- SERVER RESTARTED - ROUTES REGISTERED v1.0.6 ---
[2026-03-27T11:29:53.494Z] --- SERVER RESTARTED - ROUTES REGISTERED v1.0.6 ---
[2026-03-27T11:29:58.102Z] --- SERVER RESTARTED - ROUTES REGISTERED v1.0.6 ---
[2026-03-27T11:30:02.990Z] --- SERVER RESTARTED - ROUTES REGISTERED v1.0.6 ---
[2026-03-27T11:30:08.420Z] --- SERVER RESTARTED - ROUTES REGISTERED v1.0.6 ---
[2026-03-27T11:30:13.157Z] --- SERVER RESTARTED - ROUTES REGISTERED v1.0.6 ---
[2026-03-27T11:30:18.221Z] --- SERVER RESTARTED - ROUTES REGISTERED v1.0.6 ---
[2026-03-27T11:30:22.568Z] --- SERVER RESTARTED - ROUTES REGISTERED v1.0.6 ---
[2026-03-27T11:30:28.714Z] --- SERVER RESTARTED - ROUTES REGISTERED v1.0.6 ---
[2026-03-27T11:30:33.479Z] --- SERVER RESTARTED - ROUTES REGISTERED v1.0.6 ---
[2026-03-27T11:30:38.396Z] --- SERVER RESTARTED - ROUTES REGISTERED v1.0.6 ---
[2026-03-27T11:30:42.898Z] --- SERVER RESTARTED - ROUTES REGISTERED v1.0.6 ---
[2026-03-27T11:30:48.571Z] --- SERVER RESTARTED - ROUTES REGISTERED v1.0.6 ---
[2026-03-27T11:30:53.021Z] --- SERVER RESTARTED - ROUTES REGISTERED v1.0.6 ---
[2026-03-27T11:30:58.546Z] --- SERVER RESTARTED - ROUTES REGISTERED v1.0.6 ---
[2026-03-27T11:31:03.781Z] --- SERVER RESTARTED - ROUTES REGISTERED v1.0.6 ---
[2026-03-27T11:31:08.846Z] --- SERVER RESTARTED - ROUTES REGISTERED v1.0.6 ---
[2026-03-27T11:31:14.140Z] --- SERVER RESTARTED - ROUTES REGISTERED v1.0.6 ---
[2026-03-27T11:31:19.916Z] --- SERVER RESTARTED - ROUTES REGISTERED v1.0.6 ---
[2026-03-27T11:31:24.988Z] --- SERVER RESTARTED - ROUTES REGISTERED v1.0.6 ---
[2026-03-27T11:31:30.373Z] --- SERVER RESTARTED - ROUTES REGISTERED v1.0.6 ---
[2026-03-27T11:31:34.840Z] --- SERVER RESTARTED - ROUTES REGISTERED v1.0.6 ---
[2026-03-27T11:31:39.459Z] --- SERVER RESTARTED - ROUTES REGISTERED v1.0.6 ---
[2026-03-27T11:31:43.902Z] --- SERVER RESTARTED - ROUTES REGISTERED v1.0.6 ---
[2026-03-27T11:31:48.764Z] --- SERVER RESTARTED - ROUTES REGISTERED v1.0.6 ---
[2026-03-27T11:31:54.715Z] --- SERVER RESTARTED - ROUTES REGISTERED v1.0.6 ---
[2026-03-27T11:31:59.764Z] --- SERVER RESTARTED - ROUTES REGISTERED v1.0.6 ---
[2026-03-27T11:32:04.653Z] --- SERVER RESTARTED - ROUTES REGISTERED v1.0.6 ---
[2026-03-27T11:32:09.350Z] --- SERVER RESTARTED - ROUTES REGISTERED v1.0.6 ---
[2026-03-27T11:32:13.884Z] --- SERVER RESTARTED - ROUTES REGISTERED v1.0.6 ---
[2026-03-27T11:32:18.269Z] --- SERVER RESTARTED - ROUTES REGISTERED v1.0.6 ---
[2026-03-27T11:32:23.882Z] --- SERVER RESTARTED - ROUTES REGISTERED v1.0.6 ---
[2026-03-27T11:32:29.656Z] --- SERVER RESTARTED - ROUTES REGISTERED v1.0.6 ---
[2026-03-27T11:32:38.425Z] --- SERVER RESTARTED - ROUTES REGISTERED v1.0.6 ---
[2026-03-27T11:32:43.585Z] --- SERVER RESTARTED - ROUTES REGISTERED v1.0.6 ---
[2026-03-27T11:32:48.783Z] --- SERVER RESTARTED - ROUTES REGISTERED v1.0.6 ---
[2026-03-27T11:32:53.974Z] --- SERVER RESTARTED - ROUTES REGISTERED v1.0.6 ---
[2026-03-27T11:32:58.793Z] --- SERVER RESTARTED - ROUTES REGISTERED v1.0.6 ---
[2026-03-27T11:33:03.772Z] --- SERVER RESTARTED - ROUTES REGISTERED v1.0.6 ---
[2026-03-27T11:33:08.568Z] --- SERVER RESTARTED - ROUTES REGISTERED v1.0.6 ---
[2026-03-27T11:33:12.856Z] --- SERVER RESTARTED - ROUTES REGISTERED v1.0.6 ---
[2026-03-27T11:33:17.952Z] --- SERVER RESTARTED - ROUTES REGISTERED v1.0.6 ---
[2026-03-27T11:33:22.662Z] --- SERVER RESTARTED - ROUTES REGISTERED v1.0.6 ---
[2026-03-27T11:33:27.497Z] --- SERVER RESTARTED - ROUTES REGISTERED v1.0.6 ---
[2026-03-27T11:33:32.172Z] --- SERVER RESTARTED - ROUTES REGISTERED v1.0.6 ---
[2026-03-27T11:33:36.724Z] --- SERVER RESTARTED - ROUTES REGISTERED v1.0.6 ---
[2026-03-27T11:33:41.249Z] --- SERVER RESTARTED - ROUTES REGISTERED v1.0.6 ---
[2026-03-27T11:33:45.831Z] --- SERVER RESTARTED - ROUTES REGISTERED v1.0.6 ---
[2026-03-27T11:33:50.237Z] --- SERVER RESTARTED - ROUTES REGISTERED v1.0.6 ---
[2026-03-27T11:33:54.502Z] --- SERVER RESTARTED - ROUTES REGISTERED v1.0.6 ---
[2026-03-27T11:33:59.165Z] --- SERVER RESTARTED - ROUTES REGISTERED v1.0.6 ---
[2026-03-27T11:34:03.450Z] --- SERVER RESTARTED - ROUTES REGISTERED v1.0.6 ---
[2026-03-27T11:34:08.517Z] --- SERVER RESTARTED - ROUTES REGISTERED v1.0.6 ---
[2026-03-27T11:34:12.887Z] --- SERVER RESTARTED - ROUTES REGISTERED v1.0.6 ---
[2026-03-27T11:34:17.566Z] --- SERVER RESTARTED - ROUTES REGISTERED v1.0.6 ---
[2026-03-27T11:34:22.254Z] --- SERVER RESTARTED - ROUTES REGISTERED v1.0.6 ---
[2026-03-27T11:34:26.734Z] --- SERVER RESTARTED - ROUTES REGISTERED v1.0.6 ---
[2026-03-27T11:34:32.468Z] --- SERVER RESTARTED - ROUTES REGISTERED v1.0.6 ---
[2026-03-27T11:34:37.060Z] --- SERVER RESTARTED - ROUTES REGISTERED v1.0.6 ---
[2026-03-27T11:34:41.503Z] --- SERVER RESTARTED - ROUTES REGISTERED v1.0.6 ---
[2026-03-27T11:34:46.130Z] --- SERVER RESTARTED - ROUTES REGISTERED v1.0.6 ---
[2026-03-27T11:34:50.730Z] --- SERVER RESTARTED - ROUTES REGISTERED v1.0.6 ---
[2026-03-27T11:34:55.384Z] --- SERVER RESTARTED - ROUTES REGISTERED v1.0.6 ---
[2026-03-27T11:35:00.532Z] --- SERVER RESTARTED - ROUTES REGISTERED v1.0.6 ---
[2026-03-27T11:35:05.301Z] --- SERVER RESTARTED - ROUTES REGISTERED v1.0.6 ---
[2026-03-27T11:35:09.518Z] --- SERVER RESTARTED - ROUTES REGISTERED v1.0.6 ---
[2026-03-27T11:35:14.040Z] --- SERVER RESTARTED - ROUTES REGISTERED v1.0.6 ---
[2026-03-27T11:35:18.095Z] --- SERVER RESTARTED - ROUTES REGISTERED v1.0.6 ---
[2026-03-27T11:35:22.213Z] --- SERVER RESTARTED - ROUTES REGISTERED v1.0.6 ---
[2026-03-27T11:35:27.048Z] --- SERVER RESTARTED - ROUTES REGISTERED v1.0.6 ---
[2026-03-27T11:35:31.696Z] --- SERVER RESTARTED - ROUTES REGISTERED v1.0.6 ---
[2026-03-27T11:35:36.408Z] --- SERVER RESTARTED - ROUTES REGISTERED v1.0.6 ---
[2026-03-27T11:35:41.019Z] --- SERVER RESTARTED - ROUTES REGISTERED v1.0.6 ---
[2026-03-27T11:35:46.304Z] --- SERVER RESTARTED - ROUTES REGISTERED v1.0.6 ---
[2026-03-27T11:35:51.555Z] --- SERVER RESTARTED - ROUTES REGISTERED v1.0.6 ---
[2026-03-27T11:35:56.076Z] --- SERVER RESTARTED - ROUTES REGISTERED v1.0.6 ---
[2026-03-27T11:36:00.751Z] --- SERVER RESTARTED - ROUTES REGISTERED v1.0.6 ---
[2026-03-27T11:36:05.125Z] --- SERVER RESTARTED - ROUTES REGISTERED v1.0.6 ---
[2026-03-27T11:36:09.303Z] --- SERVER RESTARTED - ROUTES REGISTERED v1.0.6 ---
[2026-03-27T11:36:13.414Z] --- SERVER RESTARTED - ROUTES REGISTERED v1.0.6 ---
[2026-03-27T11:36:17.878Z] --- SERVER RESTARTED - ROUTES REGISTERED v1.0.6 ---
[2026-03-27T11:36:21.976Z] --- SERVER RESTARTED - ROUTES REGISTERED v1.0.6 ---
[2026-03-27T11:36:26.480Z] --- SERVER RESTARTED - ROUTES REGISTERED v1.0.6 ---
[2026-03-27T11:36:31.505Z] --- SERVER RESTARTED - ROUTES REGISTERED v1.0.6 ---
[2026-03-27T11:36:36.499Z] --- SERVER RESTARTED - ROUTES REGISTERED v1.0.6 ---
[2026-03-27T11:36:41.470Z] --- SERVER RESTARTED - ROUTES REGISTERED v1.0.6 ---
[2026-03-27T11:36:45.888Z] --- SERVER RESTARTED - ROUTES REGISTERED v1.0.6 ---
[2026-03-27T11:36:50.602Z] --- SERVER RESTARTED - ROUTES REGISTERED v1.0.6 ---
[2026-03-27T11:36:55.139Z] --- SERVER RESTARTED - ROUTES REGISTERED v1.0.6 ---
[2026-03-27T11:37:00.141Z] --- SERVER RESTARTED - ROUTES REGISTERED v1.0.6 ---
[2026-03-27T11:37:04.779Z] --- SERVER RESTARTED - ROUTES REGISTERED v1.0.6 ---
[2026-03-27T11:37:08.981Z] --- SERVER RESTARTED - ROUTES REGISTERED v1.0.6 ---
[2026-03-27T11:37:13.443Z] --- SERVER RESTARTED - ROUTES REGISTERED v1.0.6 ---
[2026-03-27T11:37:17.768Z] --- SERVER RESTARTED - ROUTES REGISTERED v1.0.6 ---
[2026-03-27T11:37:21.923Z] --- SERVER RESTARTED - ROUTES REGISTERED v1.0.6 ---
[2026-03-27T11:37:26.313Z] --- SERVER RESTARTED - ROUTES REGISTERED v1.0.6 ---
[2026-03-27T11:37:30.887Z] --- SERVER RESTARTED - ROUTES REGISTERED v1.0.6 ---
[2026-03-27T11:37:35.483Z] --- SERVER RESTARTED - ROUTES REGISTERED v1.0.6 ---
[2026-03-27T11:37:39.697Z] --- SERVER RESTARTED - ROUTES REGISTERED v1.0.6 ---
[2026-03-27T11:37:44.212Z] --- SERVER RESTARTED - ROUTES REGISTERED v1.0.6 ---
[2026-03-27T11:37:48.775Z] --- SERVER RESTARTED - ROUTES REGISTERED v1.0.6 ---
[2026-03-27T11:37:53.503Z] --- SERVER RESTARTED - ROUTES REGISTERED v1.0.6 ---
[2026-03-27T11:37:57.724Z] --- SERVER RESTARTED - ROUTES REGISTERED v1.0.6 ---
[2026-03-27T11:38:02.126Z] --- SERVER RESTARTED - ROUTES REGISTERED v1.0.6 ---
[2026-03-27T11:38:06.449Z] --- SERVER RESTARTED - ROUTES REGISTERED v1.0.6 ---
[2026-03-27T11:38:10.550Z] --- SERVER RESTARTED - ROUTES REGISTERED v1.0.6 ---
[2026-03-27T11:38:14.742Z] --- SERVER RESTARTED - ROUTES REGISTERED v1.0.6 ---
[2026-03-27T11:38:18.798Z] --- SERVER RESTARTED - ROUTES REGISTERED v1.0.6 ---
[2026-03-27T11:38:23.000Z] --- SERVER RESTARTED - ROUTES REGISTERED v1.0.6 ---
[2026-03-27T11:38:27.391Z] --- SERVER RESTARTED - ROUTES REGISTERED v1.0.6 ---
[2026-03-27T11:38:32.159Z] --- SERVER RESTARTED - ROUTES REGISTERED v1.0.6 ---
[2026-03-27T11:38:37.086Z] --- SERVER RESTARTED - ROUTES REGISTERED v1.0.6 ---
[2026-03-27T11:38:41.272Z] --- SERVER RESTARTED - ROUTES REGISTERED v1.0.6 ---
[2026-03-27T11:38:45.516Z] --- SERVER RESTARTED - ROUTES REGISTERED v1.0.6 ---
[2026-03-27T11:38:50.108Z] --- SERVER RESTARTED - ROUTES REGISTERED v1.0.6 ---
[2026-03-27T11:38:54.417Z] --- SERVER RESTARTED - ROUTES REGISTERED v1.0.6 ---
[2026-03-27T11:38:59.122Z] --- SERVER RESTARTED - ROUTES REGISTERED v1.0.6 ---
[2026-03-27T11:39:03.807Z] --- SERVER RESTARTED - ROUTES REGISTERED v1.0.6 ---
[2026-03-27T11:39:08.198Z] --- SERVER RESTARTED - ROUTES REGISTERED v1.0.6 ---
[2026-03-27T11:39:13.211Z] --- SERVER RESTARTED - ROUTES REGISTERED v1.0.6 ---
[2026-03-27T11:39:18.105Z] --- SERVER RESTARTED - ROUTES REGISTERED v1.0.6 ---
[2026-03-27T11:39:22.949Z] --- SERVER RESTARTED - ROUTES REGISTERED v1.0.6 ---
[2026-03-27T11:39:27.311Z] --- SERVER RESTARTED - ROUTES REGISTERED v1.0.6 ---
[2026-03-27T11:39:32.136Z] --- SERVER RESTARTED - ROUTES REGISTERED v1.0.6 ---
[2026-03-27T11:39:37.123Z] --- SERVER RESTARTED - ROUTES REGISTERED v1.0.6 ---
[2026-03-27T11:39:41.504Z] --- SERVER RESTARTED - ROUTES REGISTERED v1.0.6 ---
[2026-03-27T11:39:46.190Z] --- SERVER RESTARTED - ROUTES REGISTERED v1.0.6 ---
[2026-03-27T11:39:50.536Z] --- SERVER RESTARTED - ROUTES REGISTERED v1.0.6 ---
[2026-03-27T11:39:55.230Z] --- SERVER RESTARTED - ROUTES REGISTERED v1.0.6 ---
[2026-03-27T11:40:00.228Z] --- SERVER RESTARTED - ROUTES REGISTERED v1.0.6 ---
[2026-03-27T11:40:04.888Z] --- SERVER RESTARTED - ROUTES REGISTERED v1.0.6 ---
[2026-03-27T11:40:09.385Z] --- SERVER RESTARTED - ROUTES REGISTERED v1.0.6 ---
[2026-03-27T11:40:13.479Z] --- SERVER RESTARTED - ROUTES REGISTERED v1.0.6 ---
[2026-03-27T11:40:17.906Z] --- SERVER RESTARTED - ROUTES REGISTERED v1.0.6 ---
[2026-03-27T11:40:22.406Z] --- SERVER RESTARTED - ROUTES REGISTERED v1.0.6 ---
[2026-03-27T11:40:26.848Z] --- SERVER RESTARTED - ROUTES REGISTERED v1.0.6 ---
[2026-03-27T11:40:31.843Z] --- SERVER RESTARTED - ROUTES REGISTERED v1.0.6 ---
[2026-03-27T11:40:36.252Z] --- SERVER RESTARTED - ROUTES REGISTERED v1.0.6 ---
[2026-03-27T11:40:40.616Z] --- SERVER RESTARTED - ROUTES REGISTERED v1.0.6 ---
[2026-03-27T11:40:45.140Z] --- SERVER RESTARTED - ROUTES REGISTERED v1.0.6 ---
[2026-03-27T11:40:50.024Z] --- SERVER RESTARTED - ROUTES REGISTERED v1.0.6 ---
[2026-03-27T11:40:55.376Z] --- SERVER RESTARTED - ROUTES REGISTERED v1.0.6 ---
[2026-03-27T11:41:01.257Z] --- SERVER RESTARTED - ROUTES REGISTERED v1.0.6 ---
[2026-03-27T11:41:06.262Z] --- SERVER RESTARTED - ROUTES REGISTERED v1.0.6 ---
[2026-03-27T11:41:11.193Z] --- SERVER RESTARTED - ROUTES REGISTERED v1.0.6 ---
[2026-03-27T11:41:16.776Z] --- SERVER RESTARTED - ROUTES REGISTERED v1.0.6 ---
[2026-03-27T11:41:21.870Z] --- SERVER RESTARTED - ROUTES REGISTERED v1.0.6 ---
[2026-03-27T11:41:26.832Z] --- SERVER RESTARTED - ROUTES REGISTERED v1.0.6 ---
[2026-03-27T11:41:31.305Z] --- SERVER RESTARTED - ROUTES REGISTERED v1.0.6 ---
[2026-03-27T11:41:36.020Z] --- SERVER RESTARTED - ROUTES REGISTERED v1.0.6 ---
[2026-03-27T11:41:40.745Z] --- SERVER RESTARTED - ROUTES REGISTERED v1.0.6 ---
[2026-03-27T11:41:44.870Z] --- SERVER RESTARTED - ROUTES REGISTERED v1.0.6 ---
[2026-03-27T11:41:49.137Z] --- SERVER RESTARTED - ROUTES REGISTERED v1.0.6 ---
[2026-03-27T11:41:53.538Z] --- SERVER RESTARTED - ROUTES REGISTERED v1.0.6 ---
[2026-03-27T11:41:57.859Z] --- SERVER RESTARTED - ROUTES REGISTERED v1.0.6 ---
[2026-03-27T11:42:02.357Z] --- SERVER RESTARTED - ROUTES REGISTERED v1.0.6 ---
[2026-03-27T11:42:06.761Z] --- SERVER RESTARTED - ROUTES REGISTERED v1.0.6 ---
[2026-03-27T11:42:11.078Z] --- SERVER RESTARTED - ROUTES REGISTERED v1.0.6 ---
[2026-03-27T11:42:15.458Z] --- SERVER RESTARTED - ROUTES REGISTERED v1.0.6 ---
[2026-03-27T11:42:19.826Z] --- SERVER RESTARTED - ROUTES REGISTERED v1.0.6 ---
[2026-03-27T11:42:24.936Z] --- SERVER RESTARTED - ROUTES REGISTERED v1.0.6 ---
[2026-03-27T11:42:29.204Z] --- SERVER RESTARTED - ROUTES REGISTERED v1.0.6 ---
[2026-03-27T11:42:34.131Z] --- SERVER RESTARTED - ROUTES REGISTERED v1.0.6 ---
[2026-03-27T11:42:38.430Z] --- SERVER RESTARTED - ROUTES REGISTERED v1.0.6 ---
[2026-03-27T11:42:42.643Z] --- SERVER RESTARTED - ROUTES REGISTERED v1.0.6 ---
[2026-03-27T11:42:47.123Z] --- SERVER RESTARTED - ROUTES REGISTERED v1.0.6 ---
[2026-03-27T11:42:51.973Z] --- SERVER RESTARTED - ROUTES REGISTERED v1.0.6 ---
[2026-03-27T11:42:56.583Z] --- SERVER RESTARTED - ROUTES REGISTERED v1.0.6 ---
[2026-03-27T11:43:01.466Z] --- SERVER RESTARTED - ROUTES REGISTERED v1.0.6 ---
[2026-03-27T11:43:05.918Z] --- SERVER RESTARTED - ROUTES REGISTERED v1.0.6 ---
[2026-03-27T11:43:10.038Z] --- SERVER RESTARTED - ROUTES REGISTERED v1.0.6 ---
[2026-03-27T11:43:14.710Z] --- SERVER RESTARTED - ROUTES REGISTERED v1.0.6 ---
[2026-03-27T11:43:19.082Z] --- SERVER RESTARTED - ROUTES REGISTERED v1.0.6 ---
[2026-03-27T11:43:23.458Z] --- SERVER RESTARTED - ROUTES REGISTERED v1.0.6 ---
[2026-03-27T11:43:27.789Z] --- SERVER RESTARTED - ROUTES REGISTERED v1.0.6 ---
[2026-03-27T11:43:32.621Z] --- SERVER RESTARTED - ROUTES REGISTERED v1.0.6 ---
[2026-03-27T11:43:37.060Z] --- SERVER RESTARTED - ROUTES REGISTERED v1.0.6 ---
[2026-03-27T11:43:42.235Z] --- SERVER RESTARTED - ROUTES REGISTERED v1.0.6 ---
[2026-03-27T11:43:47.396Z] --- SERVER RESTARTED - ROUTES REGISTERED v1.0.6 ---
[2026-03-27T11:43:55.509Z] --- SERVER RESTARTED - ROUTES REGISTERED v1.0.6 ---
[2026-03-27T11:44:00.037Z] --- SERVER RESTARTED - ROUTES REGISTERED v1.0.6 ---
[2026-03-27T11:44:04.390Z] --- SERVER RESTARTED - ROUTES REGISTERED v1.0.6 ---
[2026-03-27T11:44:09.291Z] --- SERVER RESTARTED - ROUTES REGISTERED v1.0.6 ---
[2026-03-27T11:44:13.820Z] --- SERVER RESTARTED - ROUTES REGISTERED v1.0.6 ---
[2026-03-27T11:44:17.919Z] --- SERVER RESTARTED - ROUTES REGISTERED v1.0.6 ---
[2026-03-27T11:44:22.146Z] --- SERVER RESTARTED - ROUTES REGISTERED v1.0.6 ---
[2026-03-27T11:44:26.372Z] --- SERVER RESTARTED - ROUTES REGISTERED v1.0.6 ---
[2026-03-27T11:44:30.863Z] --- SERVER RESTARTED - ROUTES REGISTERED v1.0.6 ---
[2026-03-27T11:44:35.153Z] --- SERVER RESTARTED - ROUTES REGISTERED v1.0.6 ---
[2026-03-27T11:44:39.344Z] --- SERVER RESTARTED - ROUTES REGISTERED v1.0.6 ---
[2026-03-27T11:44:44.286Z] --- SERVER RESTARTED - ROUTES REGISTERED v1.0.6 ---
[2026-03-27T11:44:48.762Z] --- SERVER RESTARTED - ROUTES REGISTERED v1.0.6 ---
[2026-03-27T11:44:52.926Z] --- SERVER RESTARTED - ROUTES REGISTERED v1.0.6 ---
[2026-03-27T11:44:57.189Z] --- SERVER RESTARTED - ROUTES REGISTERED v1.0.6 ---
[2026-03-27T11:45:02.656Z] --- SERVER RESTARTED - ROUTES REGISTERED v1.0.6 ---
[2026-03-27T11:45:07.459Z] --- SERVER RESTARTED - ROUTES REGISTERED v1.0.6 ---
[2026-03-27T11:45:12.463Z] --- SERVER RESTARTED - ROUTES REGISTERED v1.0.6 ---
[2026-03-27T11:45:17.257Z] --- SERVER RESTARTED - ROUTES REGISTERED v1.0.6 ---
[2026-03-27T11:45:21.776Z] --- SERVER RESTARTED - ROUTES REGISTERED v1.0.6 ---
[2026-03-27T11:45:26.350Z] --- SERVER RESTARTED - ROUTES REGISTERED v1.0.6 ---
[2026-03-27T11:45:30.923Z] --- SERVER RESTARTED - ROUTES REGISTERED v1.0.6 ---
[2026-03-27T11:45:35.280Z] --- SERVER RESTARTED - ROUTES REGISTERED v1.0.6 ---
[2026-03-27T11:45:39.459Z] --- SERVER RESTARTED - ROUTES REGISTERED v1.0.6 ---
[2026-03-27T11:45:43.484Z] --- SERVER RESTARTED - ROUTES REGISTERED v1.0.6 ---
[2026-03-27T11:45:48.085Z] --- SERVER RESTARTED - ROUTES REGISTERED v1.0.6 ---
[2026-03-27T11:45:53.123Z] --- SERVER RESTARTED - ROUTES REGISTERED v1.0.6 ---
[2026-03-27T11:45:57.454Z] --- SERVER RESTARTED - ROUTES REGISTERED v1.0.6 ---
[2026-03-27T11:46:02.001Z] --- SERVER RESTARTED - ROUTES REGISTERED v1.0.6 ---
[2026-03-27T11:46:06.504Z] --- SERVER RESTARTED - ROUTES REGISTERED v1.0.6 ---
[2026-03-27T11:46:10.635Z] --- SERVER RESTARTED - ROUTES REGISTERED v1.0.6 ---
[2026-03-27T11:46:15.268Z] --- SERVER RESTARTED - ROUTES REGISTERED v1.0.6 ---
[2026-03-27T11:46:19.871Z] --- SERVER RESTARTED - ROUTES REGISTERED v1.0.6 ---
[2026-03-27T11:46:24.736Z] --- SERVER RESTARTED - ROUTES REGISTERED v1.0.6 ---
[2026-03-27T11:46:29.366Z] --- SERVER RESTARTED - ROUTES REGISTERED v1.0.6 ---
[2026-03-27T11:46:33.629Z] --- SERVER RESTARTED - ROUTES REGISTERED v1.0.6 ---
[2026-03-27T11:46:38.277Z] --- SERVER RESTARTED - ROUTES REGISTERED v1.0.6 ---
[2026-03-27T11:46:42.561Z] --- SERVER RESTARTED - ROUTES REGISTERED v1.0.6 ---
[2026-03-27T11:46:46.688Z] --- SERVER RESTARTED - ROUTES REGISTERED v1.0.6 ---
[2026-03-27T11:46:50.879Z] --- SERVER RESTARTED - ROUTES REGISTERED v1.0.6 ---
[2026-03-27T11:46:55.582Z] --- SERVER RESTARTED - ROUTES REGISTERED v1.0.6 ---
[2026-03-27T11:46:59.954Z] --- SERVER RESTARTED - ROUTES REGISTERED v1.0.6 ---
[2026-03-27T11:47:04.744Z] --- SERVER RESTARTED - ROUTES REGISTERED v1.0.6 ---
[2026-03-27T11:47:08.999Z] --- SERVER RESTARTED - ROUTES REGISTERED v1.0.6 ---
[2026-03-27T11:47:14.257Z] --- SERVER RESTARTED - ROUTES REGISTERED v1.0.6 ---
[2026-03-27T11:47:18.704Z] --- SERVER RESTARTED - ROUTES REGISTERED v1.0.6 ---
[2026-03-27T11:47:23.113Z] --- SERVER RESTARTED - ROUTES REGISTERED v1.0.6 ---
[2026-03-27T11:47:27.480Z] --- SERVER RESTARTED - ROUTES REGISTERED v1.0.6 ---
[2026-03-27T11:47:31.881Z] --- SERVER RESTARTED - ROUTES REGISTERED v1.0.6 ---
[2026-03-27T11:47:36.156Z] --- SERVER RESTARTED - ROUTES REGISTERED v1.0.6 ---
[2026-03-27T11:47:40.398Z] --- SERVER RESTARTED - ROUTES REGISTERED v1.0.6 ---
[2026-03-27T11:47:45.454Z] --- SERVER RESTARTED - ROUTES REGISTERED v1.0.6 ---
[2026-03-27T11:47:49.865Z] --- SERVER RESTARTED - ROUTES REGISTERED v1.0.6 ---
[2026-03-27T11:47:54.159Z] --- SERVER RESTARTED - ROUTES REGISTERED v1.0.6 ---
[2026-03-27T11:47:58.701Z] --- SERVER RESTARTED - ROUTES REGISTERED v1.0.6 ---
[2026-03-27T11:48:03.306Z] --- SERVER RESTARTED - ROUTES REGISTERED v1.0.6 ---
[2026-03-27T11:48:08.027Z] --- SERVER RESTARTED - ROUTES REGISTERED v1.0.6 ---
[2026-03-27T11:48:12.495Z] --- SERVER RESTARTED - ROUTES REGISTERED v1.0.6 ---
[2026-03-27T11:48:17.062Z] --- SERVER RESTARTED - ROUTES REGISTERED v1.0.6 ---
[2026-03-27T11:48:21.266Z] --- SERVER RESTARTED - ROUTES REGISTERED v1.0.6 ---
[2026-03-27T11:48:25.609Z] --- SERVER RESTARTED - ROUTES REGISTERED v1.0.6 ---
[2026-03-27T11:48:29.764Z] --- SERVER RESTARTED - ROUTES REGISTERED v1.0.6 ---
[2026-03-27T11:48:34.209Z] --- SERVER RESTARTED - ROUTES REGISTERED v1.0.6 ---
[2026-03-27T11:48:41.216Z] --- SERVER RESTARTED - ROUTES REGISTERED v1.0.6 ---
[2026-03-27T11:48:46.217Z] --- SERVER RESTARTED - ROUTES REGISTERED v1.0.6 ---
[2026-03-27T11:48:50.343Z] --- SERVER RESTARTED - ROUTES REGISTERED v1.0.6 ---
[2026-03-27T11:48:54.702Z] --- SERVER RESTARTED - ROUTES REGISTERED v1.0.6 ---
[2026-03-27T11:48:59.193Z] --- SERVER RESTARTED - ROUTES REGISTERED v1.0.6 ---
[2026-03-27T11:49:03.752Z] --- SERVER RESTARTED - ROUTES REGISTERED v1.0.6 ---
[2026-03-27T11:49:08.051Z] --- SERVER RESTARTED - ROUTES REGISTERED v1.0.6 ---
[2026-03-27T11:49:12.270Z] --- SERVER RESTARTED - ROUTES REGISTERED v1.0.6 ---
[2026-03-27T11:49:16.767Z] --- SERVER RESTARTED - ROUTES REGISTERED v1.0.6 ---
[2026-03-27T11:49:21.048Z] --- SERVER RESTARTED - ROUTES REGISTERED v1.0.6 ---
[2026-03-27T11:49:25.246Z] --- SERVER RESTARTED - ROUTES REGISTERED v1.0.6 ---
[2026-03-27T11:49:29.760Z] --- SERVER RESTARTED - ROUTES REGISTERED v1.0.6 ---
[2026-03-27T11:49:34.148Z] --- SERVER RESTARTED - ROUTES REGISTERED v1.0.6 ---
[2026-03-27T11:49:38.564Z] --- SERVER RESTARTED - ROUTES REGISTERED v1.0.6 ---
[2026-03-27T11:49:42.965Z] --- SERVER RESTARTED - ROUTES REGISTERED v1.0.6 ---
[2026-03-27T11:49:47.207Z] --- SERVER RESTARTED - ROUTES REGISTERED v1.0.6 ---
[2026-03-27T11:49:51.287Z] --- SERVER RESTARTED - ROUTES REGISTERED v1.0.6 ---
[2026-03-27T11:49:55.675Z] --- SERVER RESTARTED - ROUTES REGISTERED v1.0.6 ---
[2026-03-27T11:50:00.261Z] --- SERVER RESTARTED - ROUTES REGISTERED v1.0.6 ---
[2026-03-27T11:50:04.692Z] --- SERVER RESTARTED - ROUTES REGISTERED v1.0.6 ---
[2026-03-27T11:50:09.308Z] --- SERVER RESTARTED - ROUTES REGISTERED v1.0.6 ---
[2026-03-27T11:50:14.198Z] --- SERVER RESTARTED - ROUTES REGISTERED v1.0.6 ---
[2026-03-27T11:50:18.611Z] --- SERVER RESTARTED - ROUTES REGISTERED v1.0.6 ---
[2026-03-27T11:50:23.521Z] --- SERVER RESTARTED - ROUTES REGISTERED v1.0.6 ---
[2026-03-27T11:50:27.754Z] --- SERVER RESTARTED - ROUTES REGISTERED v1.0.6 ---
[2026-03-27T11:50:31.976Z] --- SERVER RESTARTED - ROUTES REGISTERED v1.0.6 ---
[2026-03-27T11:50:36.410Z] --- SERVER RESTARTED - ROUTES REGISTERED v1.0.6 ---
[2026-03-27T11:50:41.340Z] --- SERVER RESTARTED - ROUTES REGISTERED v1.0.6 ---
[2026-03-27T11:50:45.729Z] --- SERVER RESTARTED - ROUTES REGISTERED v1.0.6 ---
[2026-03-27T11:50:50.313Z] --- SERVER RESTARTED - ROUTES REGISTERED v1.0.6 ---
[2026-03-27T11:50:54.813Z] --- SERVER RESTARTED - ROUTES REGISTERED v1.0.6 ---
[2026-03-27T11:50:59.828Z] --- SERVER RESTARTED - ROUTES REGISTERED v1.0.6 ---
[2026-03-27T11:51:04.394Z] --- SERVER RESTARTED - ROUTES REGISTERED v1.0.6 ---
[2026-03-27T11:51:09.083Z] --- SERVER RESTARTED - ROUTES REGISTERED v1.0.6 ---
[2026-03-27T11:51:13.287Z] --- SERVER RESTARTED - ROUTES REGISTERED v1.0.6 ---
[2026-03-27T11:51:17.778Z] --- SERVER RESTARTED - ROUTES REGISTERED v1.0.6 ---
[2026-03-27T11:51:22.039Z] --- SERVER RESTARTED - ROUTES REGISTERED v1.0.6 ---
[2026-03-27T11:51:26.346Z] --- SERVER RESTARTED - ROUTES REGISTERED v1.0.6 ---
[2026-03-27T11:51:30.625Z] --- SERVER RESTARTED - ROUTES REGISTERED v1.0.6 ---
[2026-03-27T11:51:35.552Z] --- SERVER RESTARTED - ROUTES REGISTERED v1.0.6 ---
[2026-03-27T11:51:40.324Z] --- SERVER RESTARTED - ROUTES REGISTERED v1.0.6 ---
[2026-03-27T11:51:44.743Z] --- SERVER RESTARTED - ROUTES REGISTERED v1.0.6 ---
[2026-03-27T11:51:48.903Z] --- SERVER RESTARTED - ROUTES REGISTERED v1.0.6 ---
[2026-03-27T11:51:53.132Z] --- SERVER RESTARTED - ROUTES REGISTERED v1.0.6 ---
[2026-03-27T11:51:57.309Z] --- SERVER RESTARTED - ROUTES REGISTERED v1.0.6 ---
[2026-03-27T11:52:01.710Z] --- SERVER RESTARTED - ROUTES REGISTERED v1.0.6 ---
[2026-03-27T11:52:06.370Z] --- SERVER RESTARTED - ROUTES REGISTERED v1.0.6 ---
[2026-03-27T11:52:10.543Z] --- SERVER RESTARTED - ROUTES REGISTERED v1.0.6 ---
[2026-03-27T11:52:14.795Z] --- SERVER RESTARTED - ROUTES REGISTERED v1.0.6 ---
[2026-03-27T11:52:19.056Z] --- SERVER RESTARTED - ROUTES REGISTERED v1.0.6 ---
[2026-03-27T11:52:23.112Z] --- SERVER RESTARTED - ROUTES REGISTERED v1.0.6 ---
[2026-03-27T11:52:27.631Z] --- SERVER RESTARTED - ROUTES REGISTERED v1.0.6 ---
[2026-03-27T11:52:32.002Z] --- SERVER RESTARTED - ROUTES REGISTERED v1.0.6 ---
[2026-03-27T11:52:36.502Z] --- SERVER RESTARTED - ROUTES REGISTERED v1.0.6 ---
[2026-03-27T11:52:41.310Z] --- SERVER RESTARTED - ROUTES REGISTERED v1.0.6 ---
[2026-03-27T11:52:45.574Z] --- SERVER RESTARTED - ROUTES REGISTERED v1.0.6 ---
[2026-03-27T11:52:49.539Z] --- SERVER RESTARTED - ROUTES REGISTERED v1.0.6 ---
[2026-03-27T11:52:53.897Z] --- SERVER RESTARTED - ROUTES REGISTERED v1.0.6 ---
[2026-03-27T11:52:58.051Z] --- SERVER RESTARTED - ROUTES REGISTERED v1.0.6 ---
[2026-03-27T11:53:02.776Z] --- SERVER RESTARTED - ROUTES REGISTERED v1.0.6 ---
[2026-03-27T11:53:07.208Z] --- SERVER RESTARTED - ROUTES REGISTERED v1.0.6 ---
[2026-03-27T11:53:11.437Z] --- SERVER RESTARTED - ROUTES REGISTERED v1.0.6 ---
[2026-03-27T11:53:15.649Z] --- SERVER RESTARTED - ROUTES REGISTERED v1.0.6 ---
[2026-03-27T11:53:20.137Z] --- SERVER RESTARTED - ROUTES REGISTERED v1.0.6 ---
[2026-03-27T11:53:24.196Z] --- SERVER RESTARTED - ROUTES REGISTERED v1.0.6 ---
[2026-03-27T11:53:29.065Z] --- SERVER RESTARTED - ROUTES REGISTERED v1.0.6 ---
[2026-03-27T11:53:33.666Z] --- SERVER RESTARTED - ROUTES REGISTERED v1.0.6 ---
[2026-03-27T11:53:38.070Z] --- SERVER RESTARTED - ROUTES REGISTERED v1.0.6 ---
[2026-03-27T11:53:42.612Z] --- SERVER RESTARTED - ROUTES REGISTERED v1.0.6 ---
[2026-03-27T11:53:47.082Z] --- SERVER RESTARTED - ROUTES REGISTERED v1.0.6 ---
[2026-03-27T11:53:51.275Z] --- SERVER RESTARTED - ROUTES REGISTERED v1.0.6 ---
[2026-03-27T11:53:55.351Z] --- SERVER RESTARTED - ROUTES REGISTERED v1.0.6 ---
[2026-03-27T11:53:59.845Z] --- SERVER RESTARTED - ROUTES REGISTERED v1.0.6 ---
[2026-03-27T11:54:04.409Z] --- SERVER RESTARTED - ROUTES REGISTERED v1.0.6 ---
[2026-03-27T11:54:08.746Z] --- SERVER RESTARTED - ROUTES REGISTERED v1.0.6 ---
[2026-03-27T11:54:13.434Z] --- SERVER RESTARTED - ROUTES REGISTERED v1.0.6 ---
[2026-03-27T11:54:17.752Z] --- SERVER RESTARTED - ROUTES REGISTERED v1.0.6 ---
[2026-03-27T11:54:21.893Z] --- SERVER RESTARTED - ROUTES REGISTERED v1.0.6 ---
[2026-03-27T11:54:26.292Z] --- SERVER RESTARTED - ROUTES REGISTERED v1.0.6 ---
[2026-03-27T11:54:30.481Z] --- SERVER RESTARTED - ROUTES REGISTERED v1.0.6 ---
[2026-03-27T11:54:35.212Z] --- SERVER RESTARTED - ROUTES REGISTERED v1.0.6 ---
[2026-03-27T11:54:40.098Z] --- SERVER RESTARTED - ROUTES REGISTERED v1.0.6 ---
[2026-03-27T11:54:44.820Z] --- SERVER RESTARTED - ROUTES REGISTERED v1.0.6 ---
[2026-03-27T11:54:49.132Z] --- SERVER RESTARTED - ROUTES REGISTERED v1.0.6 ---
[2026-03-27T11:54:53.633Z] --- SERVER RESTARTED - ROUTES REGISTERED v1.0.6 ---
[2026-03-27T11:54:57.746Z] --- SERVER RESTARTED - ROUTES REGISTERED v1.0.6 ---
[2026-03-27T11:55:02.854Z] --- SERVER RESTARTED - ROUTES REGISTERED v1.0.6 ---
[2026-03-27T11:55:07.527Z] --- SERVER RESTARTED - ROUTES REGISTERED v1.0.6 ---
[2026-03-27T11:55:12.518Z] --- SERVER RESTARTED - ROUTES REGISTERED v1.0.6 ---
[2026-03-27T11:55:17.124Z] --- SERVER RESTARTED - ROUTES REGISTERED v1.0.6 ---
[2026-03-27T11:55:21.358Z] --- SERVER RESTARTED - ROUTES REGISTERED v1.0.6 ---
[2026-03-27T11:55:25.909Z] --- SERVER RESTARTED - ROUTES REGISTERED v1.0.6 ---
[2026-03-27T11:55:30.321Z] --- SERVER RESTARTED - ROUTES REGISTERED v1.0.6 ---
[2026-03-27T11:55:34.904Z] --- SERVER RESTARTED - ROUTES REGISTERED v1.0.6 ---
[2026-03-27T11:55:39.923Z] --- SERVER RESTARTED - ROUTES REGISTERED v1.0.6 ---
[2026-03-27T11:55:44.548Z] --- SERVER RESTARTED - ROUTES REGISTERED v1.0.6 ---
[2026-03-27T11:55:48.940Z] --- SERVER RESTARTED - ROUTES REGISTERED v1.0.6 ---
[2026-03-27T11:55:53.334Z] --- SERVER RESTARTED - ROUTES REGISTERED v1.0.6 ---
[2026-03-27T11:55:57.794Z] --- SERVER RESTARTED - ROUTES REGISTERED v1.0.6 ---
[2026-03-27T11:56:01.964Z] --- SERVER RESTARTED - ROUTES REGISTERED v1.0.6 ---
[2026-03-27T11:56:06.765Z] --- SERVER RESTARTED - ROUTES REGISTERED v1.0.6 ---
[2026-03-27T11:56:11.187Z] --- SERVER RESTARTED - ROUTES REGISTERED v1.0.6 ---
[2026-03-27T11:56:15.445Z] --- SERVER RESTARTED - ROUTES REGISTERED v1.0.6 ---
[2026-03-27T11:56:19.595Z] --- SERVER RESTARTED - ROUTES REGISTERED v1.0.6 ---
[2026-03-27T11:56:23.945Z] --- SERVER RESTARTED - ROUTES REGISTERED v1.0.6 ---
[2026-03-27T11:56:28.470Z] --- SERVER RESTARTED - ROUTES REGISTERED v1.0.6 ---
[2026-03-27T11:56:32.630Z] --- SERVER RESTARTED - ROUTES REGISTERED v1.0.6 ---
[2026-03-27T11:56:37.101Z] --- SERVER RESTARTED - ROUTES REGISTERED v1.0.6 ---
[2026-03-27T11:56:41.721Z] --- SERVER RESTARTED - ROUTES REGISTERED v1.0.6 ---
[2026-03-27T11:56:46.232Z] --- SERVER RESTARTED - ROUTES REGISTERED v1.0.6 ---
[2026-03-27T11:56:50.565Z] --- SERVER RESTARTED - ROUTES REGISTERED v1.0.6 ---
[2026-03-27T11:56:55.080Z] --- SERVER RESTARTED - ROUTES REGISTERED v1.0.6 ---
[2026-03-27T11:56:59.890Z] --- SERVER RESTARTED - ROUTES REGISTERED v1.0.6 ---
[2026-03-27T11:57:04.298Z] --- SERVER RESTARTED - ROUTES REGISTERED v1.0.6 ---
[2026-03-27T11:57:08.686Z] --- SERVER RESTARTED - ROUTES REGISTERED v1.0.6 ---
[2026-03-27T11:57:13.141Z] --- SERVER RESTARTED - ROUTES REGISTERED v1.0.6 ---
[2026-03-27T11:57:17.843Z] --- SERVER RESTARTED - ROUTES REGISTERED v1.0.6 ---
[2026-03-27T11:57:22.160Z] --- SERVER RESTARTED - ROUTES REGISTERED v1.0.6 ---
[2026-03-27T11:57:26.493Z] --- SERVER RESTARTED - ROUTES REGISTERED v1.0.6 ---
[2026-03-27T11:57:30.770Z] --- SERVER RESTARTED - ROUTES REGISTERED v1.0.6 ---
[2026-03-27T11:57:35.061Z] --- SERVER RESTARTED - ROUTES REGISTERED v1.0.6 ---
[2026-03-27T11:57:39.382Z] --- SERVER RESTARTED - ROUTES REGISTERED v1.0.6 ---
[2026-03-27T11:57:43.934Z] --- SERVER RESTARTED - ROUTES REGISTERED v1.0.6 ---
[2026-03-27T11:57:48.512Z] --- SERVER RESTARTED - ROUTES REGISTERED v1.0.6 ---
[2026-03-27T11:57:53.613Z] --- SERVER RESTARTED - ROUTES REGISTERED v1.0.6 ---
[2026-03-27T11:57:57.736Z] --- SERVER RESTARTED - ROUTES REGISTERED v1.0.6 ---
[2026-03-27T11:58:01.965Z] --- SERVER RESTARTED - ROUTES REGISTERED v1.0.6 ---
[2026-03-27T11:58:06.580Z] --- SERVER RESTARTED - ROUTES REGISTERED v1.0.6 ---
[2026-03-27T11:58:11.107Z] --- SERVER RESTARTED - ROUTES REGISTERED v1.0.6 ---
[2026-03-27T11:58:15.778Z] --- SERVER RESTARTED - ROUTES REGISTERED v1.0.6 ---
[2026-03-27T11:58:19.990Z] --- SERVER RESTARTED - ROUTES REGISTERED v1.0.6 ---
[2026-03-27T11:58:24.348Z] --- SERVER RESTARTED - ROUTES REGISTERED v1.0.6 ---
[2026-03-27T11:58:29.077Z] --- SERVER RESTARTED - ROUTES REGISTERED v1.0.6 ---
[2026-03-27T11:58:33.313Z] --- SERVER RESTARTED - ROUTES REGISTERED v1.0.6 ---
[2026-03-27T11:58:37.692Z] --- SERVER RESTARTED - ROUTES REGISTERED v1.0.6 ---
[2026-03-27T11:58:42.009Z] --- SERVER RESTARTED - ROUTES REGISTERED v1.0.6 ---
[2026-03-27T11:58:46.289Z] --- SERVER RESTARTED - ROUTES REGISTERED v1.0.6 ---
[2026-03-27T11:58:50.530Z] --- SERVER RESTARTED - ROUTES REGISTERED v1.0.6 ---
[2026-03-27T11:58:55.002Z] --- SERVER RESTARTED - ROUTES REGISTERED v1.0.6 ---
[2026-03-27T11:58:59.376Z] --- SERVER RESTARTED - ROUTES REGISTERED v1.0.6 ---
[2026-03-27T11:59:04.071Z] --- SERVER RESTARTED - ROUTES REGISTERED v1.0.6 ---
[2026-03-27T11:59:08.437Z] --- SERVER RESTARTED - ROUTES REGISTERED v1.0.6 ---
[2026-03-27T11:59:13.031Z] --- SERVER RESTARTED - ROUTES REGISTERED v1.0.6 ---
[2026-03-27T11:59:17.794Z] --- SERVER RESTARTED - ROUTES REGISTERED v1.0.6 ---
[2026-03-27T11:59:22.216Z] --- SERVER RESTARTED - ROUTES REGISTERED v1.0.6 ---
[2026-03-27T11:59:26.802Z] --- SERVER RESTARTED - ROUTES REGISTERED v1.0.6 ---
[2026-03-27T11:59:31.321Z] --- SERVER RESTARTED - ROUTES REGISTERED v1.0.6 ---
[2026-03-27T11:59:35.917Z] --- SERVER RESTARTED - ROUTES REGISTERED v1.0.6 ---
[2026-03-27T11:59:40.591Z] --- SERVER RESTARTED - ROUTES REGISTERED v1.0.6 ---
[2026-03-27T11:59:46.285Z] --- SERVER RESTARTED - ROUTES REGISTERED v1.0.6 ---
[2026-03-27T11:59:50.674Z] --- SERVER RESTARTED - ROUTES REGISTERED v1.0.6 ---
[2026-03-27T11:59:55.299Z] --- SERVER RESTARTED - ROUTES REGISTERED v1.0.6 ---
[2026-03-27T12:00:00.106Z] --- SERVER RESTARTED - ROUTES REGISTERED v1.0.6 ---
[2026-03-27T12:00:05.245Z] --- SERVER RESTARTED - ROUTES REGISTERED v1.0.6 ---
[2026-03-27T12:00:09.945Z] --- SERVER RESTARTED - ROUTES REGISTERED v1.0.6 ---
[2026-03-27T12:00:14.347Z] --- SERVER RESTARTED - ROUTES REGISTERED v1.0.6 ---
[2026-03-27T12:00:18.555Z] --- SERVER RESTARTED - ROUTES REGISTERED v1.0.6 ---
[2026-03-27T12:00:23.784Z] --- SERVER RESTARTED - ROUTES REGISTERED v1.0.6 ---
[2026-03-27T12:00:28.388Z] --- SERVER RESTARTED - ROUTES REGISTERED v1.0.6 ---
[2026-03-27T12:00:33.446Z] --- SERVER RESTARTED - ROUTES REGISTERED v1.0.6 ---
[2026-03-27T12:00:40.126Z] --- SERVER RESTARTED - ROUTES REGISTERED v1.0.6 ---
[2026-03-27T12:00:45.351Z] --- SERVER RESTARTED - ROUTES REGISTERED v1.0.6 ---
[2026-03-27T12:00:49.752Z] --- SERVER RESTARTED - ROUTES REGISTERED v1.0.6 ---
[2026-03-27T12:00:54.279Z] --- SERVER RESTARTED - ROUTES REGISTERED v1.0.6 ---
[2026-03-27T12:00:59.278Z] --- SERVER RESTARTED - ROUTES REGISTERED v1.0.6 ---
[2026-03-27T12:01:04.297Z] --- SERVER RESTARTED - ROUTES REGISTERED v1.0.6 ---
[2026-03-27T12:01:08.630Z] --- SERVER RESTARTED - ROUTES REGISTERED v1.0.6 ---
[2026-03-27T12:01:12.977Z] --- SERVER RESTARTED - ROUTES REGISTERED v1.0.6 ---
[2026-03-27T12:01:17.988Z] --- SERVER RESTARTED - ROUTES REGISTERED v1.0.6 ---
[2026-03-27T12:01:22.630Z] --- SERVER RESTARTED - ROUTES REGISTERED v1.0.6 ---
[2026-03-27T12:01:27.247Z] --- SERVER RESTARTED - ROUTES REGISTERED v1.0.6 ---
[2026-03-27T12:01:31.536Z] --- SERVER RESTARTED - ROUTES REGISTERED v1.0.6 ---
[2026-03-27T12:01:36.024Z] --- SERVER RESTARTED - ROUTES REGISTERED v1.0.6 ---
[2026-03-27T12:01:40.885Z] --- SERVER RESTARTED - ROUTES REGISTERED v1.0.6 ---
[2026-03-27T12:01:45.291Z] --- SERVER RESTARTED - ROUTES REGISTERED v1.0.6 ---
[2026-03-27T12:01:50.030Z] --- SERVER RESTARTED - ROUTES REGISTERED v1.0.6 ---
[2026-03-27T12:01:54.484Z] --- SERVER RESTARTED - ROUTES REGISTERED v1.0.6 ---
[2026-03-27T12:01:58.867Z] --- SERVER RESTARTED - ROUTES REGISTERED v1.0.6 ---
[2026-03-27T12:02:06.122Z] --- SERVER RESTARTED - ROUTES REGISTERED v1.0.6 ---
[2026-03-27T12:02:11.882Z] --- SERVER RESTARTED - ROUTES REGISTERED v1.0.6 ---
[2026-03-27T12:02:16.787Z] --- SERVER RESTARTED - ROUTES REGISTERED v1.0.6 ---
[2026-03-27T12:02:23.164Z] --- SERVER RESTARTED - ROUTES REGISTERED v1.0.6 ---
[2026-03-27T12:02:28.447Z] --- SERVER RESTARTED - ROUTES REGISTERED v1.0.6 ---
[2026-03-27T12:02:33.000Z] --- SERVER RESTARTED - ROUTES REGISTERED v1.0.6 ---
[2026-03-27T12:02:37.298Z] --- SERVER RESTARTED - ROUTES REGISTERED v1.0.6 ---
[2026-03-27T12:02:41.650Z] --- SERVER RESTARTED - ROUTES REGISTERED v1.0.6 ---
[2026-03-27T12:02:46.612Z] --- SERVER RESTARTED - ROUTES REGISTERED v1.0.6 ---
[2026-03-27T12:02:51.634Z] --- SERVER RESTARTED - ROUTES REGISTERED v1.0.6 ---
[2026-03-27T12:02:56.587Z] --- SERVER RESTARTED - ROUTES REGISTERED v1.0.6 ---
[2026-03-27T12:03:00.822Z] --- SERVER RESTARTED - ROUTES REGISTERED v1.0.6 ---
[2026-03-27T12:03:05.215Z] --- SERVER RESTARTED - ROUTES REGISTERED v1.0.6 ---
[2026-03-27T12:03:13.202Z] --- SERVER RESTARTED - ROUTES REGISTERED v1.0.6 ---
[2026-03-27T12:03:17.823Z] --- SERVER RESTARTED - ROUTES REGISTERED v1.0.6 ---
[2026-03-27T12:03:22.279Z] --- SERVER RESTARTED - ROUTES REGISTERED v1.0.6 ---
[2026-03-27T12:03:26.667Z] --- SERVER RESTARTED - ROUTES REGISTERED v1.0.6 ---
[2026-03-27T12:03:30.931Z] --- SERVER RESTARTED - ROUTES REGISTERED v1.0.6 ---
[2026-03-27T12:03:35.096Z] --- SERVER RESTARTED - ROUTES REGISTERED v1.0.6 ---
[2026-03-27T12:03:39.311Z] --- SERVER RESTARTED - ROUTES REGISTERED v1.0.6 ---
[2026-03-27T12:03:43.875Z] --- SERVER RESTARTED - ROUTES REGISTERED v1.0.6 ---
[2026-03-27T12:03:48.405Z] --- SERVER RESTARTED - ROUTES REGISTERED v1.0.6 ---
[2026-03-27T12:03:52.745Z] --- SERVER RESTARTED - ROUTES REGISTERED v1.0.6 ---
[2026-03-27T12:03:57.256Z] --- SERVER RESTARTED - ROUTES REGISTERED v1.0.6 ---
[2026-03-27T12:04:01.367Z] --- SERVER RESTARTED - ROUTES REGISTERED v1.0.6 ---
[2026-03-27T12:04:05.721Z] --- SERVER RESTARTED - ROUTES REGISTERED v1.0.6 ---
[2026-03-27T12:04:09.922Z] --- SERVER RESTARTED - ROUTES REGISTERED v1.0.6 ---
[2026-03-27T12:04:14.419Z] --- SERVER RESTARTED - ROUTES REGISTERED v1.0.6 ---
[2026-03-27T12:04:18.805Z] --- SERVER RESTARTED - ROUTES REGISTERED v1.0.6 ---
[2026-03-27T12:04:23.555Z] --- SERVER RESTARTED - ROUTES REGISTERED v1.0.6 ---
[2026-03-27T12:04:27.897Z] --- SERVER RESTARTED - ROUTES REGISTERED v1.0.6 ---
[2026-03-27T12:04:32.089Z] --- SERVER RESTARTED - ROUTES REGISTERED v1.0.6 ---
[2026-03-27T12:04:36.503Z] --- SERVER RESTARTED - ROUTES REGISTERED v1.0.6 ---
[2026-03-27T12:04:41.101Z] --- SERVER RESTARTED - ROUTES REGISTERED v1.0.6 ---
[2026-03-27T12:04:46.954Z] --- SERVER RESTARTED - ROUTES REGISTERED v1.0.6 ---
[2026-03-27T12:04:52.461Z] --- SERVER RESTARTED - ROUTES REGISTERED v1.0.6 ---
[2026-03-27T12:04:56.630Z] --- SERVER RESTARTED - ROUTES REGISTERED v1.0.6 ---
[2026-03-27T12:05:00.891Z] --- SERVER RESTARTED - ROUTES REGISTERED v1.0.6 ---
[2026-03-27T12:05:05.932Z] --- SERVER RESTARTED - ROUTES REGISTERED v1.0.6 ---
[2026-03-27T12:05:10.976Z] --- SERVER RESTARTED - ROUTES REGISTERED v1.0.6 ---
[2026-03-27T12:05:15.759Z] --- SERVER RESTARTED - ROUTES REGISTERED v1.0.6 ---
[2026-03-27T12:05:20.413Z] --- SERVER RESTARTED - ROUTES REGISTERED v1.0.6 ---
[2026-03-27T12:05:24.981Z] --- SERVER RESTARTED - ROUTES REGISTERED v1.0.6 ---
[2026-03-27T12:05:29.617Z] --- SERVER RESTARTED - ROUTES REGISTERED v1.0.6 ---
[2026-03-27T12:05:34.195Z] --- SERVER RESTARTED - ROUTES REGISTERED v1.0.6 ---
[2026-03-27T12:05:38.717Z] --- SERVER RESTARTED - ROUTES REGISTERED v1.0.6 ---
[2026-03-27T12:05:43.088Z] --- SERVER RESTARTED - ROUTES REGISTERED v1.0.6 ---
[2026-03-27T12:05:47.788Z] --- SERVER RESTARTED - ROUTES REGISTERED v1.0.6 ---
[2026-03-27T12:05:51.924Z] --- SERVER RESTARTED - ROUTES REGISTERED v1.0.6 ---
[2026-03-27T12:05:56.551Z] --- SERVER RESTARTED - ROUTES REGISTERED v1.0.6 ---
[2026-03-27T12:06:01.269Z] --- SERVER RESTARTED - ROUTES REGISTERED v1.0.6 ---
[2026-03-27T12:06:05.696Z] --- SERVER RESTARTED - ROUTES REGISTERED v1.0.6 ---
[2026-03-27T12:06:09.986Z] --- SERVER RESTARTED - ROUTES REGISTERED v1.0.6 ---
[2026-03-27T12:06:14.076Z] --- SERVER RESTARTED - ROUTES REGISTERED v1.0.6 ---
[2026-03-27T12:06:18.312Z] --- SERVER RESTARTED - ROUTES REGISTERED v1.0.6 ---
[2026-03-27T12:06:22.722Z] --- SERVER RESTARTED - ROUTES REGISTERED v1.0.6 ---
[2026-03-27T12:06:27.151Z] --- SERVER RESTARTED - ROUTES REGISTERED v1.0.6 ---
[2026-03-27T12:06:31.513Z] --- SERVER RESTARTED - ROUTES REGISTERED v1.0.6 ---
[2026-03-27T12:06:35.851Z] --- SERVER RESTARTED - ROUTES REGISTERED v1.0.6 ---
[2026-03-27T12:06:40.712Z] --- SERVER RESTARTED - ROUTES REGISTERED v1.0.6 ---
[2026-03-27T12:06:45.221Z] --- SERVER RESTARTED - ROUTES REGISTERED v1.0.6 ---
[2026-03-27T12:06:50.633Z] --- SERVER RESTARTED - ROUTES REGISTERED v1.0.6 ---
[2026-03-27T12:06:54.777Z] --- SERVER RESTARTED - ROUTES REGISTERED v1.0.6 ---
[2026-03-27T12:06:59.292Z] --- SERVER RESTARTED - ROUTES REGISTERED v1.0.6 ---
[2026-03-27T12:07:03.588Z] --- SERVER RESTARTED - ROUTES REGISTERED v1.0.6 ---
[2026-03-27T12:07:09.802Z] --- SERVER RESTARTED - ROUTES REGISTERED v1.0.6 ---
[2026-03-27T12:07:14.592Z] --- SERVER RESTARTED - ROUTES REGISTERED v1.0.6 ---
[2026-03-27T12:07:19.296Z] --- SERVER RESTARTED - ROUTES REGISTERED v1.0.6 ---
[2026-03-27T12:07:24.066Z] --- SERVER RESTARTED - ROUTES REGISTERED v1.0.6 ---
[2026-03-27T12:07:28.997Z] --- SERVER RESTARTED - ROUTES REGISTERED v1.0.6 ---
[2026-03-27T12:07:34.261Z] --- SERVER RESTARTED - ROUTES REGISTERED v1.0.6 ---
[2026-03-27T12:07:38.900Z] --- SERVER RESTARTED - ROUTES REGISTERED v1.0.6 ---
[2026-03-27T12:07:43.643Z] --- SERVER RESTARTED - ROUTES REGISTERED v1.0.6 ---
[2026-03-27T12:07:47.838Z] --- SERVER RESTARTED - ROUTES REGISTERED v1.0.6 ---
[2026-03-27T12:07:52.488Z] --- SERVER RESTARTED - ROUTES REGISTERED v1.0.6 ---
[2026-03-27T12:07:56.794Z] --- SERVER RESTARTED - ROUTES REGISTERED v1.0.6 ---
[2026-03-27T12:08:01.061Z] --- SERVER RESTARTED - ROUTES REGISTERED v1.0.6 ---
[2026-03-27T12:08:05.469Z] --- SERVER RESTARTED - ROUTES REGISTERED v1.0.6 ---
[2026-03-27T12:08:10.039Z] --- SERVER RESTARTED - ROUTES REGISTERED v1.0.6 ---
[2026-03-27T12:08:14.727Z] --- SERVER RESTARTED - ROUTES REGISTERED v1.0.6 ---
[2026-03-27T12:08:19.247Z] --- SERVER RESTARTED - ROUTES REGISTERED v1.0.6 ---
[2026-03-27T12:08:23.818Z] --- SERVER RESTARTED - ROUTES REGISTERED v1.0.6 ---
[2026-03-27T12:08:28.589Z] --- SERVER RESTARTED - ROUTES REGISTERED v1.0.6 ---
[2026-03-27T12:08:33.354Z] --- SERVER RESTARTED - ROUTES REGISTERED v1.0.6 ---
[2026-03-27T12:08:37.737Z] --- SERVER RESTARTED - ROUTES REGISTERED v1.0.6 ---
[2026-03-27T12:08:42.458Z] --- SERVER RESTARTED - ROUTES REGISTERED v1.0.6 ---
[2026-03-27T12:08:47.614Z] --- SERVER RESTARTED - ROUTES REGISTERED v1.0.6 ---
[2026-03-27T12:08:52.862Z] --- SERVER RESTARTED - ROUTES REGISTERED v1.0.6 ---
[2026-03-27T12:08:57.903Z] --- SERVER RESTARTED - ROUTES REGISTERED v1.0.6 ---
[2026-03-27T12:09:02.588Z] --- SERVER RESTARTED - ROUTES REGISTERED v1.0.6 ---
[2026-03-27T12:09:06.866Z] --- SERVER RESTARTED - ROUTES REGISTERED v1.0.6 ---
[2026-03-27T12:09:10.987Z] --- SERVER RESTARTED - ROUTES REGISTERED v1.0.6 ---
[2026-03-27T12:09:15.400Z] --- SERVER RESTARTED - ROUTES REGISTERED v1.0.6 ---
[2026-03-27T12:09:19.876Z] --- SERVER RESTARTED - ROUTES REGISTERED v1.0.6 ---
[2026-03-27T12:09:24.078Z] --- SERVER RESTARTED - ROUTES REGISTERED v1.0.6 ---
[2026-03-27T12:09:28.461Z] --- SERVER RESTARTED - ROUTES REGISTERED v1.0.6 ---
[2026-03-27T12:09:32.742Z] --- SERVER RESTARTED - ROUTES REGISTERED v1.0.6 ---
[2026-03-27T12:09:37.078Z] --- SERVER RESTARTED - ROUTES REGISTERED v1.0.6 ---
[2026-03-27T12:09:42.808Z] --- SERVER RESTARTED - ROUTES REGISTERED v1.0.6 ---
[2026-03-27T12:09:47.035Z] --- SERVER RESTARTED - ROUTES REGISTERED v1.0.6 ---
[2026-03-27T12:09:51.122Z] --- SERVER RESTARTED - ROUTES REGISTERED v1.0.6 ---
[2026-03-27T12:09:55.219Z] --- SERVER RESTARTED - ROUTES REGISTERED v1.0.6 ---
[2026-03-27T12:09:59.726Z] --- SERVER RESTARTED - ROUTES REGISTERED v1.0.6 ---
[2026-03-27T12:10:04.586Z] --- SERVER RESTARTED - ROUTES REGISTERED v1.0.6 ---
[2026-03-27T12:10:09.424Z] --- SERVER RESTARTED - ROUTES REGISTERED v1.0.6 ---
[2026-03-27T12:10:13.932Z] --- SERVER RESTARTED - ROUTES REGISTERED v1.0.6 ---
[2026-03-27T12:10:18.241Z] --- SERVER RESTARTED - ROUTES REGISTERED v1.0.6 ---
[2026-03-27T12:10:22.474Z] --- SERVER RESTARTED - ROUTES REGISTERED v1.0.6 ---
[2026-03-27T12:10:26.706Z] --- SERVER RESTARTED - ROUTES REGISTERED v1.0.6 ---
[2026-03-27T12:10:30.835Z] --- SERVER RESTARTED - ROUTES REGISTERED v1.0.6 ---
[2026-03-27T12:10:35.721Z] --- SERVER RESTARTED - ROUTES REGISTERED v1.0.6 ---
[2026-03-27T12:10:40.731Z] --- SERVER RESTARTED - ROUTES REGISTERED v1.0.6 ---
[2026-03-27T12:10:46.310Z] --- SERVER RESTARTED - ROUTES REGISTERED v1.0.6 ---
[2026-03-27T12:10:50.637Z] --- SERVER RESTARTED - ROUTES REGISTERED v1.0.6 ---
[2026-03-27T12:10:55.442Z] --- SERVER RESTARTED - ROUTES REGISTERED v1.0.6 ---
[2026-03-27T12:10:59.680Z] --- SERVER RESTARTED - ROUTES REGISTERED v1.0.6 ---
[2026-03-27T12:11:04.873Z] --- SERVER RESTARTED - ROUTES REGISTERED v1.0.6 ---
[2026-03-27T12:11:09.659Z] --- SERVER RESTARTED - ROUTES REGISTERED v1.0.6 ---
[2026-03-27T12:11:14.057Z] --- SERVER RESTARTED - ROUTES REGISTERED v1.0.6 ---
[2026-03-27T12:11:18.286Z] --- SERVER RESTARTED - ROUTES REGISTERED v1.0.6 ---
[2026-03-27T12:11:23.220Z] --- SERVER RESTARTED - ROUTES REGISTERED v1.0.6 ---
[2026-03-27T12:11:28.143Z] --- SERVER RESTARTED - ROUTES REGISTERED v1.0.6 ---
[2026-03-27T12:11:32.588Z] --- SERVER RESTARTED - ROUTES REGISTERED v1.0.6 ---
[2026-03-27T12:11:36.658Z] --- SERVER RESTARTED - ROUTES REGISTERED v1.0.6 ---
[2026-03-27T12:11:41.589Z] --- SERVER RESTARTED - ROUTES REGISTERED v1.0.6 ---
[2026-03-27T12:11:45.792Z] --- SERVER RESTARTED - ROUTES REGISTERED v1.0.6 ---
[2026-03-27T12:11:50.258Z] --- SERVER RESTARTED - ROUTES REGISTERED v1.0.6 ---
[2026-03-27T12:11:54.569Z] --- SERVER RESTARTED - ROUTES REGISTERED v1.0.6 ---
[2026-03-27T12:11:59.046Z] --- SERVER RESTARTED - ROUTES REGISTERED v1.0.6 ---
[2026-03-27T12:12:03.227Z] --- SERVER RESTARTED - ROUTES REGISTERED v1.0.6 ---
[2026-03-27T12:12:07.497Z] --- SERVER RESTARTED - ROUTES REGISTERED v1.0.6 ---
[2026-03-27T12:12:11.719Z] --- SERVER RESTARTED - ROUTES REGISTERED v1.0.6 ---
[2026-03-27T12:12:15.951Z] --- SERVER RESTARTED - ROUTES REGISTERED v1.0.6 ---
[2026-03-27T12:12:20.778Z] --- SERVER RESTARTED - ROUTES REGISTERED v1.0.6 ---
[2026-03-27T12:12:25.540Z] --- SERVER RESTARTED - ROUTES REGISTERED v1.0.6 ---
[2026-03-27T12:12:30.629Z] --- SERVER RESTARTED - ROUTES REGISTERED v1.0.6 ---
[2026-03-27T12:12:35.725Z] --- SERVER RESTARTED - ROUTES REGISTERED v1.0.6 ---
[2026-03-27T12:12:40.750Z] --- SERVER RESTARTED - ROUTES REGISTERED v1.0.6 ---
[2026-03-27T12:12:45.338Z] --- SERVER RESTARTED - ROUTES REGISTERED v1.0.6 ---
[2026-03-27T12:12:49.870Z] --- SERVER RESTARTED - ROUTES REGISTERED v1.0.6 ---
[2026-03-27T12:12:54.464Z] --- SERVER RESTARTED - ROUTES REGISTERED v1.0.6 ---
[2026-03-27T12:12:58.782Z] --- SERVER RESTARTED - ROUTES REGISTERED v1.0.6 ---
[2026-03-27T12:13:02.810Z] --- SERVER RESTARTED - ROUTES REGISTERED v1.0.6 ---
[2026-03-27T12:13:07.190Z] --- SERVER RESTARTED - ROUTES REGISTERED v1.0.6 ---
[2026-03-27T12:13:11.232Z] --- SERVER RESTARTED - ROUTES REGISTERED v1.0.6 ---
[2026-03-27T12:13:15.790Z] --- SERVER RESTARTED - ROUTES REGISTERED v1.0.6 ---
[2026-03-27T12:13:20.608Z] --- SERVER RESTARTED - ROUTES REGISTERED v1.0.6 ---
[2026-03-27T12:13:25.044Z] --- SERVER RESTARTED - ROUTES REGISTERED v1.0.6 ---
[2026-03-27T12:13:29.636Z] --- SERVER RESTARTED - ROUTES REGISTERED v1.0.6 ---
[2026-03-27T12:13:34.339Z] --- SERVER RESTARTED - ROUTES REGISTERED v1.0.6 ---
[2026-03-27T12:13:38.632Z] --- SERVER RESTARTED - ROUTES REGISTERED v1.0.6 ---
[2026-03-27T12:13:42.723Z] --- SERVER RESTARTED - ROUTES REGISTERED v1.0.6 ---
[2026-03-27T12:13:46.907Z] --- SERVER RESTARTED - ROUTES REGISTERED v1.0.6 ---
[2026-03-27T12:13:51.099Z] --- SERVER RESTARTED - ROUTES REGISTERED v1.0.6 ---
[2026-03-27T12:13:55.142Z] --- SERVER RESTARTED - ROUTES REGISTERED v1.0.6 ---
[2026-03-27T12:13:59.643Z] --- SERVER RESTARTED - ROUTES REGISTERED v1.0.6 ---
[2026-03-27T12:14:04.099Z] --- SERVER RESTARTED - ROUTES REGISTERED v1.0.6 ---
[2026-03-27T12:14:08.800Z] --- SERVER RESTARTED - ROUTES REGISTERED v1.0.6 ---
[2026-03-27T12:14:13.366Z] --- SERVER RESTARTED - ROUTES REGISTERED v1.0.6 ---
[2026-03-27T12:14:17.971Z] --- SERVER RESTARTED - ROUTES REGISTERED v1.0.6 ---
[2026-03-27T12:14:22.399Z] --- SERVER RESTARTED - ROUTES REGISTERED v1.0.6 ---
[2026-03-27T12:14:27.079Z] --- SERVER RESTARTED - ROUTES REGISTERED v1.0.6 ---
[2026-03-27T12:14:31.810Z] --- SERVER RESTARTED - ROUTES REGISTERED v1.0.6 ---
[2026-03-27T12:14:36.376Z] --- SERVER RESTARTED - ROUTES REGISTERED v1.0.6 ---
[2026-03-27T12:14:41.092Z] --- SERVER RESTARTED - ROUTES REGISTERED v1.0.6 ---
[2026-03-27T12:14:45.519Z] --- SERVER RESTARTED - ROUTES REGISTERED v1.0.6 ---
[2026-03-27T12:14:49.621Z] --- SERVER RESTARTED - ROUTES REGISTERED v1.0.6 ---
[2026-03-27T12:14:53.871Z] --- SERVER RESTARTED - ROUTES REGISTERED v1.0.6 ---
[2026-03-27T12:14:58.299Z] --- SERVER RESTARTED - ROUTES REGISTERED v1.0.6 ---
[2026-03-27T12:15:02.560Z] --- SERVER RESTARTED - ROUTES REGISTERED v1.0.6 ---
[2026-03-27T12:15:07.926Z] --- SERVER RESTARTED - ROUTES REGISTERED v1.0.6 ---
[2026-03-27T12:15:13.061Z] --- SERVER RESTARTED - ROUTES REGISTERED v1.0.6 ---
[2026-03-27T12:15:17.927Z] --- SERVER RESTARTED - ROUTES REGISTERED v1.0.6 ---
[2026-03-27T12:15:23.295Z] --- SERVER RESTARTED - ROUTES REGISTERED v1.0.6 ---
[2026-03-27T12:15:28.328Z] --- SERVER RESTARTED - ROUTES REGISTERED v1.0.6 ---
[2026-03-27T12:15:32.786Z] --- SERVER RESTARTED - ROUTES REGISTERED v1.0.6 ---
[2026-03-27T12:15:37.294Z] --- SERVER RESTARTED - ROUTES REGISTERED v1.0.6 ---
[2026-03-27T12:15:41.937Z] --- SERVER RESTARTED - ROUTES REGISTERED v1.0.6 ---
[2026-03-27T12:15:46.300Z] --- SERVER RESTARTED - ROUTES REGISTERED v1.0.6 ---
[2026-03-27T12:15:50.903Z] --- SERVER RESTARTED - ROUTES REGISTERED v1.0.6 ---
[2026-03-27T12:15:55.327Z] --- SERVER RESTARTED - ROUTES REGISTERED v1.0.6 ---
[2026-03-27T12:15:59.771Z] --- SERVER RESTARTED - ROUTES REGISTERED v1.0.6 ---
[2026-03-27T12:16:04.342Z] --- SERVER RESTARTED - ROUTES REGISTERED v1.0.6 ---
[2026-03-27T12:16:08.628Z] --- SERVER RESTARTED - ROUTES REGISTERED v1.0.6 ---
[2026-03-27T12:16:12.721Z] --- SERVER RESTARTED - ROUTES REGISTERED v1.0.6 ---
[2026-03-27T12:16:16.967Z] --- SERVER RESTARTED - ROUTES REGISTERED v1.0.6 ---
[2026-03-27T12:16:21.314Z] --- SERVER RESTARTED - ROUTES REGISTERED v1.0.6 ---
[2026-03-27T12:16:25.698Z] --- SERVER RESTARTED - ROUTES REGISTERED v1.0.6 ---
[2026-03-27T12:16:29.994Z] --- SERVER RESTARTED - ROUTES REGISTERED v1.0.6 ---
[2026-03-27T12:16:34.377Z] --- SERVER RESTARTED - ROUTES REGISTERED v1.0.6 ---
[2026-03-27T12:16:38.880Z] --- SERVER RESTARTED - ROUTES REGISTERED v1.0.6 ---
[2026-03-27T12:16:43.334Z] --- SERVER RESTARTED - ROUTES REGISTERED v1.0.6 ---
[2026-03-27T12:16:47.744Z] --- SERVER RESTARTED - ROUTES REGISTERED v1.0.6 ---
[2026-03-27T12:16:52.054Z] --- SERVER RESTARTED - ROUTES REGISTERED v1.0.6 ---
[2026-03-27T12:16:56.800Z] --- SERVER RESTARTED - ROUTES REGISTERED v1.0.6 ---
[2026-03-27T12:17:01.245Z] --- SERVER RESTARTED - ROUTES REGISTERED v1.0.6 ---
[2026-03-27T12:17:05.500Z] --- SERVER RESTARTED - ROUTES REGISTERED v1.0.6 ---
[2026-03-27T12:17:10.087Z] --- SERVER RESTARTED - ROUTES REGISTERED v1.0.6 ---
[2026-03-27T12:17:14.489Z] --- SERVER RESTARTED - ROUTES REGISTERED v1.0.6 ---
[2026-03-27T12:17:19.091Z] --- SERVER RESTARTED - ROUTES REGISTERED v1.0.6 ---
[2026-03-27T12:17:23.552Z] --- SERVER RESTARTED - ROUTES REGISTERED v1.0.6 ---
[2026-03-27T12:17:27.934Z] --- SERVER RESTARTED - ROUTES REGISTERED v1.0.6 ---
[2026-03-27T12:17:32.497Z] --- SERVER RESTARTED - ROUTES REGISTERED v1.0.6 ---
[2026-03-27T12:17:37.071Z] --- SERVER RESTARTED - ROUTES REGISTERED v1.0.6 ---
[2026-03-27T12:17:41.588Z] --- SERVER RESTARTED - ROUTES REGISTERED v1.0.6 ---
[2026-03-27T12:17:45.661Z] --- SERVER RESTARTED - ROUTES REGISTERED v1.0.6 ---
[2026-03-27T12:17:50.029Z] --- SERVER RESTARTED - ROUTES REGISTERED v1.0.6 ---
[2026-03-27T12:17:54.278Z] --- SERVER RESTARTED - ROUTES REGISTERED v1.0.6 ---
[2026-03-27T12:17:58.858Z] --- SERVER RESTARTED - ROUTES REGISTERED v1.0.6 ---
[2026-03-27T12:18:03.357Z] --- SERVER RESTARTED - ROUTES REGISTERED v1.0.6 ---
[2026-03-27T12:18:07.724Z] --- SERVER RESTARTED - ROUTES REGISTERED v1.0.6 ---
[2026-03-27T12:18:12.150Z] --- SERVER RESTARTED - ROUTES REGISTERED v1.0.6 ---
[2026-03-27T12:18:16.731Z] --- SERVER RESTARTED - ROUTES REGISTERED v1.0.6 ---
[2026-03-27T12:18:20.883Z] --- SERVER RESTARTED - ROUTES REGISTERED v1.0.6 ---
[2026-03-27T12:18:25.006Z] --- SERVER RESTARTED - ROUTES REGISTERED v1.0.6 ---
[2026-03-27T12:18:29.948Z] --- SERVER RESTARTED - ROUTES REGISTERED v1.0.6 ---
[2026-03-27T12:18:34.344Z] --- SERVER RESTARTED - ROUTES REGISTERED v1.0.6 ---
[2026-03-27T12:18:39.051Z] --- SERVER RESTARTED - ROUTES REGISTERED v1.0.6 ---
[2026-03-27T12:18:43.362Z] --- SERVER RESTARTED - ROUTES REGISTERED v1.0.6 ---
[2026-03-27T12:18:47.681Z] --- SERVER RESTARTED - ROUTES REGISTERED v1.0.6 ---
[2026-03-27T12:18:52.362Z] --- SERVER RESTARTED - ROUTES REGISTERED v1.0.6 ---
[2026-03-27T12:18:57.486Z] --- SERVER RESTARTED - ROUTES REGISTERED v1.0.6 ---
[2026-03-27T12:19:01.845Z] --- SERVER RESTARTED - ROUTES REGISTERED v1.0.6 ---
[2026-03-27T12:19:06.662Z] --- SERVER RESTARTED - ROUTES REGISTERED v1.0.6 ---
[2026-03-27T12:19:11.638Z] --- SERVER RESTARTED - ROUTES REGISTERED v1.0.6 ---
[2026-03-27T12:19:16.199Z] --- SERVER RESTARTED - ROUTES REGISTERED v1.0.6 ---
[2026-03-27T12:19:20.864Z] --- SERVER RESTARTED - ROUTES REGISTERED v1.0.6 ---
[2026-03-27T12:19:25.204Z] --- SERVER RESTARTED - ROUTES REGISTERED v1.0.6 ---
[2026-03-27T12:19:29.786Z] --- SERVER RESTARTED - ROUTES REGISTERED v1.0.6 ---
[2026-03-27T12:19:34.171Z] --- SERVER RESTARTED - ROUTES REGISTERED v1.0.6 ---
[2026-03-27T12:19:38.771Z] --- SERVER RESTARTED - ROUTES REGISTERED v1.0.6 ---
[2026-03-27T12:19:43.885Z] --- SERVER RESTARTED - ROUTES REGISTERED v1.0.6 ---
[2026-03-27T12:19:48.406Z] --- SERVER RESTARTED - ROUTES REGISTERED v1.0.6 ---
[2026-03-27T12:19:53.089Z] --- SERVER RESTARTED - ROUTES REGISTERED v1.0.6 ---
[2026-03-27T12:19:57.293Z] --- SERVER RESTARTED - ROUTES REGISTERED v1.0.6 ---
[2026-03-27T12:20:01.615Z] --- SERVER RESTARTED - ROUTES REGISTERED v1.0.6 ---
[2026-03-27T12:20:06.078Z] --- SERVER RESTARTED - ROUTES REGISTERED v1.0.6 ---
[2026-03-27T12:20:11.014Z] --- SERVER RESTARTED - ROUTES REGISTERED v1.0.6 ---
[2026-03-27T12:20:15.383Z] --- SERVER RESTARTED - ROUTES REGISTERED v1.0.6 ---
[2026-03-27T12:20:19.529Z] --- SERVER RESTARTED - ROUTES REGISTERED v1.0.6 ---
[2026-03-27T12:20:23.793Z] --- SERVER RESTARTED - ROUTES REGISTERED v1.0.6 ---
[2026-03-27T12:20:28.456Z] --- SERVER RESTARTED - ROUTES REGISTERED v1.0.6 ---
[2026-03-27T12:20:32.925Z] --- SERVER RESTARTED - ROUTES REGISTERED v1.0.6 ---
[2026-03-27T12:20:37.156Z] --- SERVER RESTARTED - ROUTES REGISTERED v1.0.6 ---
[2026-03-27T12:20:41.723Z] --- SERVER RESTARTED - ROUTES REGISTERED v1.0.6 ---
[2026-03-27T12:20:45.944Z] --- SERVER RESTARTED - ROUTES REGISTERED v1.0.6 ---
[2026-03-27T12:20:50.193Z] --- SERVER RESTARTED - ROUTES REGISTERED v1.0.6 ---
[2026-03-27T12:20:56.049Z] --- SERVER RESTARTED - ROUTES REGISTERED v1.0.6 ---
[2026-03-27T12:21:00.707Z] --- SERVER RESTARTED - ROUTES REGISTERED v1.0.6 ---
[2026-03-27T12:21:05.082Z] --- SERVER RESTARTED - ROUTES REGISTERED v1.0.6 ---
[2026-03-27T12:21:10.068Z] --- SERVER RESTARTED - ROUTES REGISTERED v1.0.6 ---
[2026-03-27T12:21:14.182Z] --- SERVER RESTARTED - ROUTES REGISTERED v1.0.6 ---
[2026-03-27T12:21:18.302Z] --- SERVER RESTARTED - ROUTES REGISTERED v1.0.6 ---
[2026-03-27T12:21:23.006Z] --- SERVER RESTARTED - ROUTES REGISTERED v1.0.6 ---
[2026-03-27T12:21:27.750Z] --- SERVER RESTARTED - ROUTES REGISTERED v1.0.6 ---
[2026-03-27T12:21:31.983Z] --- SERVER RESTARTED - ROUTES REGISTERED v1.0.6 ---
[2026-03-27T12:21:36.444Z] --- SERVER RESTARTED - ROUTES REGISTERED v1.0.6 ---
[2026-03-27T12:21:41.180Z] --- SERVER RESTARTED - ROUTES REGISTERED v1.0.6 ---
[2026-03-27T12:21:45.786Z] --- SERVER RESTARTED - ROUTES REGISTERED v1.0.6 ---
[2026-03-27T12:21:50.008Z] --- SERVER RESTARTED - ROUTES REGISTERED v1.0.6 ---
[2026-03-27T12:21:54.301Z] --- SERVER RESTARTED - ROUTES REGISTERED v1.0.6 ---
[2026-03-27T12:21:58.905Z] --- SERVER RESTARTED - ROUTES REGISTERED v1.0.6 ---
[2026-03-27T12:22:03.413Z] --- SERVER RESTARTED - ROUTES REGISTERED v1.0.6 ---
[2026-03-27T12:22:07.892Z] --- SERVER RESTARTED - ROUTES REGISTERED v1.0.6 ---
[2026-03-27T12:22:12.291Z] --- SERVER RESTARTED - ROUTES REGISTERED v1.0.6 ---
[2026-03-27T12:22:16.645Z] --- SERVER RESTARTED - ROUTES REGISTERED v1.0.6 ---
[2026-03-27T12:22:20.799Z] --- SERVER RESTARTED - ROUTES REGISTERED v1.0.6 ---
[2026-03-27T12:22:25.291Z] --- SERVER RESTARTED - ROUTES REGISTERED v1.0.6 ---
[2026-03-27T12:22:30.264Z] --- SERVER RESTARTED - ROUTES REGISTERED v1.0.6 ---
[2026-03-27T12:22:35.119Z] --- SERVER RESTARTED - ROUTES REGISTERED v1.0.6 ---
[2026-03-27T12:22:39.946Z] --- SERVER RESTARTED - ROUTES REGISTERED v1.0.6 ---
[2026-03-27T12:22:44.465Z] --- SERVER RESTARTED - ROUTES REGISTERED v1.0.6 ---
[2026-03-27T12:22:49.214Z] --- SERVER RESTARTED - ROUTES REGISTERED v1.0.6 ---
[2026-03-27T12:22:54.559Z] --- SERVER RESTARTED - ROUTES REGISTERED v1.0.6 ---
[2026-03-27T12:22:59.067Z] --- SERVER RESTARTED - ROUTES REGISTERED v1.0.6 ---
[2026-03-27T12:23:03.750Z] --- SERVER RESTARTED - ROUTES REGISTERED v1.0.6 ---
[2026-03-27T12:23:08.182Z] --- SERVER RESTARTED - ROUTES REGISTERED v1.0.6 ---
[2026-03-27T12:23:12.417Z] --- SERVER RESTARTED - ROUTES REGISTERED v1.0.6 ---
[2026-03-27T12:23:16.647Z] --- SERVER RESTARTED - ROUTES REGISTERED v1.0.6 ---
[2026-03-27T12:23:22.043Z] --- SERVER RESTARTED - ROUTES REGISTERED v1.0.6 ---
[2026-03-27T12:23:27.576Z] --- SERVER RESTARTED - ROUTES REGISTERED v1.0.6 ---
[2026-03-27T12:23:32.788Z] --- SERVER RESTARTED - ROUTES REGISTERED v1.0.6 ---
[2026-03-27T12:23:37.412Z] --- SERVER RESTARTED - ROUTES REGISTERED v1.0.6 ---
[2026-03-27T12:23:42.017Z] --- SERVER RESTARTED - ROUTES REGISTERED v1.0.6 ---
[2026-03-27T12:23:46.805Z] --- SERVER RESTARTED - ROUTES REGISTERED v1.0.6 ---
[2026-03-27T12:23:51.087Z] --- SERVER RESTARTED - ROUTES REGISTERED v1.0.6 ---
[2026-03-27T12:23:55.330Z] --- SERVER RESTARTED - ROUTES REGISTERED v1.0.6 ---
[2026-03-27T12:24:00.417Z] --- SERVER RESTARTED - ROUTES REGISTERED v1.0.6 ---
[2026-03-27T12:24:05.257Z] --- SERVER RESTARTED - ROUTES REGISTERED v1.0.6 ---
[2026-03-27T12:24:10.073Z] --- SERVER RESTARTED - ROUTES REGISTERED v1.0.6 ---
[2026-03-27T12:24:14.380Z] --- SERVER RESTARTED - ROUTES REGISTERED v1.0.6 ---
[2026-03-27T12:24:18.661Z] --- SERVER RESTARTED - ROUTES REGISTERED v1.0.6 ---
[2026-03-27T12:24:22.873Z] --- SERVER RESTARTED - ROUTES REGISTERED v1.0.6 ---
[2026-03-27T12:24:27.690Z] --- SERVER RESTARTED - ROUTES REGISTERED v1.0.6 ---
[2026-03-27T12:24:31.937Z] --- SERVER RESTARTED - ROUTES REGISTERED v1.0.6 ---
[2026-03-27T12:24:36.290Z] --- SERVER RESTARTED - ROUTES REGISTERED v1.0.6 ---
[2026-03-27T12:24:40.908Z] --- SERVER RESTARTED - ROUTES REGISTERED v1.0.6 ---
[2026-03-27T12:24:45.960Z] --- SERVER RESTARTED - ROUTES REGISTERED v1.0.6 ---
[2026-03-27T12:24:50.227Z] --- SERVER RESTARTED - ROUTES REGISTERED v1.0.6 ---
[2026-03-27T12:24:54.838Z] --- SERVER RESTARTED - ROUTES REGISTERED v1.0.6 ---
[2026-03-27T12:24:59.418Z] --- SERVER RESTARTED - ROUTES REGISTERED v1.0.6 ---
[2026-03-27T12:25:04.022Z] --- SERVER RESTARTED - ROUTES REGISTERED v1.0.6 ---
[2026-03-27T12:25:08.871Z] --- SERVER RESTARTED - ROUTES REGISTERED v1.0.6 ---
[2026-03-27T12:25:13.614Z] --- SERVER RESTARTED - ROUTES REGISTERED v1.0.6 ---
[2026-03-27T12:25:17.911Z] --- SERVER RESTARTED - ROUTES REGISTERED v1.0.6 ---
[2026-03-27T12:25:23.064Z] --- SERVER RESTARTED - ROUTES REGISTERED v1.0.6 ---
[2026-03-27T12:25:27.615Z] --- SERVER RESTARTED - ROUTES REGISTERED v1.0.6 ---
[2026-03-27T12:25:32.042Z] --- SERVER RESTARTED - ROUTES REGISTERED v1.0.6 ---
[2026-03-27T12:25:36.830Z] --- SERVER RESTARTED - ROUTES REGISTERED v1.0.6 ---
[2026-03-27T12:25:41.255Z] --- SERVER RESTARTED - ROUTES REGISTERED v1.0.6 ---
[2026-03-27T12:25:45.993Z] --- SERVER RESTARTED - ROUTES REGISTERED v1.0.6 ---
[2026-03-27T12:25:50.424Z] --- SERVER RESTARTED - ROUTES REGISTERED v1.0.6 ---
[2026-03-27T12:25:55.106Z] --- SERVER RESTARTED - ROUTES REGISTERED v1.0.6 ---
[2026-03-27T12:25:59.501Z] --- SERVER RESTARTED - ROUTES REGISTERED v1.0.6 ---
[2026-03-27T12:26:03.800Z] --- SERVER RESTARTED - ROUTES REGISTERED v1.0.6 ---
[2026-03-27T12:26:08.285Z] --- SERVER RESTARTED - ROUTES REGISTERED v1.0.6 ---
[2026-03-27T12:26:12.584Z] --- SERVER RESTARTED - ROUTES REGISTERED v1.0.6 ---
[2026-03-27T12:26:16.905Z] --- SERVER RESTARTED - ROUTES REGISTERED v1.0.6 ---
[2026-03-27T12:26:21.145Z] --- SERVER RESTARTED - ROUTES REGISTERED v1.0.6 ---
[2026-03-27T12:26:25.544Z] --- SERVER RESTARTED - ROUTES REGISTERED v1.0.6 ---
[2026-03-27T12:26:30.667Z] --- SERVER RESTARTED - ROUTES REGISTERED v1.0.6 ---
[2026-03-27T12:26:35.087Z] --- SERVER RESTARTED - ROUTES REGISTERED v1.0.6 ---
[2026-03-27T12:26:39.418Z] --- SERVER RESTARTED - ROUTES REGISTERED v1.0.6 ---
[2026-03-27T12:26:44.024Z] --- SERVER RESTARTED - ROUTES REGISTERED v1.0.6 ---
[2026-03-27T12:26:48.625Z] --- SERVER RESTARTED - ROUTES REGISTERED v1.0.6 ---
[2026-03-27T12:26:53.572Z] --- SERVER RESTARTED - ROUTES REGISTERED v1.0.6 ---
[2026-03-27T12:26:57.917Z] --- SERVER RESTARTED - ROUTES REGISTERED v1.0.6 ---
[2026-03-27T12:27:02.204Z] --- SERVER RESTARTED - ROUTES REGISTERED v1.0.6 ---
[2026-03-27T12:27:06.682Z] --- SERVER RESTARTED - ROUTES REGISTERED v1.0.6 ---
[2026-03-27T12:27:10.832Z] --- SERVER RESTARTED - ROUTES REGISTERED v1.0.6 ---
[2026-03-27T12:27:14.996Z] --- SERVER RESTARTED - ROUTES REGISTERED v1.0.6 ---
[2026-03-27T12:27:19.054Z] --- SERVER RESTARTED - ROUTES REGISTERED v1.0.6 ---
[2026-03-27T12:27:24.289Z] --- SERVER RESTARTED - ROUTES REGISTERED v1.0.6 ---
[2026-03-27T12:27:28.776Z] --- SERVER RESTARTED - ROUTES REGISTERED v1.0.6 ---
[2026-03-27T12:27:32.981Z] --- SERVER RESTARTED - ROUTES REGISTERED v1.0.6 ---
[2026-03-27T12:27:37.641Z] --- SERVER RESTARTED - ROUTES REGISTERED v1.0.6 ---
[2026-03-27T12:27:42.127Z] --- SERVER RESTARTED - ROUTES REGISTERED v1.0.6 ---
[2026-03-27T12:27:46.763Z] --- SERVER RESTARTED - ROUTES REGISTERED v1.0.6 ---
[2026-03-27T12:27:51.106Z] --- SERVER RESTARTED - ROUTES REGISTERED v1.0.6 ---
[2026-03-27T12:27:55.405Z] --- SERVER RESTARTED - ROUTES REGISTERED v1.0.6 ---
[2026-03-27T12:27:59.733Z] --- SERVER RESTARTED - ROUTES REGISTERED v1.0.6 ---
[2026-03-27T12:28:03.958Z] --- SERVER RESTARTED - ROUTES REGISTERED v1.0.6 ---
[2026-03-27T12:28:08.483Z] --- SERVER RESTARTED - ROUTES REGISTERED v1.0.6 ---
[2026-03-27T12:28:12.716Z] --- SERVER RESTARTED - ROUTES REGISTERED v1.0.6 ---
[2026-03-27T12:28:17.523Z] --- SERVER RESTARTED - ROUTES REGISTERED v1.0.6 ---
[2026-03-27T12:28:22.062Z] --- SERVER RESTARTED - ROUTES REGISTERED v1.0.6 ---
[2026-03-27T12:28:26.437Z] --- SERVER RESTARTED - ROUTES REGISTERED v1.0.6 ---
[2026-03-27T12:28:31.064Z] --- SERVER RESTARTED - ROUTES REGISTERED v1.0.6 ---
[2026-03-27T12:28:35.981Z] --- SERVER RESTARTED - ROUTES REGISTERED v1.0.6 ---
[2026-03-27T12:28:40.516Z] --- SERVER RESTARTED - ROUTES REGISTERED v1.0.6 ---
[2026-03-27T12:28:44.934Z] --- SERVER RESTARTED - ROUTES REGISTERED v1.0.6 ---
[2026-03-27T12:28:49.308Z] --- SERVER RESTARTED - ROUTES REGISTERED v1.0.6 ---
[2026-03-27T12:28:53.529Z] --- SERVER RESTARTED - ROUTES REGISTERED v1.0.6 ---
[2026-03-27T12:28:58.260Z] --- SERVER RESTARTED - ROUTES REGISTERED v1.0.6 ---
[2026-03-27T12:29:02.794Z] --- SERVER RESTARTED - ROUTES REGISTERED v1.0.6 ---
[2026-03-27T12:29:07.161Z] --- SERVER RESTARTED - ROUTES REGISTERED v1.0.6 ---
[2026-03-27T12:29:11.307Z] --- SERVER RESTARTED - ROUTES REGISTERED v1.0.6 ---
[2026-03-27T12:29:15.496Z] --- SERVER RESTARTED - ROUTES REGISTERED v1.0.6 ---
[2026-03-27T12:29:19.819Z] --- SERVER RESTARTED - ROUTES REGISTERED v1.0.6 ---
[2026-03-27T12:29:24.684Z] --- SERVER RESTARTED - ROUTES REGISTERED v1.0.6 ---
[2026-03-27T12:29:29.155Z] --- SERVER RESTARTED - ROUTES REGISTERED v1.0.6 ---
[2026-03-27T12:29:33.882Z] --- SERVER RESTARTED - ROUTES REGISTERED v1.0.6 ---
[2026-03-27T12:29:38.452Z] --- SERVER RESTARTED - ROUTES REGISTERED v1.0.6 ---
[2026-03-27T12:29:43.151Z] --- SERVER RESTARTED - ROUTES REGISTERED v1.0.6 ---
[2026-03-27T12:29:47.476Z] --- SERVER RESTARTED - ROUTES REGISTERED v1.0.6 ---
[2026-03-27T12:29:52.098Z] --- SERVER RESTARTED - ROUTES REGISTERED v1.0.6 ---
[2026-03-27T12:29:56.510Z] --- SERVER RESTARTED - ROUTES REGISTERED v1.0.6 ---
[2026-03-27T12:30:00.829Z] --- SERVER RESTARTED - ROUTES REGISTERED v1.0.6 ---
[2026-03-27T12:30:06.180Z] --- SERVER RESTARTED - ROUTES REGISTERED v1.0.6 ---
[2026-03-27T12:30:10.574Z] --- SERVER RESTARTED - ROUTES REGISTERED v1.0.6 ---
[2026-03-27T12:30:14.854Z] --- SERVER RESTARTED - ROUTES REGISTERED v1.0.6 ---
[2026-03-27T12:30:19.288Z] --- SERVER RESTARTED - ROUTES REGISTERED v1.0.6 ---
[2026-03-27T12:30:23.675Z] --- SERVER RESTARTED - ROUTES REGISTERED v1.0.6 ---
[2026-03-27T12:30:28.835Z] --- SERVER RESTARTED - ROUTES REGISTERED v1.0.6 ---
[2026-03-27T12:30:33.185Z] --- SERVER RESTARTED - ROUTES REGISTERED v1.0.6 ---
[2026-03-27T12:30:37.637Z] --- SERVER RESTARTED - ROUTES REGISTERED v1.0.6 ---
[2026-03-27T12:30:42.333Z] --- SERVER RESTARTED - ROUTES REGISTERED v1.0.6 ---
[2026-03-27T12:30:46.498Z] --- SERVER RESTARTED - ROUTES REGISTERED v1.0.6 ---
[2026-03-27T12:30:51.177Z] --- SERVER RESTARTED - ROUTES REGISTERED v1.0.6 ---
[2026-03-27T12:30:55.973Z] --- SERVER RESTARTED - ROUTES REGISTERED v1.0.6 ---
[2026-03-27T12:31:00.151Z] --- SERVER RESTARTED - ROUTES REGISTERED v1.0.6 ---
[2026-03-27T12:31:04.494Z] --- SERVER RESTARTED - ROUTES REGISTERED v1.0.6 ---
[2026-03-27T12:31:09.630Z] --- SERVER RESTARTED - ROUTES REGISTERED v1.0.6 ---
[2026-03-27T12:31:14.273Z] --- SERVER RESTARTED - ROUTES REGISTERED v1.0.6 ---
[2026-03-27T12:31:18.629Z] --- SERVER RESTARTED - ROUTES REGISTERED v1.0.6 ---
[2026-03-27T12:31:22.809Z] --- SERVER RESTARTED - ROUTES REGISTERED v1.0.6 ---
[2026-03-27T12:31:28.538Z] --- SERVER RESTARTED - ROUTES REGISTERED v1.0.6 ---
[2026-03-27T12:31:33.508Z] --- SERVER RESTARTED - ROUTES REGISTERED v1.0.6 ---
[2026-03-27T12:31:38.627Z] --- SERVER RESTARTED - ROUTES REGISTERED v1.0.6 ---
[2026-03-27T12:31:42.993Z] --- SERVER RESTARTED - ROUTES REGISTERED v1.0.6 ---
[2026-03-27T12:31:47.385Z] --- SERVER RESTARTED - ROUTES REGISTERED v1.0.6 ---
[2026-03-27T12:31:51.890Z] --- SERVER RESTARTED - ROUTES REGISTERED v1.0.6 ---
[2026-03-27T12:31:56.302Z] --- SERVER RESTARTED - ROUTES REGISTERED v1.0.6 ---
[2026-03-27T12:32:00.882Z] --- SERVER RESTARTED - ROUTES REGISTERED v1.0.6 ---
[2026-03-27T12:32:05.639Z] --- SERVER RESTARTED - ROUTES REGISTERED v1.0.6 ---
[2026-03-27T12:32:10.136Z] --- SERVER RESTARTED - ROUTES REGISTERED v1.0.6 ---
[2026-03-27T12:32:14.681Z] --- SERVER RESTARTED - ROUTES REGISTERED v1.0.6 ---
[2026-03-27T12:32:18.877Z] --- SERVER RESTARTED - ROUTES REGISTERED v1.0.6 ---
[2026-03-27T12:32:23.588Z] --- SERVER RESTARTED - ROUTES REGISTERED v1.0.6 ---
[2026-03-27T12:32:28.053Z] --- SERVER RESTARTED - ROUTES REGISTERED v1.0.6 ---
[2026-03-27T12:32:32.292Z] --- SERVER RESTARTED - ROUTES REGISTERED v1.0.6 ---
[2026-03-27T12:32:36.707Z] --- SERVER RESTARTED - ROUTES REGISTERED v1.0.6 ---
[2026-03-27T12:32:41.187Z] --- SERVER RESTARTED - ROUTES REGISTERED v1.0.6 ---
[2026-03-27T12:32:45.503Z] --- SERVER RESTARTED - ROUTES REGISTERED v1.0.6 ---
[2026-03-27T12:32:49.710Z] --- SERVER RESTARTED - ROUTES REGISTERED v1.0.6 ---
[2026-03-27T12:32:54.701Z] --- SERVER RESTARTED - ROUTES REGISTERED v1.0.6 ---
[2026-03-27T12:32:59.885Z] --- SERVER RESTARTED - ROUTES REGISTERED v1.0.6 ---
[2026-03-27T12:33:04.553Z] --- SERVER RESTARTED - ROUTES REGISTERED v1.0.6 ---
[2026-03-27T12:33:09.590Z] --- SERVER RESTARTED - ROUTES REGISTERED v1.0.6 ---
[2026-03-27T12:33:14.467Z] --- SERVER RESTARTED - ROUTES REGISTERED v1.0.6 ---
[2026-03-27T12:33:19.351Z] --- SERVER RESTARTED - ROUTES REGISTERED v1.0.6 ---
[2026-03-27T12:33:23.920Z] --- SERVER RESTARTED - ROUTES REGISTERED v1.0.6 ---
[2026-03-27T12:33:29.348Z] --- SERVER RESTARTED - ROUTES REGISTERED v1.0.6 ---
[2026-03-27T12:33:34.111Z] --- SERVER RESTARTED - ROUTES REGISTERED v1.0.6 ---
[2026-03-27T12:33:38.600Z] --- SERVER RESTARTED - ROUTES REGISTERED v1.0.6 ---
[2026-03-27T12:33:42.981Z] --- SERVER RESTARTED - ROUTES REGISTERED v1.0.6 ---
[2026-03-27T12:33:48.182Z] --- SERVER RESTARTED - ROUTES REGISTERED v1.0.6 ---
[2026-03-27T12:33:53.322Z] --- SERVER RESTARTED - ROUTES REGISTERED v1.0.6 ---
[2026-03-27T12:33:57.583Z] --- SERVER RESTARTED - ROUTES REGISTERED v1.0.6 ---
[2026-03-27T12:34:02.045Z] --- SERVER RESTARTED - ROUTES REGISTERED v1.0.6 ---
[2026-03-27T12:34:06.574Z] --- SERVER RESTARTED - ROUTES REGISTERED v1.0.6 ---
[2026-03-27T12:34:11.182Z] --- SERVER RESTARTED - ROUTES REGISTERED v1.0.6 ---
[2026-03-27T12:34:15.508Z] --- SERVER RESTARTED - ROUTES REGISTERED v1.0.6 ---
[2026-03-27T12:34:20.008Z] --- SERVER RESTARTED - ROUTES REGISTERED v1.0.6 ---
[2026-03-27T12:34:24.927Z] --- SERVER RESTARTED - ROUTES REGISTERED v1.0.6 ---
[2026-03-27T12:34:29.604Z] --- SERVER RESTARTED - ROUTES REGISTERED v1.0.6 ---
[2026-03-27T12:34:33.950Z] --- SERVER RESTARTED - ROUTES REGISTERED v1.0.6 ---
[2026-03-27T12:34:38.399Z] --- SERVER RESTARTED - ROUTES REGISTERED v1.0.6 ---
[2026-03-27T12:34:43.379Z] --- SERVER RESTARTED - ROUTES REGISTERED v1.0.6 ---
[2026-03-27T12:34:48.940Z] --- SERVER RESTARTED - ROUTES REGISTERED v1.0.6 ---
[2026-03-27T12:34:54.526Z] --- SERVER RESTARTED - ROUTES REGISTERED v1.0.6 ---
[2026-03-27T12:35:00.175Z] --- SERVER RESTARTED - ROUTES REGISTERED v1.0.6 ---
[2026-03-27T12:35:05.190Z] --- SERVER RESTARTED - ROUTES REGISTERED v1.0.6 ---
[2026-03-27T12:35:09.918Z] --- SERVER RESTARTED - ROUTES REGISTERED v1.0.6 ---
[2026-03-27T12:35:14.540Z] --- SERVER RESTARTED - ROUTES REGISTERED v1.0.6 ---
[2026-03-27T12:35:19.168Z] --- SERVER RESTARTED - ROUTES REGISTERED v1.0.6 ---
[2026-03-27T12:35:23.923Z] --- SERVER RESTARTED - ROUTES REGISTERED v1.0.6 ---
[2026-03-27T12:35:29.246Z] --- SERVER RESTARTED - ROUTES REGISTERED v1.0.6 ---
[2026-03-27T12:35:34.019Z] --- SERVER RESTARTED - ROUTES REGISTERED v1.0.6 ---
[2026-03-27T12:35:38.161Z] --- SERVER RESTARTED - ROUTES REGISTERED v1.0.6 ---
[2026-03-27T12:35:42.324Z] --- SERVER RESTARTED - ROUTES REGISTERED v1.0.6 ---
[2026-03-27T12:35:46.751Z] --- SERVER RESTARTED - ROUTES REGISTERED v1.0.6 ---
[2026-03-27T12:35:51.342Z] --- SERVER RESTARTED - ROUTES REGISTERED v1.0.6 ---
[2026-03-27T12:35:55.627Z] --- SERVER RESTARTED - ROUTES REGISTERED v1.0.6 ---
[2026-03-27T12:36:00.186Z] --- SERVER RESTARTED - ROUTES REGISTERED v1.0.6 ---
[2026-03-27T12:36:04.533Z] --- SERVER RESTARTED - ROUTES REGISTERED v1.0.6 ---
[2026-03-27T12:36:09.303Z] --- SERVER RESTARTED - ROUTES REGISTERED v1.0.6 ---
[2026-03-27T12:36:13.459Z] --- SERVER RESTARTED - ROUTES REGISTERED v1.0.6 ---
[2026-03-27T12:36:17.840Z] --- SERVER RESTARTED - ROUTES REGISTERED v1.0.6 ---
[2026-03-27T12:36:22.617Z] --- SERVER RESTARTED - ROUTES REGISTERED v1.0.6 ---
[2026-03-27T12:36:26.997Z] --- SERVER RESTARTED - ROUTES REGISTERED v1.0.6 ---
[2026-03-27T12:36:31.481Z] --- SERVER RESTARTED - ROUTES REGISTERED v1.0.6 ---
[2026-03-27T12:36:36.770Z] --- SERVER RESTARTED - ROUTES REGISTERED v1.0.6 ---
[2026-03-27T12:36:41.364Z] --- SERVER RESTARTED - ROUTES REGISTERED v1.0.6 ---
[2026-03-27T12:36:45.923Z] --- SERVER RESTARTED - ROUTES REGISTERED v1.0.6 ---
[2026-03-27T12:36:50.147Z] --- SERVER RESTARTED - ROUTES REGISTERED v1.0.6 ---
[2026-03-27T12:36:54.744Z] --- SERVER RESTARTED - ROUTES REGISTERED v1.0.6 ---
[2026-03-27T12:37:00.389Z] --- SERVER RESTARTED - ROUTES REGISTERED v1.0.6 ---
[2026-03-27T12:37:06.228Z] --- SERVER RESTARTED - ROUTES REGISTERED v1.0.6 ---
[2026-03-27T12:37:10.783Z] --- SERVER RESTARTED - ROUTES REGISTERED v1.0.6 ---
[2026-03-27T12:37:14.984Z] --- SERVER RESTARTED - ROUTES REGISTERED v1.0.6 ---
[2026-03-27T12:37:19.581Z] --- SERVER RESTARTED - ROUTES REGISTERED v1.0.6 ---
[2026-03-27T12:37:23.986Z] --- SERVER RESTARTED - ROUTES REGISTERED v1.0.6 ---
[2026-03-27T12:37:28.929Z] --- SERVER RESTARTED - ROUTES REGISTERED v1.0.6 ---
[2026-03-27T12:37:33.186Z] --- SERVER RESTARTED - ROUTES REGISTERED v1.0.6 ---
[2026-03-27T12:37:37.594Z] --- SERVER RESTARTED - ROUTES REGISTERED v1.0.6 ---
[2026-03-27T12:37:42.144Z] --- SERVER RESTARTED - ROUTES REGISTERED v1.0.6 ---
[2026-03-27T12:37:47.204Z] --- SERVER RESTARTED - ROUTES REGISTERED v1.0.6 ---
[2026-03-27T12:37:51.825Z] --- SERVER RESTARTED - ROUTES REGISTERED v1.0.6 ---
[2026-03-27T12:37:56.233Z] --- SERVER RESTARTED - ROUTES REGISTERED v1.0.6 ---
[2026-03-27T12:38:00.778Z] --- SERVER RESTARTED - ROUTES REGISTERED v1.0.6 ---
[2026-03-27T12:38:05.308Z] --- SERVER RESTARTED - ROUTES REGISTERED v1.0.6 ---
[2026-03-27T12:38:09.751Z] --- SERVER RESTARTED - ROUTES REGISTERED v1.0.6 ---
[2026-03-27T12:38:14.151Z] --- SERVER RESTARTED - ROUTES REGISTERED v1.0.6 ---
[2026-03-27T12:38:18.300Z] --- SERVER RESTARTED - ROUTES REGISTERED v1.0.6 ---
[2026-03-27T12:38:22.854Z] --- SERVER RESTARTED - ROUTES REGISTERED v1.0.6 ---
[2026-03-27T12:38:27.576Z] --- SERVER RESTARTED - ROUTES REGISTERED v1.0.6 ---
[2026-03-27T12:38:31.797Z] --- SERVER RESTARTED - ROUTES REGISTERED v1.0.6 ---
[2026-03-27T12:38:36.115Z] --- SERVER RESTARTED - ROUTES REGISTERED v1.0.6 ---
[2026-03-27T12:38:40.828Z] --- SERVER RESTARTED - ROUTES REGISTERED v1.0.6 ---
[2026-03-27T12:38:45.180Z] --- SERVER RESTARTED - ROUTES REGISTERED v1.0.6 ---
[2026-03-27T12:38:49.482Z] --- SERVER RESTARTED - ROUTES REGISTERED v1.0.6 ---
[2026-03-27T12:38:54.032Z] --- SERVER RESTARTED - ROUTES REGISTERED v1.0.6 ---
[2026-03-27T12:38:59.557Z] --- SERVER RESTARTED - ROUTES REGISTERED v1.0.6 ---
[2026-03-27T12:39:04.214Z] --- SERVER RESTARTED - ROUTES REGISTERED v1.0.6 ---
[2026-03-27T12:39:08.757Z] --- SERVER RESTARTED - ROUTES REGISTERED v1.0.6 ---
[2026-03-27T12:39:13.404Z] --- SERVER RESTARTED - ROUTES REGISTERED v1.0.6 ---
[2026-03-27T12:39:17.930Z] --- SERVER RESTARTED - ROUTES REGISTERED v1.0.6 ---
[2026-03-27T12:39:22.394Z] --- SERVER RESTARTED - ROUTES REGISTERED v1.0.6 ---
[2026-03-27T12:39:27.546Z] --- SERVER RESTARTED - ROUTES REGISTERED v1.0.6 ---
[2026-03-27T12:39:31.706Z] --- SERVER RESTARTED - ROUTES REGISTERED v1.0.6 ---
[2026-03-27T12:39:35.996Z] --- SERVER RESTARTED - ROUTES REGISTERED v1.0.6 ---
[2026-03-27T12:39:40.312Z] --- SERVER RESTARTED - ROUTES REGISTERED v1.0.6 ---
[2026-03-27T12:39:45.079Z] --- SERVER RESTARTED - ROUTES REGISTERED v1.0.6 ---
[2026-03-27T12:39:49.334Z] --- SERVER RESTARTED - ROUTES REGISTERED v1.0.6 ---
[2026-03-27T12:39:53.648Z] --- SERVER RESTARTED - ROUTES REGISTERED v1.0.6 ---
[2026-03-27T12:39:57.953Z] --- SERVER RESTARTED - ROUTES REGISTERED v1.0.6 ---
[2026-03-27T12:40:02.463Z] --- SERVER RESTARTED - ROUTES REGISTERED v1.0.6 ---
[2026-03-27T12:40:07.066Z] --- SERVER RESTARTED - ROUTES REGISTERED v1.0.6 ---
[2026-03-27T12:40:11.484Z] --- SERVER RESTARTED - ROUTES REGISTERED v1.0.6 ---
[2026-03-27T12:40:16.152Z] --- SERVER RESTARTED - ROUTES REGISTERED v1.0.6 ---
[2026-03-27T12:40:20.389Z] --- SERVER RESTARTED - ROUTES REGISTERED v1.0.6 ---
[2026-03-27T12:40:24.666Z] --- SERVER RESTARTED - ROUTES REGISTERED v1.0.6 ---
[2026-03-27T12:40:29.409Z] --- SERVER RESTARTED - ROUTES REGISTERED v1.0.6 ---
[2026-03-27T12:40:33.971Z] --- SERVER RESTARTED - ROUTES REGISTERED v1.0.6 ---
[2026-03-27T12:40:38.730Z] --- SERVER RESTARTED - ROUTES REGISTERED v1.0.6 ---
[2026-03-27T12:40:43.848Z] --- SERVER RESTARTED - ROUTES REGISTERED v1.0.6 ---
[2026-03-27T12:40:48.281Z] --- SERVER RESTARTED - ROUTES REGISTERED v1.0.6 ---
[2026-03-27T12:40:52.864Z] --- SERVER RESTARTED - ROUTES REGISTERED v1.0.6 ---
[2026-03-27T12:40:57.805Z] --- SERVER RESTARTED - ROUTES REGISTERED v1.0.6 ---
[2026-03-27T12:41:02.421Z] --- SERVER RESTARTED - ROUTES REGISTERED v1.0.6 ---
[2026-03-27T12:41:07.156Z] --- SERVER RESTARTED - ROUTES REGISTERED v1.0.6 ---
[2026-03-27T12:41:11.898Z] --- SERVER RESTARTED - ROUTES REGISTERED v1.0.6 ---
[2026-03-27T12:41:16.692Z] --- SERVER RESTARTED - ROUTES REGISTERED v1.0.6 ---
[2026-03-27T12:41:20.844Z] --- SERVER RESTARTED - ROUTES REGISTERED v1.0.6 ---
[2026-03-27T12:41:24.891Z] --- SERVER RESTARTED - ROUTES REGISTERED v1.0.6 ---
[2026-03-27T12:41:29.893Z] --- SERVER RESTARTED - ROUTES REGISTERED v1.0.6 ---
[2026-03-27T12:41:34.220Z] --- SERVER RESTARTED - ROUTES REGISTERED v1.0.6 ---
[2026-03-27T12:41:38.228Z] --- SERVER RESTARTED - ROUTES REGISTERED v1.0.6 ---
[2026-03-27T12:41:42.661Z] --- SERVER RESTARTED - ROUTES REGISTERED v1.0.6 ---
[2026-03-27T12:41:46.941Z] --- SERVER RESTARTED - ROUTES REGISTERED v1.0.6 ---
[2026-03-27T12:41:51.431Z] --- SERVER RESTARTED - ROUTES REGISTERED v1.0.6 ---
[2026-03-27T12:41:56.656Z] --- SERVER RESTARTED - ROUTES REGISTERED v1.0.6 ---
[2026-03-27T12:42:01.775Z] --- SERVER RESTARTED - ROUTES REGISTERED v1.0.6 ---
[2026-03-27T12:42:06.414Z] --- SERVER RESTARTED - ROUTES REGISTERED v1.0.6 ---
[2026-03-27T12:42:10.835Z] --- SERVER RESTARTED - ROUTES REGISTERED v1.0.6 ---
[2026-03-27T12:42:15.110Z] --- SERVER RESTARTED - ROUTES REGISTERED v1.0.6 ---
[2026-03-27T12:42:19.467Z] --- SERVER RESTARTED - ROUTES REGISTERED v1.0.6 ---
[2026-03-27T12:42:25.640Z] --- SERVER RESTARTED - ROUTES REGISTERED v1.0.6 ---
[2026-03-27T12:42:30.704Z] --- SERVER RESTARTED - ROUTES REGISTERED v1.0.6 ---
[2026-03-27T12:42:35.499Z] --- SERVER RESTARTED - ROUTES REGISTERED v1.0.6 ---
[2026-03-27T12:42:40.077Z] --- SERVER RESTARTED - ROUTES REGISTERED v1.0.6 ---
[2026-03-27T12:42:45.041Z] --- SERVER RESTARTED - ROUTES REGISTERED v1.0.6 ---
[2026-03-27T12:42:49.496Z] --- SERVER RESTARTED - ROUTES REGISTERED v1.0.6 ---
[2026-03-27T12:42:56.276Z] --- SERVER RESTARTED - ROUTES REGISTERED v1.0.6 ---
[2026-03-27T12:43:01.922Z] --- SERVER RESTARTED - ROUTES REGISTERED v1.0.6 ---
[2026-03-27T12:43:06.626Z] --- SERVER RESTARTED - ROUTES REGISTERED v1.0.6 ---
[2026-03-27T12:43:11.333Z] --- SERVER RESTARTED - ROUTES REGISTERED v1.0.6 ---
[2026-03-27T12:43:15.831Z] --- SERVER RESTARTED - ROUTES REGISTERED v1.0.6 ---
[2026-03-27T12:43:20.465Z] --- SERVER RESTARTED - ROUTES REGISTERED v1.0.6 ---
[2026-03-27T12:43:25.416Z] --- SERVER RESTARTED - ROUTES REGISTERED v1.0.6 ---
[2026-03-27T12:43:30.378Z] --- SERVER RESTARTED - ROUTES REGISTERED v1.0.6 ---
[2026-03-27T12:43:35.285Z] --- SERVER RESTARTED - ROUTES REGISTERED v1.0.6 ---
[2026-03-27T12:43:41.329Z] --- SERVER RESTARTED - ROUTES REGISTERED v1.0.6 ---
[2026-03-27T12:43:46.982Z] --- SERVER RESTARTED - ROUTES REGISTERED v1.0.6 ---
[2026-03-27T12:43:52.122Z] --- SERVER RESTARTED - ROUTES REGISTERED v1.0.6 ---
[2026-03-27T12:43:56.902Z] --- SERVER RESTARTED - ROUTES REGISTERED v1.0.6 ---
[2026-03-27T12:44:01.206Z] --- SERVER RESTARTED - ROUTES REGISTERED v1.0.6 ---
[2026-03-27T12:44:06.183Z] --- SERVER RESTARTED - ROUTES REGISTERED v1.0.6 ---
[2026-03-27T12:44:10.818Z] --- SERVER RESTARTED - ROUTES REGISTERED v1.0.6 ---
[2026-03-27T12:44:15.329Z] --- SERVER RESTARTED - ROUTES REGISTERED v1.0.6 ---
[2026-03-27T12:44:19.662Z] --- SERVER RESTARTED - ROUTES REGISTERED v1.0.6 ---
[2026-03-27T12:44:24.364Z] --- SERVER RESTARTED - ROUTES REGISTERED v1.0.6 ---
[2026-03-27T12:44:29.469Z] --- SERVER RESTARTED - ROUTES REGISTERED v1.0.6 ---
[2026-03-27T12:44:34.161Z] --- SERVER RESTARTED - ROUTES REGISTERED v1.0.6 ---
[2026-03-27T12:44:38.976Z] --- SERVER RESTARTED - ROUTES REGISTERED v1.0.6 ---
[2026-03-27T12:44:44.085Z] --- SERVER RESTARTED - ROUTES REGISTERED v1.0.6 ---
[2026-03-27T12:44:48.576Z] --- SERVER RESTARTED - ROUTES REGISTERED v1.0.6 ---
[2026-03-27T12:44:53.716Z] --- SERVER RESTARTED - ROUTES REGISTERED v1.0.6 ---
[2026-03-27T12:44:58.645Z] --- SERVER RESTARTED - ROUTES REGISTERED v1.0.6 ---
[2026-03-27T12:45:03.395Z] --- SERVER RESTARTED - ROUTES REGISTERED v1.0.6 ---
[2026-03-27T12:45:08.332Z] --- SERVER RESTARTED - ROUTES REGISTERED v1.0.6 ---
[2026-03-27T12:45:12.788Z] --- SERVER RESTARTED - ROUTES REGISTERED v1.0.6 ---
[2026-03-27T12:45:17.773Z] --- SERVER RESTARTED - ROUTES REGISTERED v1.0.6 ---
[2026-03-27T12:45:22.157Z] --- SERVER RESTARTED - ROUTES REGISTERED v1.0.6 ---
[2026-03-27T12:45:26.540Z] --- SERVER RESTARTED - ROUTES REGISTERED v1.0.6 ---
[2026-03-27T12:45:31.426Z] --- SERVER RESTARTED - ROUTES REGISTERED v1.0.6 ---
[2026-03-27T12:45:35.602Z] --- SERVER RESTARTED - ROUTES REGISTERED v1.0.6 ---
[2026-03-27T12:45:40.164Z] --- SERVER RESTARTED - ROUTES REGISTERED v1.0.6 ---
[2026-03-27T12:45:44.788Z] --- SERVER RESTARTED - ROUTES REGISTERED v1.0.6 ---
[2026-03-27T12:45:48.985Z] --- SERVER RESTARTED - ROUTES REGISTERED v1.0.6 ---
[2026-03-27T12:45:53.590Z] --- SERVER RESTARTED - ROUTES REGISTERED v1.0.6 ---
[2026-03-27T12:45:57.894Z] --- SERVER RESTARTED - ROUTES REGISTERED v1.0.6 ---
[2026-03-27T12:46:02.953Z] --- SERVER RESTARTED - ROUTES REGISTERED v1.0.6 ---
[2026-03-27T12:46:07.934Z] --- SERVER RESTARTED - ROUTES REGISTERED v1.0.6 ---
[2026-03-27T12:46:12.371Z] --- SERVER RESTARTED - ROUTES REGISTERED v1.0.6 ---
[2026-03-27T12:46:16.817Z] --- SERVER RESTARTED - ROUTES REGISTERED v1.0.6 ---
[2026-03-27T12:46:21.014Z] --- SERVER RESTARTED - ROUTES REGISTERED v1.0.6 ---
[2026-03-27T12:46:25.629Z] --- SERVER RESTARTED - ROUTES REGISTERED v1.0.6 ---
[2026-03-27T12:46:30.910Z] --- SERVER RESTARTED - ROUTES REGISTERED v1.0.6 ---
[2026-03-27T12:46:35.466Z] --- SERVER RESTARTED - ROUTES REGISTERED v1.0.6 ---
[2026-03-27T12:46:39.905Z] --- SERVER RESTARTED - ROUTES REGISTERED v1.0.6 ---
[2026-03-27T12:46:44.460Z] --- SERVER RESTARTED - ROUTES REGISTERED v1.0.6 ---
[2026-03-27T12:46:49.286Z] --- SERVER RESTARTED - ROUTES REGISTERED v1.0.6 ---
[2026-03-27T12:46:53.602Z] --- SERVER RESTARTED - ROUTES REGISTERED v1.0.6 ---
[2026-03-27T12:46:58.244Z] --- SERVER RESTARTED - ROUTES REGISTERED v1.0.6 ---
[2026-03-27T12:47:02.928Z] --- SERVER RESTARTED - ROUTES REGISTERED v1.0.6 ---
[2026-03-27T12:47:07.302Z] --- SERVER RESTARTED - ROUTES REGISTERED v1.0.6 ---
[2026-03-27T12:47:11.642Z] --- SERVER RESTARTED - ROUTES REGISTERED v1.0.6 ---
[2026-03-27T12:47:16.092Z] --- SERVER RESTARTED - ROUTES REGISTERED v1.0.6 ---
[2026-03-27T12:47:20.803Z] --- SERVER RESTARTED - ROUTES REGISTERED v1.0.6 ---
[2026-03-27T12:47:25.725Z] --- SERVER RESTARTED - ROUTES REGISTERED v1.0.6 ---
[2026-03-27T12:47:30.369Z] --- SERVER RESTARTED - ROUTES REGISTERED v1.0.6 ---
[2026-03-27T12:47:34.738Z] --- SERVER RESTARTED - ROUTES REGISTERED v1.0.6 ---
[2026-03-27T12:47:39.412Z] --- SERVER RESTARTED - ROUTES REGISTERED v1.0.6 ---
[2026-03-27T12:47:44.568Z] --- SERVER RESTARTED - ROUTES REGISTERED v1.0.6 ---
[2026-03-27T12:47:49.594Z] --- SERVER RESTARTED - ROUTES REGISTERED v1.0.6 ---
[2026-03-27T12:47:55.225Z] --- SERVER RESTARTED - ROUTES REGISTERED v1.0.6 ---
[2026-03-27T12:47:59.949Z] --- SERVER RESTARTED - ROUTES REGISTERED v1.0.6 ---
[2026-03-27T12:48:05.141Z] --- SERVER RESTARTED - ROUTES REGISTERED v1.0.6 ---
[2026-03-27T12:48:10.387Z] --- SERVER RESTARTED - ROUTES REGISTERED v1.0.6 ---
[2026-03-27T12:48:15.239Z] --- SERVER RESTARTED - ROUTES REGISTERED v1.0.6 ---
[2026-03-27T12:48:19.586Z] --- SERVER RESTARTED - ROUTES REGISTERED v1.0.6 ---
[2026-03-27T12:48:23.990Z] --- SERVER RESTARTED - ROUTES REGISTERED v1.0.6 ---
[2026-03-27T12:48:28.695Z] --- SERVER RESTARTED - ROUTES REGISTERED v1.0.6 ---
[2026-03-27T12:48:32.845Z] --- SERVER RESTARTED - ROUTES REGISTERED v1.0.6 ---
[2026-03-27T12:48:37.270Z] --- SERVER RESTARTED - ROUTES REGISTERED v1.0.6 ---
[2026-03-27T12:48:41.896Z] --- SERVER RESTARTED - ROUTES REGISTERED v1.0.6 ---
[2026-03-27T12:48:46.180Z] --- SERVER RESTARTED - ROUTES REGISTERED v1.0.6 ---
[2026-03-27T12:48:50.457Z] --- SERVER RESTARTED - ROUTES REGISTERED v1.0.6 ---
[2026-03-27T12:48:55.355Z] --- SERVER RESTARTED - ROUTES REGISTERED v1.0.6 ---
[2026-03-27T12:48:59.952Z] --- SERVER RESTARTED - ROUTES REGISTERED v1.0.6 ---
[2026-03-27T12:49:04.614Z] --- SERVER RESTARTED - ROUTES REGISTERED v1.0.6 ---
[2026-03-27T12:49:09.316Z] --- SERVER RESTARTED - ROUTES REGISTERED v1.0.6 ---
[2026-03-27T12:49:13.379Z] --- SERVER RESTARTED - ROUTES REGISTERED v1.0.6 ---
[2026-03-27T12:49:17.597Z] --- SERVER RESTARTED - ROUTES REGISTERED v1.0.6 ---
[2026-03-27T12:49:22.388Z] --- SERVER RESTARTED - ROUTES REGISTERED v1.0.6 ---
[2026-03-27T12:49:27.799Z] --- SERVER RESTARTED - ROUTES REGISTERED v1.0.6 ---
[2026-03-27T12:49:33.290Z] --- SERVER RESTARTED - ROUTES REGISTERED v1.0.6 ---
[2026-03-27T12:49:38.015Z] --- SERVER RESTARTED - ROUTES REGISTERED v1.0.6 ---
[2026-03-27T12:49:43.169Z] --- SERVER RESTARTED - ROUTES REGISTERED v1.0.6 ---
[2026-03-27T12:49:47.465Z] --- SERVER RESTARTED - ROUTES REGISTERED v1.0.6 ---
[2026-03-27T12:49:51.743Z] --- SERVER RESTARTED - ROUTES REGISTERED v1.0.6 ---
[2026-03-27T12:49:56.015Z] --- SERVER RESTARTED - ROUTES REGISTERED v1.0.6 ---
[2026-03-27T12:50:00.561Z] --- SERVER RESTARTED - ROUTES REGISTERED v1.0.6 ---
[2026-03-27T12:50:05.376Z] --- SERVER RESTARTED - ROUTES REGISTERED v1.0.6 ---
[2026-03-27T12:50:10.582Z] --- SERVER RESTARTED - ROUTES REGISTERED v1.0.6 ---
[2026-03-27T12:50:15.498Z] --- SERVER RESTARTED - ROUTES REGISTERED v1.0.6 ---
[2026-03-27T12:50:19.595Z] --- SERVER RESTARTED - ROUTES REGISTERED v1.0.6 ---
[2026-03-27T12:50:24.133Z] --- SERVER RESTARTED - ROUTES REGISTERED v1.0.6 ---
[2026-03-27T12:50:29.024Z] --- SERVER RESTARTED - ROUTES REGISTERED v1.0.6 ---
[2026-03-27T12:50:34.038Z] --- SERVER RESTARTED - ROUTES REGISTERED v1.0.6 ---
[2026-03-27T12:50:38.613Z] --- SERVER RESTARTED - ROUTES REGISTERED v1.0.6 ---
[2026-03-27T12:50:42.869Z] --- SERVER RESTARTED - ROUTES REGISTERED v1.0.6 ---
[2026-03-27T12:50:46.970Z] --- SERVER RESTARTED - ROUTES REGISTERED v1.0.6 ---
[2026-03-27T12:50:51.244Z] --- SERVER RESTARTED - ROUTES REGISTERED v1.0.6 ---
[2026-03-27T12:50:55.849Z] --- SERVER RESTARTED - ROUTES REGISTERED v1.0.6 ---
[2026-03-27T12:51:00.028Z] --- SERVER RESTARTED - ROUTES REGISTERED v1.0.6 ---
[2026-03-27T12:51:05.764Z] --- SERVER RESTARTED - ROUTES REGISTERED v1.0.6 ---
[2026-03-27T12:51:10.313Z] --- SERVER RESTARTED - ROUTES REGISTERED v1.0.6 ---
[2026-03-27T12:51:14.625Z] --- SERVER RESTARTED - ROUTES REGISTERED v1.0.6 ---
[2026-03-27T12:51:19.194Z] --- SERVER RESTARTED - ROUTES REGISTERED v1.0.6 ---
[2026-03-27T12:51:23.899Z] --- SERVER RESTARTED - ROUTES REGISTERED v1.0.6 ---
[2026-03-27T12:51:28.715Z] --- SERVER RESTARTED - ROUTES REGISTERED v1.0.6 ---
[2026-03-27T12:51:33.602Z] --- SERVER RESTARTED - ROUTES REGISTERED v1.0.6 ---
[2026-03-27T12:51:38.334Z] --- SERVER RESTARTED - ROUTES REGISTERED v1.0.6 ---
[2026-03-27T12:51:42.660Z] --- SERVER RESTARTED - ROUTES REGISTERED v1.0.6 ---
[2026-03-27T12:51:47.487Z] --- SERVER RESTARTED - ROUTES REGISTERED v1.0.6 ---
[2026-03-27T12:51:51.828Z] --- SERVER RESTARTED - ROUTES REGISTERED v1.0.6 ---
[2026-03-27T12:51:56.245Z] --- SERVER RESTARTED - ROUTES REGISTERED v1.0.6 ---
[2026-03-27T12:52:00.999Z] --- SERVER RESTARTED - ROUTES REGISTERED v1.0.6 ---
[2026-03-27T12:52:05.492Z] --- SERVER RESTARTED - ROUTES REGISTERED v1.0.6 ---
[2026-03-27T12:52:10.162Z] --- SERVER RESTARTED - ROUTES REGISTERED v1.0.6 ---
[2026-03-27T12:52:14.330Z] --- SERVER RESTARTED - ROUTES REGISTERED v1.0.6 ---
[2026-03-27T12:52:18.596Z] --- SERVER RESTARTED - ROUTES REGISTERED v1.0.6 ---
[2026-03-27T12:52:22.832Z] --- SERVER RESTARTED - ROUTES REGISTERED v1.0.6 ---
[2026-03-27T12:52:27.039Z] --- SERVER RESTARTED - ROUTES REGISTERED v1.0.6 ---
[2026-03-27T12:52:31.610Z] --- SERVER RESTARTED - ROUTES REGISTERED v1.0.6 ---
[2026-03-27T12:52:35.864Z] --- SERVER RESTARTED - ROUTES REGISTERED v1.0.6 ---
[2026-03-27T12:52:40.392Z] --- SERVER RESTARTED - ROUTES REGISTERED v1.0.6 ---
[2026-03-27T12:52:45.414Z] --- SERVER RESTARTED - ROUTES REGISTERED v1.0.6 ---
[2026-03-27T12:52:49.941Z] --- SERVER RESTARTED - ROUTES REGISTERED v1.0.6 ---
[2026-03-27T12:52:54.243Z] --- SERVER RESTARTED - ROUTES REGISTERED v1.0.6 ---
[2026-03-27T12:52:58.972Z] --- SERVER RESTARTED - ROUTES REGISTERED v1.0.6 ---
[2026-03-27T12:53:03.368Z] --- SERVER RESTARTED - ROUTES REGISTERED v1.0.6 ---
[2026-03-27T12:53:10.587Z] --- SERVER RESTARTED - ROUTES REGISTERED v1.0.6 ---
[2026-03-27T12:53:15.182Z] --- SERVER RESTARTED - ROUTES REGISTERED v1.0.6 ---
[2026-03-27T12:53:19.651Z] --- SERVER RESTARTED - ROUTES REGISTERED v1.0.6 ---
[2026-03-27T12:53:24.160Z] --- SERVER RESTARTED - ROUTES REGISTERED v1.0.6 ---
[2026-03-27T12:53:29.223Z] --- SERVER RESTARTED - ROUTES REGISTERED v1.0.6 ---
[2026-03-27T12:53:34.343Z] --- SERVER RESTARTED - ROUTES REGISTERED v1.0.6 ---
[2026-03-27T12:53:38.738Z] --- SERVER RESTARTED - ROUTES REGISTERED v1.0.6 ---
[2026-03-27T12:53:43.171Z] --- SERVER RESTARTED - ROUTES REGISTERED v1.0.6 ---
[2026-03-27T12:53:48.211Z] --- SERVER RESTARTED - ROUTES REGISTERED v1.0.6 ---
[2026-03-27T12:53:52.982Z] --- SERVER RESTARTED - ROUTES REGISTERED v1.0.6 ---
[2026-03-27T12:53:57.385Z] --- SERVER RESTARTED - ROUTES REGISTERED v1.0.6 ---
[2026-03-27T12:54:02.015Z] --- SERVER RESTARTED - ROUTES REGISTERED v1.0.6 ---
[2026-03-27T12:54:07.068Z] --- SERVER RESTARTED - ROUTES REGISTERED v1.0.6 ---
[2026-03-27T12:54:11.601Z] --- SERVER RESTARTED - ROUTES REGISTERED v1.0.6 ---
[2026-03-27T12:54:16.293Z] --- SERVER RESTARTED - ROUTES REGISTERED v1.0.6 ---
[2026-03-27T12:54:20.545Z] --- SERVER RESTARTED - ROUTES REGISTERED v1.0.6 ---
[2026-03-27T12:54:24.871Z] --- SERVER RESTARTED - ROUTES REGISTERED v1.0.6 ---
[2026-03-27T12:54:29.564Z] --- SERVER RESTARTED - ROUTES REGISTERED v1.0.6 ---
[2026-03-27T12:54:34.216Z] --- SERVER RESTARTED - ROUTES REGISTERED v1.0.6 ---
[2026-03-27T12:54:38.694Z] --- SERVER RESTARTED - ROUTES REGISTERED v1.0.6 ---
[2026-03-27T12:54:43.243Z] --- SERVER RESTARTED - ROUTES REGISTERED v1.0.6 ---
[2026-03-27T12:54:48.300Z] --- SERVER RESTARTED - ROUTES REGISTERED v1.0.6 ---
[2026-03-27T12:54:53.008Z] --- SERVER RESTARTED - ROUTES REGISTERED v1.0.6 ---
[2026-03-27T12:54:58.949Z] --- SERVER RESTARTED - ROUTES REGISTERED v1.0.6 ---
[2026-03-27T12:55:03.565Z] --- SERVER RESTARTED - ROUTES REGISTERED v1.0.6 ---
[2026-03-27T12:55:08.936Z] --- SERVER RESTARTED - ROUTES REGISTERED v1.0.6 ---
[2026-03-27T12:55:13.735Z] --- SERVER RESTARTED - ROUTES REGISTERED v1.0.6 ---
[2026-03-27T12:55:18.322Z] --- SERVER RESTARTED - ROUTES REGISTERED v1.0.6 ---
[2026-03-27T12:55:22.606Z] --- SERVER RESTARTED - ROUTES REGISTERED v1.0.6 ---
[2026-03-27T12:55:27.228Z] --- SERVER RESTARTED - ROUTES REGISTERED v1.0.6 ---
[2026-03-27T12:55:32.614Z] --- SERVER RESTARTED - ROUTES REGISTERED v1.0.6 ---
[2026-03-27T12:55:36.986Z] --- SERVER RESTARTED - ROUTES REGISTERED v1.0.6 ---
[2026-03-27T12:55:41.535Z] --- SERVER RESTARTED - ROUTES REGISTERED v1.0.6 ---
[2026-03-27T12:55:45.935Z] --- SERVER RESTARTED - ROUTES REGISTERED v1.0.6 ---
[2026-03-27T12:55:50.429Z] --- SERVER RESTARTED - ROUTES REGISTERED v1.0.6 ---
[2026-03-27T12:55:54.729Z] --- SERVER RESTARTED - ROUTES REGISTERED v1.0.6 ---
[2026-03-27T12:55:59.427Z] --- SERVER RESTARTED - ROUTES REGISTERED v1.0.6 ---
[2026-03-27T12:56:04.153Z] --- SERVER RESTARTED - ROUTES REGISTERED v1.0.6 ---
[2026-03-27T12:56:08.923Z] --- SERVER RESTARTED - ROUTES REGISTERED v1.0.6 ---
[2026-03-27T12:56:13.100Z] --- SERVER RESTARTED - ROUTES REGISTERED v1.0.6 ---
[2026-03-27T12:56:17.666Z] --- SERVER RESTARTED - ROUTES REGISTERED v1.0.6 ---
[2026-03-27T12:56:22.188Z] --- SERVER RESTARTED - ROUTES REGISTERED v1.0.6 ---
[2026-03-27T12:56:26.942Z] --- SERVER RESTARTED - ROUTES REGISTERED v1.0.6 ---
[2026-03-27T12:56:31.763Z] --- SERVER RESTARTED - ROUTES REGISTERED v1.0.6 ---
[2026-03-27T12:56:36.447Z] --- SERVER RESTARTED - ROUTES REGISTERED v1.0.6 ---
[2026-03-27T12:56:41.311Z] --- SERVER RESTARTED - ROUTES REGISTERED v1.0.6 ---
[2026-03-27T12:56:46.697Z] --- SERVER RESTARTED - ROUTES REGISTERED v1.0.6 ---
[2026-03-27T12:56:51.330Z] --- SERVER RESTARTED - ROUTES REGISTERED v1.0.6 ---
[2026-03-27T12:56:55.862Z] --- SERVER RESTARTED - ROUTES REGISTERED v1.0.6 ---
[2026-03-27T12:57:00.386Z] --- SERVER RESTARTED - ROUTES REGISTERED v1.0.6 ---
[2026-03-27T12:57:04.937Z] --- SERVER RESTARTED - ROUTES REGISTERED v1.0.6 ---
[2026-03-27T12:57:09.526Z] --- SERVER RESTARTED - ROUTES REGISTERED v1.0.6 ---
[2026-03-27T12:57:14.278Z] --- SERVER RESTARTED - ROUTES REGISTERED v1.0.6 ---
[2026-03-27T12:57:18.632Z] --- SERVER RESTARTED - ROUTES REGISTERED v1.0.6 ---
[2026-03-27T12:57:23.351Z] --- SERVER RESTARTED - ROUTES REGISTERED v1.0.6 ---
[2026-03-27T12:57:27.718Z] --- SERVER RESTARTED - ROUTES REGISTERED v1.0.6 ---
[2026-03-27T12:57:32.288Z] --- SERVER RESTARTED - ROUTES REGISTERED v1.0.6 ---
[2026-03-27T12:57:36.719Z] --- SERVER RESTARTED - ROUTES REGISTERED v1.0.6 ---
[2026-03-27T12:57:40.874Z] --- SERVER RESTARTED - ROUTES REGISTERED v1.0.6 ---
[2026-03-27T12:57:45.026Z] --- SERVER RESTARTED - ROUTES REGISTERED v1.0.6 ---
[2026-03-27T12:57:49.551Z] --- SERVER RESTARTED - ROUTES REGISTERED v1.0.6 ---
[2026-03-27T12:57:54.744Z] --- SERVER RESTARTED - ROUTES REGISTERED v1.0.6 ---
[2026-03-27T12:57:59.493Z] --- SERVER RESTARTED - ROUTES REGISTERED v1.0.6 ---
[2026-03-27T12:58:04.025Z] --- SERVER RESTARTED - ROUTES REGISTERED v1.0.6 ---
[2026-03-27T12:58:08.346Z] --- SERVER RESTARTED - ROUTES REGISTERED v1.0.6 ---
[2026-03-27T12:58:12.875Z] --- SERVER RESTARTED - ROUTES REGISTERED v1.0.6 ---
[2026-03-27T12:58:17.771Z] --- SERVER RESTARTED - ROUTES REGISTERED v1.0.6 ---
[2026-03-27T12:58:22.249Z] --- SERVER RESTARTED - ROUTES REGISTERED v1.0.6 ---
[2026-03-27T12:58:26.853Z] --- SERVER RESTARTED - ROUTES REGISTERED v1.0.6 ---
[2026-03-27T12:58:31.079Z] --- SERVER RESTARTED - ROUTES REGISTERED v1.0.6 ---
[2026-03-27T12:58:35.604Z] --- SERVER RESTARTED - ROUTES REGISTERED v1.0.6 ---
[2026-03-27T12:58:39.875Z] --- SERVER RESTARTED - ROUTES REGISTERED v1.0.6 ---
[2026-03-27T12:58:44.903Z] --- SERVER RESTARTED - ROUTES REGISTERED v1.0.6 ---
[2026-03-27T12:58:49.370Z] --- SERVER RESTARTED - ROUTES REGISTERED v1.0.6 ---
[2026-03-27T12:58:53.586Z] --- SERVER RESTARTED - ROUTES REGISTERED v1.0.6 ---
[2026-03-27T12:58:58.097Z] --- SERVER RESTARTED - ROUTES REGISTERED v1.0.6 ---
[2026-03-27T12:59:02.848Z] --- SERVER RESTARTED - ROUTES REGISTERED v1.0.6 ---
[2026-03-27T12:59:07.971Z] --- SERVER RESTARTED - ROUTES REGISTERED v1.0.6 ---
[2026-03-27T12:59:12.294Z] --- SERVER RESTARTED - ROUTES REGISTERED v1.0.6 ---
[2026-03-27T12:59:16.639Z] --- SERVER RESTARTED - ROUTES REGISTERED v1.0.6 ---
[2026-03-27T12:59:20.810Z] --- SERVER RESTARTED - ROUTES REGISTERED v1.0.6 ---
[2026-03-27T12:59:25.102Z] --- SERVER RESTARTED - ROUTES REGISTERED v1.0.6 ---
[2026-03-27T12:59:30.443Z] --- SERVER RESTARTED - ROUTES REGISTERED v1.0.6 ---
[2026-03-27T12:59:34.853Z] --- SERVER RESTARTED - ROUTES REGISTERED v1.0.6 ---
[2026-03-27T12:59:39.728Z] --- SERVER RESTARTED - ROUTES REGISTERED v1.0.6 ---
[2026-03-27T12:59:44.428Z] --- SERVER RESTARTED - ROUTES REGISTERED v1.0.6 ---
[2026-03-27T12:59:48.937Z] --- SERVER RESTARTED - ROUTES REGISTERED v1.0.6 ---
[2026-03-27T12:59:53.431Z] --- SERVER RESTARTED - ROUTES REGISTERED v1.0.6 ---
[2026-03-27T12:59:58.285Z] --- SERVER RESTARTED - ROUTES REGISTERED v1.0.6 ---
[2026-03-27T13:00:03.245Z] --- SERVER RESTARTED - ROUTES REGISTERED v1.0.6 ---
[2026-03-27T13:00:08.593Z] --- SERVER RESTARTED - ROUTES REGISTERED v1.0.6 ---
[2026-03-27T13:00:13.568Z] --- SERVER RESTARTED - ROUTES REGISTERED v1.0.6 ---
[2026-03-27T13:00:18.268Z] --- SERVER RESTARTED - ROUTES REGISTERED v1.0.6 ---
[2026-03-27T13:00:22.918Z] --- SERVER RESTARTED - ROUTES REGISTERED v1.0.6 ---
[2026-03-27T13:00:27.310Z] --- SERVER RESTARTED - ROUTES REGISTERED v1.0.6 ---
[2026-03-27T13:00:31.877Z] --- SERVER RESTARTED - ROUTES REGISTERED v1.0.6 ---
[2026-03-27T13:00:36.549Z] --- SERVER RESTARTED - ROUTES REGISTERED v1.0.6 ---
[2026-03-27T13:00:41.904Z] --- SERVER RESTARTED - ROUTES REGISTERED v1.0.6 ---
[2026-03-27T13:00:46.212Z] --- SERVER RESTARTED - ROUTES REGISTERED v1.0.6 ---
[2026-03-27T13:00:50.516Z] --- SERVER RESTARTED - ROUTES REGISTERED v1.0.6 ---
[2026-03-27T13:00:54.957Z] --- SERVER RESTARTED - ROUTES REGISTERED v1.0.6 ---
[2026-03-27T13:00:59.329Z] --- SERVER RESTARTED - ROUTES REGISTERED v1.0.6 ---
[2026-03-27T13:01:03.705Z] --- SERVER RESTARTED - ROUTES REGISTERED v1.0.6 ---
[2026-03-27T13:01:08.079Z] --- SERVER RESTARTED - ROUTES REGISTERED v1.0.6 ---
[2026-03-27T13:01:12.530Z] --- SERVER RESTARTED - ROUTES REGISTERED v1.0.6 ---
[2026-03-27T13:01:17.203Z] --- SERVER RESTARTED - ROUTES REGISTERED v1.0.6 ---
[2026-03-27T13:01:21.670Z] --- SERVER RESTARTED - ROUTES REGISTERED v1.0.6 ---
[2026-03-27T13:01:26.978Z] --- SERVER RESTARTED - ROUTES REGISTERED v1.0.6 ---
[2026-03-27T13:01:32.017Z] --- SERVER RESTARTED - ROUTES REGISTERED v1.0.6 ---
[2026-03-27T13:01:36.340Z] --- SERVER RESTARTED - ROUTES REGISTERED v1.0.6 ---
[2026-03-27T13:01:40.669Z] --- SERVER RESTARTED - ROUTES REGISTERED v1.0.6 ---
[2026-03-27T13:01:44.945Z] --- SERVER RESTARTED - ROUTES REGISTERED v1.0.6 ---
[2026-03-27T13:01:49.428Z] --- SERVER RESTARTED - ROUTES REGISTERED v1.0.6 ---
[2026-03-27T13:01:53.859Z] --- SERVER RESTARTED - ROUTES REGISTERED v1.0.6 ---
[2026-03-27T13:01:57.992Z] --- SERVER RESTARTED - ROUTES REGISTERED v1.0.6 ---
[2026-03-27T13:02:02.301Z] --- SERVER RESTARTED - ROUTES REGISTERED v1.0.6 ---
[2026-03-27T13:02:06.776Z] --- SERVER RESTARTED - ROUTES REGISTERED v1.0.6 ---
[2026-03-27T13:02:11.030Z] --- SERVER RESTARTED - ROUTES REGISTERED v1.0.6 ---
[2026-03-27T13:02:15.410Z] --- SERVER RESTARTED - ROUTES REGISTERED v1.0.6 ---
[2026-03-27T13:02:20.207Z] --- SERVER RESTARTED - ROUTES REGISTERED v1.0.6 ---
[2026-03-27T13:02:24.920Z] --- SERVER RESTARTED - ROUTES REGISTERED v1.0.6 ---
[2026-03-27T13:02:29.864Z] --- SERVER RESTARTED - ROUTES REGISTERED v1.0.6 ---
[2026-03-27T13:02:34.377Z] --- SERVER RESTARTED - ROUTES REGISTERED v1.0.6 ---
[2026-03-27T13:02:38.828Z] --- SERVER RESTARTED - ROUTES REGISTERED v1.0.6 ---
[2026-03-27T13:02:43.231Z] --- SERVER RESTARTED - ROUTES REGISTERED v1.0.6 ---
[2026-03-27T13:02:47.604Z] --- SERVER RESTARTED - ROUTES REGISTERED v1.0.6 ---
[2026-03-27T13:02:51.883Z] --- SERVER RESTARTED - ROUTES REGISTERED v1.0.6 ---
[2026-03-27T13:02:56.511Z] --- SERVER RESTARTED - ROUTES REGISTERED v1.0.6 ---
[2026-03-27T13:03:00.611Z] --- SERVER RESTARTED - ROUTES REGISTERED v1.0.6 ---
[2026-03-27T13:03:04.904Z] --- SERVER RESTARTED - ROUTES REGISTERED v1.0.6 ---
[2026-03-27T13:03:09.240Z] --- SERVER RESTARTED - ROUTES REGISTERED v1.0.6 ---
[2026-03-27T13:03:13.919Z] --- SERVER RESTARTED - ROUTES REGISTERED v1.0.6 ---
[2026-03-27T13:03:18.715Z] --- SERVER RESTARTED - ROUTES REGISTERED v1.0.6 ---
[2026-03-27T13:03:23.257Z] --- SERVER RESTARTED - ROUTES REGISTERED v1.0.6 ---
[2026-03-27T13:03:27.649Z] --- SERVER RESTARTED - ROUTES REGISTERED v1.0.6 ---
[2026-03-27T13:03:32.041Z] --- SERVER RESTARTED - ROUTES REGISTERED v1.0.6 ---
[2026-03-27T13:03:36.619Z] --- SERVER RESTARTED - ROUTES REGISTERED v1.0.6 ---
[2026-03-27T13:03:40.720Z] --- SERVER RESTARTED - ROUTES REGISTERED v1.0.6 ---
[2026-03-27T13:03:45.228Z] --- SERVER RESTARTED - ROUTES REGISTERED v1.0.6 ---
[2026-03-27T13:03:49.663Z] --- SERVER RESTARTED - ROUTES REGISTERED v1.0.6 ---
[2026-03-27T13:03:54.233Z] --- SERVER RESTARTED - ROUTES REGISTERED v1.0.6 ---
[2026-03-27T13:03:59.461Z] --- SERVER RESTARTED - ROUTES REGISTERED v1.0.6 ---
[2026-03-27T13:04:03.980Z] --- SERVER RESTARTED - ROUTES REGISTERED v1.0.6 ---
[2026-03-27T13:04:08.441Z] --- SERVER RESTARTED - ROUTES REGISTERED v1.0.6 ---
[2026-03-27T13:04:12.602Z] --- SERVER RESTARTED - ROUTES REGISTERED v1.0.6 ---
[2026-03-27T13:04:17.375Z] --- SERVER RESTARTED - ROUTES REGISTERED v1.0.6 ---
[2026-03-27T13:04:21.796Z] --- SERVER RESTARTED - ROUTES REGISTERED v1.0.6 ---
[2026-03-27T13:04:26.644Z] --- SERVER RESTARTED - ROUTES REGISTERED v1.0.6 ---
[2026-03-27T13:04:31.068Z] --- SERVER RESTARTED - ROUTES REGISTERED v1.0.6 ---
[2026-03-27T13:04:35.998Z] --- SERVER RESTARTED - ROUTES REGISTERED v1.0.6 ---
[2026-03-27T13:04:40.836Z] --- SERVER RESTARTED - ROUTES REGISTERED v1.0.6 ---
[2026-03-27T13:04:46.040Z] --- SERVER RESTARTED - ROUTES REGISTERED v1.0.6 ---
[2026-03-27T13:04:50.890Z] --- SERVER RESTARTED - ROUTES REGISTERED v1.0.6 ---
[2026-03-27T13:04:55.935Z] --- SERVER RESTARTED - ROUTES REGISTERED v1.0.6 ---
[2026-03-27T13:05:01.090Z] --- SERVER RESTARTED - ROUTES REGISTERED v1.0.6 ---
[2026-03-27T13:05:06.434Z] --- SERVER RESTARTED - ROUTES REGISTERED v1.0.6 ---
[2026-03-27T13:05:11.537Z] --- SERVER RESTARTED - ROUTES REGISTERED v1.0.6 ---
[2026-03-27T13:05:16.475Z] --- SERVER RESTARTED - ROUTES REGISTERED v1.0.6 ---
[2026-03-27T13:05:21.345Z] --- SERVER RESTARTED - ROUTES REGISTERED v1.0.6 ---
[2026-03-27T13:05:26.225Z] --- SERVER RESTARTED - ROUTES REGISTERED v1.0.6 ---
[2026-03-27T13:05:31.818Z] --- SERVER RESTARTED - ROUTES REGISTERED v1.0.6 ---
[2026-03-27T13:05:36.970Z] --- SERVER RESTARTED - ROUTES REGISTERED v1.0.6 ---
[2026-03-27T13:05:41.728Z] --- SERVER RESTARTED - ROUTES REGISTERED v1.0.6 ---
[2026-03-27T13:05:46.550Z] --- SERVER RESTARTED - ROUTES REGISTERED v1.0.6 ---
[2026-03-27T13:05:51.125Z] --- SERVER RESTARTED - ROUTES REGISTERED v1.0.6 ---
[2026-03-27T13:05:56.051Z] --- SERVER RESTARTED - ROUTES REGISTERED v1.0.6 ---
[2026-03-27T13:06:00.626Z] --- SERVER RESTARTED - ROUTES REGISTERED v1.0.6 ---
[2026-03-27T13:06:05.662Z] --- SERVER RESTARTED - ROUTES REGISTERED v1.0.6 ---
[2026-03-27T13:06:10.274Z] --- SERVER RESTARTED - ROUTES REGISTERED v1.0.6 ---
[2026-03-27T13:06:14.815Z] --- SERVER RESTARTED - ROUTES REGISTERED v1.0.6 ---
[2026-03-27T13:06:19.484Z] --- SERVER RESTARTED - ROUTES REGISTERED v1.0.6 ---
[2026-03-27T13:06:24.257Z] --- SERVER RESTARTED - ROUTES REGISTERED v1.0.6 ---
[2026-03-27T13:06:29.575Z] --- SERVER RESTARTED - ROUTES REGISTERED v1.0.6 ---
[2026-03-27T13:06:34.586Z] --- SERVER RESTARTED - ROUTES REGISTERED v1.0.6 ---
[2026-03-27T13:06:39.204Z] --- SERVER RESTARTED - ROUTES REGISTERED v1.0.6 ---
[2026-03-27T13:06:43.774Z] --- SERVER RESTARTED - ROUTES REGISTERED v1.0.6 ---
[2026-03-27T13:06:48.779Z] --- SERVER RESTARTED - ROUTES REGISTERED v1.0.6 ---
[2026-03-27T13:06:53.440Z] --- SERVER RESTARTED - ROUTES REGISTERED v1.0.6 ---
[2026-03-27T13:06:57.884Z] --- SERVER RESTARTED - ROUTES REGISTERED v1.0.6 ---
[2026-03-27T13:07:02.826Z] --- SERVER RESTARTED - ROUTES REGISTERED v1.0.6 ---
[2026-03-27T13:07:09.642Z] --- SERVER RESTARTED - ROUTES REGISTERED v1.0.6 ---
[2026-03-27T13:07:15.193Z] --- SERVER RESTARTED - ROUTES REGISTERED v1.0.6 ---
[2026-03-27T13:07:20.446Z] --- SERVER RESTARTED - ROUTES REGISTERED v1.0.6 ---
[2026-03-27T13:07:24.851Z] --- SERVER RESTARTED - ROUTES REGISTERED v1.0.6 ---
[2026-03-27T13:07:32.090Z] --- SERVER RESTARTED - ROUTES REGISTERED v1.0.6 ---
[2026-03-27T13:07:38.999Z] --- SERVER RESTARTED - ROUTES REGISTERED v1.0.6 ---
[2026-03-27T13:07:43.556Z] --- SERVER RESTARTED - ROUTES REGISTERED v1.0.6 ---
[2026-03-27T13:07:48.243Z] --- SERVER RESTARTED - ROUTES REGISTERED v1.0.6 ---
[2026-03-27T13:07:52.825Z] --- SERVER RESTARTED - ROUTES REGISTERED v1.0.6 ---
[2026-03-27T13:07:57.415Z] --- SERVER RESTARTED - ROUTES REGISTERED v1.0.6 ---
[2026-03-27T13:08:01.795Z] --- SERVER RESTARTED - ROUTES REGISTERED v1.0.6 ---
[2026-03-27T13:08:06.336Z] --- SERVER RESTARTED - ROUTES REGISTERED v1.0.6 ---
[2026-03-27T13:08:10.614Z] --- SERVER RESTARTED - ROUTES REGISTERED v1.0.6 ---
[2026-03-27T13:08:15.427Z] --- SERVER RESTARTED - ROUTES REGISTERED v1.0.6 ---
[2026-03-27T13:08:20.629Z] --- SERVER RESTARTED - ROUTES REGISTERED v1.0.6 ---
[2026-03-27T13:08:25.337Z] --- SERVER RESTARTED - ROUTES REGISTERED v1.0.6 ---
[2026-03-27T13:08:29.684Z] --- SERVER RESTARTED - ROUTES REGISTERED v1.0.6 ---
[2026-03-27T13:08:34.659Z] --- SERVER RESTARTED - ROUTES REGISTERED v1.0.6 ---
[2026-03-27T13:08:39.414Z] --- SERVER RESTARTED - ROUTES REGISTERED v1.0.6 ---
[2026-03-27T13:08:44.296Z] --- SERVER RESTARTED - ROUTES REGISTERED v1.0.6 ---
[2026-03-27T13:08:48.989Z] --- SERVER RESTARTED - ROUTES REGISTERED v1.0.6 ---
[2026-03-27T13:08:53.937Z] --- SERVER RESTARTED - ROUTES REGISTERED v1.0.6 ---
[2026-03-27T13:08:58.527Z] --- SERVER RESTARTED - ROUTES REGISTERED v1.0.6 ---
[2026-03-27T13:09:02.932Z] --- SERVER RESTARTED - ROUTES REGISTERED v1.0.6 ---
[2026-03-27T13:09:07.252Z] --- SERVER RESTARTED - ROUTES REGISTERED v1.0.6 ---
[2026-03-27T13:09:11.870Z] --- SERVER RESTARTED - ROUTES REGISTERED v1.0.6 ---
[2026-03-27T13:09:17.306Z] --- SERVER RESTARTED - ROUTES REGISTERED v1.0.6 ---
[2026-03-27T13:09:22.623Z] --- SERVER RESTARTED - ROUTES REGISTERED v1.0.6 ---
[2026-03-27T13:09:27.311Z] --- SERVER RESTARTED - ROUTES REGISTERED v1.0.6 ---
[2026-03-27T13:09:31.577Z] --- SERVER RESTARTED - ROUTES REGISTERED v1.0.6 ---
[2026-03-27T13:09:36.651Z] --- SERVER RESTARTED - ROUTES REGISTERED v1.0.6 ---
[2026-03-27T13:09:41.294Z] --- SERVER RESTARTED - ROUTES REGISTERED v1.0.6 ---
[2026-03-27T13:09:45.812Z] --- SERVER RESTARTED - ROUTES REGISTERED v1.0.6 ---
[2026-03-27T13:09:50.848Z] --- SERVER RESTARTED - ROUTES REGISTERED v1.0.6 ---
[2026-03-27T13:09:55.190Z] --- SERVER RESTARTED - ROUTES REGISTERED v1.0.6 ---
[2026-03-27T13:10:00.009Z] --- SERVER RESTARTED - ROUTES REGISTERED v1.0.6 ---
[2026-03-27T13:10:04.944Z] --- SERVER RESTARTED - ROUTES REGISTERED v1.0.6 ---
[2026-03-27T13:10:09.568Z] --- SERVER RESTARTED - ROUTES REGISTERED v1.0.6 ---
[2026-03-27T13:10:14.049Z] --- SERVER RESTARTED - ROUTES REGISTERED v1.0.6 ---
[2026-03-27T13:10:18.424Z] --- SERVER RESTARTED - ROUTES REGISTERED v1.0.6 ---
[2026-03-27T13:10:22.787Z] --- SERVER RESTARTED - ROUTES REGISTERED v1.0.6 ---
[2026-03-27T13:10:27.237Z] --- SERVER RESTARTED - ROUTES REGISTERED v1.0.6 ---
[2026-03-27T13:10:31.691Z] --- SERVER RESTARTED - ROUTES REGISTERED v1.0.6 ---
[2026-03-27T13:10:36.810Z] --- SERVER RESTARTED - ROUTES REGISTERED v1.0.6 ---
[2026-03-27T13:10:41.376Z] --- SERVER RESTARTED - ROUTES REGISTERED v1.0.6 ---
[2026-03-27T13:10:46.529Z] --- SERVER RESTARTED - ROUTES REGISTERED v1.0.6 ---
[2026-03-27T13:10:51.432Z] --- SERVER RESTARTED - ROUTES REGISTERED v1.0.6 ---
[2026-03-27T13:10:55.795Z] --- SERVER RESTARTED - ROUTES REGISTERED v1.0.6 ---
[2026-03-27T13:11:00.332Z] --- SERVER RESTARTED - ROUTES REGISTERED v1.0.6 ---
[2026-03-27T13:11:05.449Z] --- SERVER RESTARTED - ROUTES REGISTERED v1.0.6 ---
[2026-03-27T13:11:10.096Z] --- SERVER RESTARTED - ROUTES REGISTERED v1.0.6 ---
[2026-03-27T13:11:16.396Z] --- SERVER RESTARTED - ROUTES REGISTERED v1.0.6 ---
[2026-03-27T13:11:21.190Z] --- SERVER RESTARTED - ROUTES REGISTERED v1.0.6 ---
[2026-03-27T13:11:25.617Z] --- SERVER RESTARTED - ROUTES REGISTERED v1.0.6 ---
[2026-03-27T13:11:30.624Z] --- SERVER RESTARTED - ROUTES REGISTERED v1.0.6 ---
[2026-03-27T13:11:35.958Z] --- SERVER RESTARTED - ROUTES REGISTERED v1.0.6 ---
[2026-03-27T13:11:40.606Z] --- SERVER RESTARTED - ROUTES REGISTERED v1.0.6 ---
[2026-03-27T13:11:45.270Z] --- SERVER RESTARTED - ROUTES REGISTERED v1.0.6 ---
[2026-03-27T13:11:49.790Z] --- SERVER RESTARTED - ROUTES REGISTERED v1.0.6 ---
[2026-03-27T13:11:54.162Z] --- SERVER RESTARTED - ROUTES REGISTERED v1.0.6 ---
[2026-03-27T13:11:58.705Z] --- SERVER RESTARTED - ROUTES REGISTERED v1.0.6 ---
[2026-03-27T13:12:03.953Z] --- SERVER RESTARTED - ROUTES REGISTERED v1.0.6 ---
[2026-03-27T13:12:08.447Z] --- SERVER RESTARTED - ROUTES REGISTERED v1.0.6 ---
[2026-03-27T13:12:12.770Z] --- SERVER RESTARTED - ROUTES REGISTERED v1.0.6 ---
[2026-03-27T13:12:17.268Z] --- SERVER RESTARTED - ROUTES REGISTERED v1.0.6 ---
[2026-03-27T13:12:21.388Z] --- SERVER RESTARTED - ROUTES REGISTERED v1.0.6 ---
[2026-03-27T13:12:26.072Z] --- SERVER RESTARTED - ROUTES REGISTERED v1.0.6 ---
[2026-03-27T13:12:30.926Z] --- SERVER RESTARTED - ROUTES REGISTERED v1.0.6 ---
[2026-03-27T13:12:35.317Z] --- SERVER RESTARTED - ROUTES REGISTERED v1.0.6 ---
[2026-03-27T13:12:40.803Z] --- SERVER RESTARTED - ROUTES REGISTERED v1.0.6 ---
[2026-03-27T13:12:46.921Z] --- SERVER RESTARTED - ROUTES REGISTERED v1.0.6 ---
[2026-03-27T13:12:51.677Z] --- SERVER RESTARTED - ROUTES REGISTERED v1.0.6 ---
[2026-03-27T13:12:56.603Z] --- SERVER RESTARTED - ROUTES REGISTERED v1.0.6 ---
[2026-03-27T13:13:01.842Z] --- SERVER RESTARTED - ROUTES REGISTERED v1.0.6 ---
[2026-03-27T13:13:06.361Z] --- SERVER RESTARTED - ROUTES REGISTERED v1.0.6 ---
[2026-03-27T13:13:11.087Z] --- SERVER RESTARTED - ROUTES REGISTERED v1.0.6 ---
[2026-03-27T13:13:15.853Z] --- SERVER RESTARTED - ROUTES REGISTERED v1.0.6 ---
[2026-03-27T13:13:20.367Z] --- SERVER RESTARTED - ROUTES REGISTERED v1.0.6 ---
[2026-03-27T13:13:24.992Z] --- SERVER RESTARTED - ROUTES REGISTERED v1.0.6 ---
[2026-03-27T13:13:30.692Z] --- SERVER RESTARTED - ROUTES REGISTERED v1.0.6 ---
[2026-03-27T13:13:35.105Z] --- SERVER RESTARTED - ROUTES REGISTERED v1.0.6 ---
[2026-03-27T13:13:39.420Z] --- SERVER RESTARTED - ROUTES REGISTERED v1.0.6 ---
[2026-03-27T13:13:43.515Z] --- SERVER RESTARTED - ROUTES REGISTERED v1.0.6 ---
[2026-03-27T13:13:47.896Z] --- SERVER RESTARTED - ROUTES REGISTERED v1.0.6 ---
[2026-03-27T13:13:52.488Z] --- SERVER RESTARTED - ROUTES REGISTERED v1.0.6 ---
[2026-03-27T13:13:56.834Z] --- SERVER RESTARTED - ROUTES REGISTERED v1.0.6 ---
[2026-03-27T13:14:01.268Z] --- SERVER RESTARTED - ROUTES REGISTERED v1.0.6 ---
[2026-03-27T13:14:05.437Z] --- SERVER RESTARTED - ROUTES REGISTERED v1.0.6 ---
[2026-03-27T13:14:09.524Z] --- SERVER RESTARTED - ROUTES REGISTERED v1.0.6 ---
[2026-03-27T13:14:13.727Z] --- SERVER RESTARTED - ROUTES REGISTERED v1.0.6 ---
[2026-03-27T13:14:17.933Z] --- SERVER RESTARTED - ROUTES REGISTERED v1.0.6 ---
[2026-03-27T13:14:22.565Z] --- SERVER RESTARTED - ROUTES REGISTERED v1.0.6 ---
[2026-03-27T13:14:27.157Z] --- SERVER RESTARTED - ROUTES REGISTERED v1.0.6 ---
[2026-03-27T13:14:32.088Z] --- SERVER RESTARTED - ROUTES REGISTERED v1.0.6 ---
[2026-03-27T13:14:36.244Z] --- SERVER RESTARTED - ROUTES REGISTERED v1.0.6 ---
[2026-03-27T13:14:40.487Z] --- SERVER RESTARTED - ROUTES REGISTERED v1.0.6 ---
[2026-03-27T13:14:45.715Z] --- SERVER RESTARTED - ROUTES REGISTERED v1.0.6 ---
[2026-03-27T13:14:50.204Z] --- SERVER RESTARTED - ROUTES REGISTERED v1.0.6 ---
[2026-03-27T13:14:55.024Z] --- SERVER RESTARTED - ROUTES REGISTERED v1.0.6 ---
[2026-03-27T13:14:59.737Z] --- SERVER RESTARTED - ROUTES REGISTERED v1.0.6 ---
[2026-03-27T13:15:04.301Z] --- SERVER RESTARTED - ROUTES REGISTERED v1.0.6 ---
[2026-03-27T13:15:09.175Z] --- SERVER RESTARTED - ROUTES REGISTERED v1.0.6 ---
[2026-03-27T13:15:15.000Z] --- SERVER RESTARTED - ROUTES REGISTERED v1.0.6 ---
[2026-03-27T13:15:19.778Z] --- SERVER RESTARTED - ROUTES REGISTERED v1.0.6 ---
[2026-03-27T13:15:24.323Z] --- SERVER RESTARTED - ROUTES REGISTERED v1.0.6 ---
[2026-03-27T13:15:29.172Z] --- SERVER RESTARTED - ROUTES REGISTERED v1.0.6 ---
[2026-03-27T13:15:34.444Z] --- SERVER RESTARTED - ROUTES REGISTERED v1.0.6 ---
[2026-03-27T13:15:39.115Z] --- SERVER RESTARTED - ROUTES REGISTERED v1.0.6 ---
[2026-03-27T13:15:43.466Z] --- SERVER RESTARTED - ROUTES REGISTERED v1.0.6 ---
[2026-03-27T13:15:47.692Z] --- SERVER RESTARTED - ROUTES REGISTERED v1.0.6 ---
[2026-03-27T13:15:52.628Z] --- SERVER RESTARTED - ROUTES REGISTERED v1.0.6 ---
[2026-03-27T13:15:56.865Z] --- SERVER RESTARTED - ROUTES REGISTERED v1.0.6 ---
[2026-03-27T13:16:01.605Z] --- SERVER RESTARTED - ROUTES REGISTERED v1.0.6 ---
[2026-03-27T13:16:06.632Z] --- SERVER RESTARTED - ROUTES REGISTERED v1.0.6 ---
[2026-03-27T13:16:11.260Z] --- SERVER RESTARTED - ROUTES REGISTERED v1.0.6 ---
[2026-03-27T13:16:15.554Z] --- SERVER RESTARTED - ROUTES REGISTERED v1.0.6 ---
[2026-03-27T13:16:19.896Z] --- SERVER RESTARTED - ROUTES REGISTERED v1.0.6 ---
[2026-03-27T13:16:24.356Z] --- SERVER RESTARTED - ROUTES REGISTERED v1.0.6 ---
[2026-03-27T13:16:29.057Z] --- SERVER RESTARTED - ROUTES REGISTERED v1.0.6 ---
[2026-03-27T13:16:34.065Z] --- SERVER RESTARTED - ROUTES REGISTERED v1.0.6 ---
[2026-03-27T13:16:38.695Z] --- SERVER RESTARTED - ROUTES REGISTERED v1.0.6 ---
[2026-03-27T13:16:43.465Z] --- SERVER RESTARTED - ROUTES REGISTERED v1.0.6 ---
[2026-03-27T13:16:47.951Z] --- SERVER RESTARTED - ROUTES REGISTERED v1.0.6 ---
[2026-03-27T13:16:53.000Z] --- SERVER RESTARTED - ROUTES REGISTERED v1.0.6 ---
[2026-03-27T13:16:57.519Z] --- SERVER RESTARTED - ROUTES REGISTERED v1.0.6 ---
[2026-03-27T13:17:01.864Z] --- SERVER RESTARTED - ROUTES REGISTERED v1.0.6 ---
[2026-03-27T13:17:06.461Z] --- SERVER RESTARTED - ROUTES REGISTERED v1.0.6 ---
[2026-03-27T13:17:10.784Z] --- SERVER RESTARTED - ROUTES REGISTERED v1.0.6 ---
[2026-03-27T13:17:15.134Z] --- SERVER RESTARTED - ROUTES REGISTERED v1.0.6 ---
[2026-03-27T13:17:19.760Z] --- SERVER RESTARTED - ROUTES REGISTERED v1.0.6 ---
[2026-03-27T13:17:26.142Z] --- SERVER RESTARTED - ROUTES REGISTERED v1.0.6 ---
[2026-03-27T13:17:31.098Z] --- SERVER RESTARTED - ROUTES REGISTERED v1.0.6 ---
[2026-03-27T13:17:36.060Z] --- SERVER RESTARTED - ROUTES REGISTERED v1.0.6 ---
[2026-03-27T13:17:41.092Z] --- SERVER RESTARTED - ROUTES REGISTERED v1.0.6 ---
[2026-03-27T13:17:45.412Z] --- SERVER RESTARTED - ROUTES REGISTERED v1.0.6 ---
[2026-03-27T13:17:49.917Z] --- SERVER RESTARTED - ROUTES REGISTERED v1.0.6 ---
[2026-03-27T13:17:54.668Z] --- SERVER RESTARTED - ROUTES REGISTERED v1.0.6 ---
[2026-03-27T13:17:59.684Z] --- SERVER RESTARTED - ROUTES REGISTERED v1.0.6 ---
[2026-03-27T13:18:04.039Z] --- SERVER RESTARTED - ROUTES REGISTERED v1.0.6 ---
[2026-03-27T13:18:08.871Z] --- SERVER RESTARTED - ROUTES REGISTERED v1.0.6 ---
[2026-03-27T13:18:13.566Z] --- SERVER RESTARTED - ROUTES REGISTERED v1.0.6 ---
[2026-03-27T13:18:18.248Z] --- SERVER RESTARTED - ROUTES REGISTERED v1.0.6 ---
[2026-03-27T13:18:22.697Z] --- SERVER RESTARTED - ROUTES REGISTERED v1.0.6 ---
[2026-03-27T13:18:27.106Z] --- SERVER RESTARTED - ROUTES REGISTERED v1.0.6 ---
[2026-03-27T13:18:32.028Z] --- SERVER RESTARTED - ROUTES REGISTERED v1.0.6 ---
[2026-03-27T13:18:37.160Z] --- SERVER RESTARTED - ROUTES REGISTERED v1.0.6 ---
[2026-03-27T13:18:41.777Z] --- SERVER RESTARTED - ROUTES REGISTERED v1.0.6 ---
[2026-03-27T13:18:46.780Z] --- SERVER RESTARTED - ROUTES REGISTERED v1.0.6 ---
[2026-03-27T13:18:51.165Z] --- SERVER RESTARTED - ROUTES REGISTERED v1.0.6 ---
[2026-03-27T13:18:55.441Z] --- SERVER RESTARTED - ROUTES REGISTERED v1.0.6 ---
[2026-03-27T13:19:00.339Z] --- SERVER RESTARTED - ROUTES REGISTERED v1.0.6 ---
[2026-03-27T13:19:04.349Z] --- SERVER RESTARTED - ROUTES REGISTERED v1.0.6 ---
[2026-03-27T13:19:08.649Z] --- SERVER RESTARTED - ROUTES REGISTERED v1.0.6 ---
[2026-03-27T13:19:12.952Z] --- SERVER RESTARTED - ROUTES REGISTERED v1.0.6 ---
[2026-03-27T13:19:17.201Z] --- SERVER RESTARTED - ROUTES REGISTERED v1.0.6 ---
[2026-03-27T13:19:21.656Z] --- SERVER RESTARTED - ROUTES REGISTERED v1.0.6 ---
[2026-03-27T13:19:25.895Z] --- SERVER RESTARTED - ROUTES REGISTERED v1.0.6 ---
[2026-03-27T13:19:30.173Z] --- SERVER RESTARTED - ROUTES REGISTERED v1.0.6 ---
[2026-03-27T13:19:34.725Z] --- SERVER RESTARTED - ROUTES REGISTERED v1.0.6 ---
[2026-03-27T13:19:39.197Z] --- SERVER RESTARTED - ROUTES REGISTERED v1.0.6 ---
[2026-03-27T13:19:43.777Z] --- SERVER RESTARTED - ROUTES REGISTERED v1.0.6 ---
[2026-03-27T13:19:48.069Z] --- SERVER RESTARTED - ROUTES REGISTERED v1.0.6 ---
[2026-03-27T13:19:52.661Z] --- SERVER RESTARTED - ROUTES REGISTERED v1.0.6 ---
[2026-03-27T13:19:58.162Z] --- SERVER RESTARTED - ROUTES REGISTERED v1.0.6 ---
[2026-03-27T13:20:03.334Z] --- SERVER RESTARTED - ROUTES REGISTERED v1.0.6 ---
[2026-03-27T13:20:07.771Z] --- SERVER RESTARTED - ROUTES REGISTERED v1.0.6 ---
[2026-03-27T13:20:12.034Z] --- SERVER RESTARTED - ROUTES REGISTERED v1.0.6 ---
[2026-03-27T13:20:16.234Z] --- SERVER RESTARTED - ROUTES REGISTERED v1.0.6 ---
[2026-03-27T13:20:20.284Z] --- SERVER RESTARTED - ROUTES REGISTERED v1.0.6 ---
[2026-03-27T13:20:24.613Z] --- SERVER RESTARTED - ROUTES REGISTERED v1.0.6 ---
[2026-03-27T13:20:29.160Z] --- SERVER RESTARTED - ROUTES REGISTERED v1.0.6 ---
[2026-03-27T13:20:33.496Z] --- SERVER RESTARTED - ROUTES REGISTERED v1.0.6 ---
[2026-03-27T13:20:38.218Z] --- SERVER RESTARTED - ROUTES REGISTERED v1.0.6 ---
[2026-03-27T13:20:43.284Z] --- SERVER RESTARTED - ROUTES REGISTERED v1.0.6 ---
[2026-03-27T13:20:48.311Z] --- SERVER RESTARTED - ROUTES REGISTERED v1.0.6 ---
[2026-03-27T13:20:53.117Z] --- SERVER RESTARTED - ROUTES REGISTERED v1.0.6 ---
[2026-03-27T13:20:57.482Z] --- SERVER RESTARTED - ROUTES REGISTERED v1.0.6 ---
[2026-03-27T13:21:01.797Z] --- SERVER RESTARTED - ROUTES REGISTERED v1.0.6 ---
[2026-03-27T13:21:05.957Z] --- SERVER RESTARTED - ROUTES REGISTERED v1.0.6 ---
[2026-03-27T13:21:10.353Z] --- SERVER RESTARTED - ROUTES REGISTERED v1.0.6 ---
[2026-03-27T13:21:15.375Z] --- SERVER RESTARTED - ROUTES REGISTERED v1.0.6 ---
[2026-03-27T13:21:20.271Z] --- SERVER RESTARTED - ROUTES REGISTERED v1.0.6 ---
[2026-03-27T13:21:24.640Z] --- SERVER RESTARTED - ROUTES REGISTERED v1.0.6 ---
[2026-03-27T13:21:30.333Z] --- SERVER RESTARTED - ROUTES REGISTERED v1.0.6 ---
[2026-03-27T13:21:35.525Z] --- SERVER RESTARTED - ROUTES REGISTERED v1.0.6 ---
[2026-03-27T13:21:40.436Z] --- SERVER RESTARTED - ROUTES REGISTERED v1.0.6 ---
[2026-03-27T13:21:44.910Z] --- SERVER RESTARTED - ROUTES REGISTERED v1.0.6 ---
[2026-03-27T13:21:49.390Z] --- SERVER RESTARTED - ROUTES REGISTERED v1.0.6 ---
[2026-03-27T13:21:53.841Z] --- SERVER RESTARTED - ROUTES REGISTERED v1.0.6 ---
[2026-03-27T13:21:58.199Z] --- SERVER RESTARTED - ROUTES REGISTERED v1.0.6 ---
[2026-03-27T13:22:02.542Z] --- SERVER RESTARTED - ROUTES REGISTERED v1.0.6 ---
[2026-03-27T13:22:07.180Z] --- SERVER RESTARTED - ROUTES REGISTERED v1.0.6 ---
[2026-03-27T13:22:11.487Z] --- SERVER RESTARTED - ROUTES REGISTERED v1.0.6 ---
[2026-03-27T13:22:16.415Z] --- SERVER RESTARTED - ROUTES REGISTERED v1.0.6 ---
[2026-03-27T13:22:20.598Z] --- SERVER RESTARTED - ROUTES REGISTERED v1.0.6 ---
[2026-03-27T13:22:24.764Z] --- SERVER RESTARTED - ROUTES REGISTERED v1.0.6 ---
[2026-03-27T13:22:29.638Z] --- SERVER RESTARTED - ROUTES REGISTERED v1.0.6 ---
[2026-03-27T13:22:34.175Z] --- SERVER RESTARTED - ROUTES REGISTERED v1.0.6 ---
[2026-03-27T13:22:38.619Z] --- SERVER RESTARTED - ROUTES REGISTERED v1.0.6 ---
[2026-03-27T13:22:43.241Z] --- SERVER RESTARTED - ROUTES REGISTERED v1.0.6 ---
[2026-03-27T13:22:48.056Z] --- SERVER RESTARTED - ROUTES REGISTERED v1.0.6 ---
[2026-03-27T13:22:52.652Z] --- SERVER RESTARTED - ROUTES REGISTERED v1.0.6 ---
[2026-03-27T13:22:57.352Z] --- SERVER RESTARTED - ROUTES REGISTERED v1.0.6 ---
[2026-03-27T13:23:02.147Z] --- SERVER RESTARTED - ROUTES REGISTERED v1.0.6 ---
[2026-03-27T13:23:06.666Z] --- SERVER RESTARTED - ROUTES REGISTERED v1.0.6 ---
[2026-03-27T13:23:11.407Z] --- SERVER RESTARTED - ROUTES REGISTERED v1.0.6 ---
[2026-03-27T13:23:15.778Z] --- SERVER RESTARTED - ROUTES REGISTERED v1.0.6 ---
[2026-03-27T13:23:20.747Z] --- SERVER RESTARTED - ROUTES REGISTERED v1.0.6 ---
[2026-03-27T13:23:25.005Z] --- SERVER RESTARTED - ROUTES REGISTERED v1.0.6 ---
[2026-03-27T13:23:29.669Z] --- SERVER RESTARTED - ROUTES REGISTERED v1.0.6 ---
[2026-03-27T13:23:34.410Z] --- SERVER RESTARTED - ROUTES REGISTERED v1.0.6 ---
[2026-03-27T13:23:39.233Z] --- SERVER RESTARTED - ROUTES REGISTERED v1.0.6 ---
[2026-03-27T13:23:43.811Z] --- SERVER RESTARTED - ROUTES REGISTERED v1.0.6 ---
[2026-03-27T13:23:48.170Z] --- SERVER RESTARTED - ROUTES REGISTERED v1.0.6 ---
[2026-03-27T13:23:52.716Z] --- SERVER RESTARTED - ROUTES REGISTERED v1.0.6 ---
[2026-03-27T13:23:56.960Z] --- SERVER RESTARTED - ROUTES REGISTERED v1.0.6 ---
[2026-03-27T13:24:01.497Z] --- SERVER RESTARTED - ROUTES REGISTERED v1.0.6 ---
[2026-03-27T13:24:05.948Z] --- SERVER RESTARTED - ROUTES REGISTERED v1.0.6 ---
[2026-03-27T13:24:10.649Z] --- SERVER RESTARTED - ROUTES REGISTERED v1.0.6 ---
[2026-03-27T13:24:14.855Z] --- SERVER RESTARTED - ROUTES REGISTERED v1.0.6 ---
[2026-03-27T13:24:19.708Z] --- SERVER RESTARTED - ROUTES REGISTERED v1.0.6 ---
[2026-03-27T13:24:24.565Z] --- SERVER RESTARTED - ROUTES REGISTERED v1.0.6 ---
[2026-03-27T13:24:29.174Z] --- SERVER RESTARTED - ROUTES REGISTERED v1.0.6 ---
[2026-03-27T13:24:33.784Z] --- SERVER RESTARTED - ROUTES REGISTERED v1.0.6 ---
[2026-03-27T13:24:38.056Z] --- SERVER RESTARTED - ROUTES REGISTERED v1.0.6 ---
[2026-03-27T13:24:42.407Z] --- SERVER RESTARTED - ROUTES REGISTERED v1.0.6 ---
[2026-03-27T13:24:47.933Z] --- SERVER RESTARTED - ROUTES REGISTERED v1.0.6 ---
[2026-03-27T13:24:53.267Z] --- SERVER RESTARTED - ROUTES REGISTERED v1.0.6 ---
[2026-03-27T13:24:57.835Z] --- SERVER RESTARTED - ROUTES REGISTERED v1.0.6 ---
[2026-03-27T13:25:02.495Z] --- SERVER RESTARTED - ROUTES REGISTERED v1.0.6 ---
[2026-03-27T13:25:07.152Z] --- SERVER RESTARTED - ROUTES REGISTERED v1.0.6 ---
[2026-03-27T13:25:12.003Z] --- SERVER RESTARTED - ROUTES REGISTERED v1.0.6 ---
[2026-03-27T13:25:16.765Z] --- SERVER RESTARTED - ROUTES REGISTERED v1.0.6 ---
[2026-03-27T13:25:22.770Z] --- SERVER RESTARTED - ROUTES REGISTERED v1.0.6 ---
[2026-03-27T13:25:27.346Z] --- SERVER RESTARTED - ROUTES REGISTERED v1.0.6 ---
[2026-03-27T13:25:31.539Z] --- SERVER RESTARTED - ROUTES REGISTERED v1.0.6 ---
[2026-03-27T13:25:36.091Z] --- SERVER RESTARTED - ROUTES REGISTERED v1.0.6 ---
[2026-03-27T13:25:41.290Z] --- SERVER RESTARTED - ROUTES REGISTERED v1.0.6 ---
[2026-03-27T13:25:45.628Z] --- SERVER RESTARTED - ROUTES REGISTERED v1.0.6 ---
[2026-03-27T13:25:50.088Z] --- SERVER RESTARTED - ROUTES REGISTERED v1.0.6 ---
[2026-03-27T13:25:54.718Z] --- SERVER RESTARTED - ROUTES REGISTERED v1.0.6 ---
[2026-03-27T13:25:59.433Z] --- SERVER RESTARTED - ROUTES REGISTERED v1.0.6 ---
[2026-03-27T13:26:04.203Z] --- SERVER RESTARTED - ROUTES REGISTERED v1.0.6 ---
[2026-03-27T13:26:08.842Z] --- SERVER RESTARTED - ROUTES REGISTERED v1.0.6 ---
[2026-03-27T13:26:12.872Z] --- SERVER RESTARTED - ROUTES REGISTERED v1.0.6 ---
[2026-03-27T13:26:17.155Z] --- SERVER RESTARTED - ROUTES REGISTERED v1.0.6 ---
[2026-03-27T13:26:21.324Z] --- SERVER RESTARTED - ROUTES REGISTERED v1.0.6 ---
[2026-03-27T13:26:25.321Z] --- SERVER RESTARTED - ROUTES REGISTERED v1.0.6 ---
[2026-03-27T13:26:29.831Z] --- SERVER RESTARTED - ROUTES REGISTERED v1.0.6 ---
[2026-03-27T13:26:33.941Z] --- SERVER RESTARTED - ROUTES REGISTERED v1.0.6 ---
[2026-03-27T13:26:38.793Z] --- SERVER RESTARTED - ROUTES REGISTERED v1.0.6 ---
[2026-03-27T13:26:43.090Z] --- SERVER RESTARTED - ROUTES REGISTERED v1.0.6 ---
[2026-03-27T13:26:47.745Z] --- SERVER RESTARTED - ROUTES REGISTERED v1.0.6 ---
[2026-03-27T13:26:52.077Z] --- SERVER RESTARTED - ROUTES REGISTERED v1.0.6 ---
[2026-03-27T13:26:56.627Z] --- SERVER RESTARTED - ROUTES REGISTERED v1.0.6 ---
[2026-03-27T13:27:01.638Z] --- SERVER RESTARTED - ROUTES REGISTERED v1.0.6 ---
[2026-03-27T13:27:06.041Z] --- SERVER RESTARTED - ROUTES REGISTERED v1.0.6 ---
[2026-03-27T13:27:10.363Z] --- SERVER RESTARTED - ROUTES REGISTERED v1.0.6 ---
[2026-03-27T13:27:15.108Z] --- SERVER RESTARTED - ROUTES REGISTERED v1.0.6 ---
[2026-03-27T13:27:19.773Z] --- SERVER RESTARTED - ROUTES REGISTERED v1.0.6 ---
[2026-03-27T13:27:24.711Z] --- SERVER RESTARTED - ROUTES REGISTERED v1.0.6 ---
[2026-03-27T13:27:29.435Z] --- SERVER RESTARTED - ROUTES REGISTERED v1.0.6 ---
[2026-03-27T13:27:34.020Z] --- SERVER RESTARTED - ROUTES REGISTERED v1.0.6 ---
[2026-03-27T13:27:38.360Z] --- SERVER RESTARTED - ROUTES REGISTERED v1.0.6 ---
[2026-03-27T13:27:42.937Z] --- SERVER RESTARTED - ROUTES REGISTERED v1.0.6 ---
[2026-03-27T13:27:47.320Z] --- SERVER RESTARTED - ROUTES REGISTERED v1.0.6 ---
[2026-03-27T13:27:52.203Z] --- SERVER RESTARTED - ROUTES REGISTERED v1.0.6 ---
[2026-03-27T13:27:56.389Z] --- SERVER RESTARTED - ROUTES REGISTERED v1.0.6 ---
[2026-03-27T13:28:01.207Z] --- SERVER RESTARTED - ROUTES REGISTERED v1.0.6 ---
[2026-03-27T13:28:06.582Z] --- SERVER RESTARTED - ROUTES REGISTERED v1.0.6 ---
[2026-03-27T13:28:12.077Z] --- SERVER RESTARTED - ROUTES REGISTERED v1.0.6 ---
[2026-03-27T13:28:16.251Z] --- SERVER RESTARTED - ROUTES REGISTERED v1.0.6 ---
[2026-03-27T13:28:20.646Z] --- SERVER RESTARTED - ROUTES REGISTERED v1.0.6 ---
[2026-03-27T13:28:24.695Z] --- SERVER RESTARTED - ROUTES REGISTERED v1.0.6 ---
[2026-03-27T13:28:29.429Z] --- SERVER RESTARTED - ROUTES REGISTERED v1.0.6 ---
[2026-03-27T13:28:33.791Z] --- SERVER RESTARTED - ROUTES REGISTERED v1.0.6 ---
[2026-03-27T13:28:37.837Z] --- SERVER RESTARTED - ROUTES REGISTERED v1.0.6 ---
[2026-03-27T13:28:42.479Z] --- SERVER RESTARTED - ROUTES REGISTERED v1.0.6 ---
[2026-03-27T13:28:47.294Z] --- SERVER RESTARTED - ROUTES REGISTERED v1.0.6 ---
[2026-03-27T13:28:51.809Z] --- SERVER RESTARTED - ROUTES REGISTERED v1.0.6 ---
[2026-03-27T13:28:55.936Z] --- SERVER RESTARTED - ROUTES REGISTERED v1.0.6 ---
[2026-03-27T13:29:00.339Z] --- SERVER RESTARTED - ROUTES REGISTERED v1.0.6 ---
[2026-03-27T13:29:04.454Z] --- SERVER RESTARTED - ROUTES REGISTERED v1.0.6 ---
[2026-03-27T13:29:08.770Z] --- SERVER RESTARTED - ROUTES REGISTERED v1.0.6 ---
[2026-03-27T13:29:12.959Z] --- SERVER RESTARTED - ROUTES REGISTERED v1.0.6 ---
[2026-03-27T13:29:17.618Z] --- SERVER RESTARTED - ROUTES REGISTERED v1.0.6 ---
[2026-03-27T13:29:22.337Z] --- SERVER RESTARTED - ROUTES REGISTERED v1.0.6 ---
[2026-03-27T13:29:27.317Z] --- SERVER RESTARTED - ROUTES REGISTERED v1.0.6 ---
[2026-03-27T13:29:32.632Z] --- SERVER RESTARTED - ROUTES REGISTERED v1.0.6 ---
[2026-03-27T13:29:37.123Z] --- SERVER RESTARTED - ROUTES REGISTERED v1.0.6 ---
[2026-03-27T13:29:41.600Z] --- SERVER RESTARTED - ROUTES REGISTERED v1.0.6 ---
[2026-03-27T13:29:46.258Z] --- SERVER RESTARTED - ROUTES REGISTERED v1.0.6 ---
[2026-03-27T13:29:51.097Z] --- SERVER RESTARTED - ROUTES REGISTERED v1.0.6 ---
[2026-03-27T13:29:55.508Z] --- SERVER RESTARTED - ROUTES REGISTERED v1.0.6 ---
[2026-03-27T13:29:59.770Z] --- SERVER RESTARTED - ROUTES REGISTERED v1.0.6 ---
[2026-03-27T13:30:04.411Z] --- SERVER RESTARTED - ROUTES REGISTERED v1.0.6 ---
[2026-03-27T13:30:09.570Z] --- SERVER RESTARTED - ROUTES REGISTERED v1.0.6 ---
[2026-03-27T13:30:14.050Z] --- SERVER RESTARTED - ROUTES REGISTERED v1.0.6 ---
[2026-03-27T13:30:18.584Z] --- SERVER RESTARTED - ROUTES REGISTERED v1.0.6 ---
[2026-03-27T13:30:22.835Z] --- SERVER RESTARTED - ROUTES REGISTERED v1.0.6 ---
[2026-03-27T13:30:27.612Z] --- SERVER RESTARTED - ROUTES REGISTERED v1.0.6 ---
[2026-03-27T13:30:31.947Z] --- SERVER RESTARTED - ROUTES REGISTERED v1.0.6 ---
[2026-03-27T13:30:36.271Z] --- SERVER RESTARTED - ROUTES REGISTERED v1.0.6 ---
[2026-03-27T13:30:40.599Z] --- SERVER RESTARTED - ROUTES REGISTERED v1.0.6 ---
[2026-03-27T13:30:44.667Z] --- SERVER RESTARTED - ROUTES REGISTERED v1.0.6 ---
[2026-03-27T13:30:49.056Z] --- SERVER RESTARTED - ROUTES REGISTERED v1.0.6 ---
[2026-03-27T13:30:53.787Z] --- SERVER RESTARTED - ROUTES REGISTERED v1.0.6 ---
[2026-03-27T13:30:58.052Z] --- SERVER RESTARTED - ROUTES REGISTERED v1.0.6 ---
[2026-03-27T13:31:02.209Z] --- SERVER RESTARTED - ROUTES REGISTERED v1.0.6 ---
[2026-03-27T13:31:06.276Z] --- SERVER RESTARTED - ROUTES REGISTERED v1.0.6 ---
[2026-03-27T13:31:10.524Z] --- SERVER RESTARTED - ROUTES REGISTERED v1.0.6 ---
[2026-03-27T13:31:14.852Z] --- SERVER RESTARTED - ROUTES REGISTERED v1.0.6 ---
[2026-03-27T13:31:19.539Z] --- SERVER RESTARTED - ROUTES REGISTERED v1.0.6 ---
[2026-03-27T13:31:23.951Z] --- SERVER RESTARTED - ROUTES REGISTERED v1.0.6 ---
[2026-03-27T13:31:28.862Z] --- SERVER RESTARTED - ROUTES REGISTERED v1.0.6 ---
[2026-03-27T13:31:33.610Z] --- SERVER RESTARTED - ROUTES REGISTERED v1.0.6 ---
[2026-03-27T13:31:37.892Z] --- SERVER RESTARTED - ROUTES REGISTERED v1.0.6 ---
[2026-03-27T13:31:42.499Z] --- SERVER RESTARTED - ROUTES REGISTERED v1.0.6 ---
[2026-03-27T13:31:46.861Z] --- SERVER RESTARTED - ROUTES REGISTERED v1.0.6 ---
[2026-03-27T13:31:51.225Z] --- SERVER RESTARTED - ROUTES REGISTERED v1.0.6 ---
[2026-03-27T13:31:55.593Z] --- SERVER RESTARTED - ROUTES REGISTERED v1.0.6 ---
[2026-03-27T13:32:00.568Z] --- SERVER RESTARTED - ROUTES REGISTERED v1.0.6 ---
[2026-03-27T13:32:05.229Z] --- SERVER RESTARTED - ROUTES REGISTERED v1.0.6 ---
[2026-03-27T13:32:09.544Z] --- SERVER RESTARTED - ROUTES REGISTERED v1.0.6 ---
[2026-03-27T13:32:13.587Z] --- SERVER RESTARTED - ROUTES REGISTERED v1.0.6 ---
[2026-03-27T13:32:17.765Z] --- SERVER RESTARTED - ROUTES REGISTERED v1.0.6 ---
[2026-03-27T13:32:21.691Z] --- SERVER RESTARTED - ROUTES REGISTERED v1.0.6 ---
[2026-03-27T13:32:26.232Z] --- SERVER RESTARTED - ROUTES REGISTERED v1.0.6 ---
[2026-03-27T13:32:30.685Z] --- SERVER RESTARTED - ROUTES REGISTERED v1.0.6 ---
[2026-03-27T13:32:34.801Z] --- SERVER RESTARTED - ROUTES REGISTERED v1.0.6 ---
[2026-03-27T13:32:39.518Z] --- SERVER RESTARTED - ROUTES REGISTERED v1.0.6 ---
[2026-03-27T13:32:44.441Z] --- SERVER RESTARTED - ROUTES REGISTERED v1.0.6 ---
[2026-03-27T13:32:49.439Z] --- SERVER RESTARTED - ROUTES REGISTERED v1.0.6 ---
[2026-03-27T13:32:54.391Z] --- SERVER RESTARTED - ROUTES REGISTERED v1.0.6 ---
[2026-03-27T13:32:59.732Z] --- SERVER RESTARTED - ROUTES REGISTERED v1.0.6 ---
[2026-03-27T13:33:03.864Z] --- SERVER RESTARTED - ROUTES REGISTERED v1.0.6 ---
[2026-03-27T13:33:07.897Z] --- SERVER RESTARTED - ROUTES REGISTERED v1.0.6 ---
[2026-03-27T13:33:11.901Z] --- SERVER RESTARTED - ROUTES REGISTERED v1.0.6 ---
[2026-03-27T13:33:16.469Z] --- SERVER RESTARTED - ROUTES REGISTERED v1.0.6 ---
[2026-03-27T13:33:20.480Z] --- SERVER RESTARTED - ROUTES REGISTERED v1.0.6 ---
[2026-03-27T13:33:24.596Z] --- SERVER RESTARTED - ROUTES REGISTERED v1.0.6 ---
[2026-03-27T13:33:28.975Z] --- SERVER RESTARTED - ROUTES REGISTERED v1.0.6 ---
[2026-03-27T13:33:33.161Z] --- SERVER RESTARTED - ROUTES REGISTERED v1.0.6 ---
[2026-03-27T13:33:37.493Z] --- SERVER RESTARTED - ROUTES REGISTERED v1.0.6 ---
[2026-03-27T13:33:42.248Z] --- SERVER RESTARTED - ROUTES REGISTERED v1.0.6 ---
[2026-03-27T13:33:46.571Z] --- SERVER RESTARTED - ROUTES REGISTERED v1.0.6 ---
[2026-03-27T13:33:51.297Z] --- SERVER RESTARTED - ROUTES REGISTERED v1.0.6 ---
[2026-03-27T13:33:56.060Z] --- SERVER RESTARTED - ROUTES REGISTERED v1.0.6 ---
[2026-03-27T13:34:00.484Z] --- SERVER RESTARTED - ROUTES REGISTERED v1.0.6 ---
[2026-03-27T13:34:04.958Z] --- SERVER RESTARTED - ROUTES REGISTERED v1.0.6 ---
[2026-03-27T13:34:09.279Z] --- SERVER RESTARTED - ROUTES REGISTERED v1.0.6 ---
[2026-03-27T13:34:13.437Z] --- SERVER RESTARTED - ROUTES REGISTERED v1.0.6 ---
[2026-03-27T13:34:17.589Z] --- SERVER RESTARTED - ROUTES REGISTERED v1.0.6 ---
[2026-03-27T13:34:21.838Z] --- SERVER RESTARTED - ROUTES REGISTERED v1.0.6 ---
[2026-03-27T13:34:26.388Z] --- SERVER RESTARTED - ROUTES REGISTERED v1.0.6 ---
[2026-03-27T13:34:31.490Z] --- SERVER RESTARTED - ROUTES REGISTERED v1.0.6 ---
[2026-03-27T13:34:35.611Z] --- SERVER RESTARTED - ROUTES REGISTERED v1.0.6 ---
[2026-03-27T13:34:39.951Z] --- SERVER RESTARTED - ROUTES REGISTERED v1.0.6 ---
[2026-03-27T13:34:44.579Z] --- SERVER RESTARTED - ROUTES REGISTERED v1.0.6 ---
[2026-03-27T13:34:49.504Z] --- SERVER RESTARTED - ROUTES REGISTERED v1.0.6 ---
[2026-03-27T13:34:54.609Z] --- SERVER RESTARTED - ROUTES REGISTERED v1.0.6 ---
[2026-03-27T13:34:59.684Z] --- SERVER RESTARTED - ROUTES REGISTERED v1.0.6 ---
[2026-03-27T13:35:04.145Z] --- SERVER RESTARTED - ROUTES REGISTERED v1.0.6 ---
[2026-03-27T13:35:08.511Z] --- SERVER RESTARTED - ROUTES REGISTERED v1.0.6 ---
[2026-03-27T13:35:13.384Z] --- SERVER RESTARTED - ROUTES REGISTERED v1.0.6 ---
[2026-03-27T13:35:18.331Z] --- SERVER RESTARTED - ROUTES REGISTERED v1.0.6 ---
[2026-03-27T13:35:23.267Z] --- SERVER RESTARTED - ROUTES REGISTERED v1.0.6 ---
[2026-03-27T13:35:27.821Z] --- SERVER RESTARTED - ROUTES REGISTERED v1.0.6 ---
[2026-03-27T13:35:32.140Z] --- SERVER RESTARTED - ROUTES REGISTERED v1.0.6 ---
[2026-03-27T13:35:36.489Z] --- SERVER RESTARTED - ROUTES REGISTERED v1.0.6 ---
[2026-03-27T13:35:40.913Z] --- SERVER RESTARTED - ROUTES REGISTERED v1.0.6 ---
[2026-03-27T13:35:45.544Z] --- SERVER RESTARTED - ROUTES REGISTERED v1.0.6 ---
[2026-03-27T13:35:49.772Z] --- SERVER RESTARTED - ROUTES REGISTERED v1.0.6 ---
[2026-03-27T13:35:54.100Z] --- SERVER RESTARTED - ROUTES REGISTERED v1.0.6 ---
[2026-03-27T13:35:58.829Z] --- SERVER RESTARTED - ROUTES REGISTERED v1.0.6 ---
[2026-03-27T13:36:03.193Z] --- SERVER RESTARTED - ROUTES REGISTERED v1.0.6 ---
[2026-03-27T13:36:07.799Z] --- SERVER RESTARTED - ROUTES REGISTERED v1.0.6 ---
[2026-03-27T13:36:11.975Z] --- SERVER RESTARTED - ROUTES REGISTERED v1.0.6 ---
[2026-03-27T13:36:16.305Z] --- SERVER RESTARTED - ROUTES REGISTERED v1.0.6 ---
[2026-03-27T13:36:20.838Z] --- SERVER RESTARTED - ROUTES REGISTERED v1.0.6 ---
[2026-03-27T13:36:25.655Z] --- SERVER RESTARTED - ROUTES REGISTERED v1.0.6 ---
[2026-03-27T13:36:30.568Z] --- SERVER RESTARTED - ROUTES REGISTERED v1.0.6 ---
[2026-03-27T13:36:34.912Z] --- SERVER RESTARTED - ROUTES REGISTERED v1.0.6 ---
[2026-03-27T13:36:39.286Z] --- SERVER RESTARTED - ROUTES REGISTERED v1.0.6 ---
[2026-03-27T13:36:43.567Z] --- SERVER RESTARTED - ROUTES REGISTERED v1.0.6 ---
[2026-03-27T13:36:48.208Z] --- SERVER RESTARTED - ROUTES REGISTERED v1.0.6 ---
[2026-03-27T13:36:52.435Z] --- SERVER RESTARTED - ROUTES REGISTERED v1.0.6 ---
[2026-03-27T13:36:56.803Z] --- SERVER RESTARTED - ROUTES REGISTERED v1.0.6 ---
[2026-03-27T13:37:01.584Z] --- SERVER RESTARTED - ROUTES REGISTERED v1.0.6 ---
[2026-03-27T13:37:06.030Z] --- SERVER RESTARTED - ROUTES REGISTERED v1.0.6 ---
[2026-03-27T13:37:10.528Z] --- SERVER RESTARTED - ROUTES REGISTERED v1.0.6 ---
[2026-03-27T13:37:15.733Z] --- SERVER RESTARTED - ROUTES REGISTERED v1.0.6 ---
[2026-03-27T13:37:20.333Z] --- SERVER RESTARTED - ROUTES REGISTERED v1.0.6 ---
[2026-03-27T13:37:24.602Z] --- SERVER RESTARTED - ROUTES REGISTERED v1.0.6 ---
[2026-03-27T13:37:29.091Z] --- SERVER RESTARTED - ROUTES REGISTERED v1.0.6 ---
[2026-03-27T13:37:33.457Z] --- SERVER RESTARTED - ROUTES REGISTERED v1.0.6 ---
[2026-03-27T13:37:37.622Z] --- SERVER RESTARTED - ROUTES REGISTERED v1.0.6 ---
[2026-03-27T13:37:42.578Z] --- SERVER RESTARTED - ROUTES REGISTERED v1.0.6 ---
[2026-03-27T13:37:46.877Z] --- SERVER RESTARTED - ROUTES REGISTERED v1.0.6 ---
[2026-03-27T13:37:51.482Z] --- SERVER RESTARTED - ROUTES REGISTERED v1.0.6 ---
[2026-03-27T13:37:56.272Z] --- SERVER RESTARTED - ROUTES REGISTERED v1.0.6 ---
[2026-03-27T13:38:01.375Z] --- SERVER RESTARTED - ROUTES REGISTERED v1.0.6 ---
[2026-03-27T13:38:06.190Z] --- SERVER RESTARTED - ROUTES REGISTERED v1.0.6 ---
[2026-03-27T13:38:12.466Z] --- SERVER RESTARTED - ROUTES REGISTERED v1.0.6 ---
[2026-03-27T13:38:16.964Z] --- SERVER RESTARTED - ROUTES REGISTERED v1.0.6 ---
[2026-03-27T13:38:21.191Z] --- SERVER RESTARTED - ROUTES REGISTERED v1.0.6 ---
[2026-03-27T13:38:26.553Z] --- SERVER RESTARTED - ROUTES REGISTERED v1.0.6 ---
[2026-03-27T13:38:31.585Z] --- SERVER RESTARTED - ROUTES REGISTERED v1.0.6 ---
[2026-03-27T13:38:36.715Z] --- SERVER RESTARTED - ROUTES REGISTERED v1.0.6 ---
[2026-03-27T13:38:41.692Z] --- SERVER RESTARTED - ROUTES REGISTERED v1.0.6 ---
[2026-03-27T13:38:46.333Z] --- SERVER RESTARTED - ROUTES REGISTERED v1.0.6 ---
[2026-03-27T13:38:51.684Z] --- SERVER RESTARTED - ROUTES REGISTERED v1.0.6 ---
[2026-03-27T13:38:56.499Z] --- SERVER RESTARTED - ROUTES REGISTERED v1.0.6 ---
[2026-03-27T13:39:01.260Z] --- SERVER RESTARTED - ROUTES REGISTERED v1.0.6 ---
[2026-03-27T13:39:06.028Z] --- SERVER RESTARTED - ROUTES REGISTERED v1.0.6 ---
[2026-03-27T13:39:11.419Z] --- SERVER RESTARTED - ROUTES REGISTERED v1.0.6 ---
[2026-03-27T13:39:16.921Z] --- SERVER RESTARTED - ROUTES REGISTERED v1.0.6 ---
[2026-03-27T13:39:21.744Z] --- SERVER RESTARTED - ROUTES REGISTERED v1.0.6 ---
[2026-03-27T13:39:27.336Z] --- SERVER RESTARTED - ROUTES REGISTERED v1.0.6 ---
[2026-03-27T13:39:31.922Z] --- SERVER RESTARTED - ROUTES REGISTERED v1.0.6 ---
[2026-03-27T13:39:36.439Z] --- SERVER RESTARTED - ROUTES REGISTERED v1.0.6 ---
[2026-03-27T13:39:41.343Z] --- SERVER RESTARTED - ROUTES REGISTERED v1.0.6 ---
[2026-03-27T13:39:46.414Z] --- SERVER RESTARTED - ROUTES REGISTERED v1.0.6 ---
[2026-03-27T13:39:51.228Z] --- SERVER RESTARTED - ROUTES REGISTERED v1.0.6 ---
[2026-03-27T13:39:55.994Z] --- SERVER RESTARTED - ROUTES REGISTERED v1.0.6 ---
[2026-03-27T13:40:00.440Z] --- SERVER RESTARTED - ROUTES REGISTERED v1.0.6 ---
[2026-03-27T13:40:05.277Z] --- SERVER RESTARTED - ROUTES REGISTERED v1.0.6 ---
[2026-03-27T13:40:09.904Z] --- SERVER RESTARTED - ROUTES REGISTERED v1.0.6 ---
[2026-03-27T13:40:15.050Z] --- SERVER RESTARTED - ROUTES REGISTERED v1.0.6 ---
[2026-03-27T13:40:20.042Z] --- SERVER RESTARTED - ROUTES REGISTERED v1.0.6 ---
[2026-03-27T13:40:24.439Z] --- SERVER RESTARTED - ROUTES REGISTERED v1.0.6 ---
[2026-03-27T13:40:29.267Z] --- SERVER RESTARTED - ROUTES REGISTERED v1.0.6 ---
[2026-03-27T13:40:33.654Z] --- SERVER RESTARTED - ROUTES REGISTERED v1.0.6 ---
[2026-03-27T13:40:38.011Z] --- SERVER RESTARTED - ROUTES REGISTERED v1.0.6 ---
[2026-03-27T13:40:42.565Z] --- SERVER RESTARTED - ROUTES REGISTERED v1.0.6 ---
[2026-03-27T13:40:47.045Z] --- SERVER RESTARTED - ROUTES REGISTERED v1.0.6 ---
[2026-03-27T13:40:51.864Z] --- SERVER RESTARTED - ROUTES REGISTERED v1.0.6 ---
[2026-03-27T13:40:56.317Z] --- SERVER RESTARTED - ROUTES REGISTERED v1.0.6 ---
[2026-03-27T13:41:00.959Z] --- SERVER RESTARTED - ROUTES REGISTERED v1.0.6 ---
[2026-03-27T13:41:05.824Z] --- SERVER RESTARTED - ROUTES REGISTERED v1.0.6 ---
[2026-03-27T13:41:10.299Z] --- SERVER RESTARTED - ROUTES REGISTERED v1.0.6 ---
[2026-03-27T13:41:14.725Z] --- SERVER RESTARTED - ROUTES REGISTERED v1.0.6 ---
[2026-03-27T13:41:19.443Z] --- SERVER RESTARTED - ROUTES REGISTERED v1.0.6 ---
[2026-03-27T13:41:23.879Z] --- SERVER RESTARTED - ROUTES REGISTERED v1.0.6 ---
[2026-03-27T13:41:30.346Z] --- SERVER RESTARTED - ROUTES REGISTERED v1.0.6 ---
[2026-03-27T13:41:35.236Z] --- SERVER RESTARTED - ROUTES REGISTERED v1.0.6 ---
[2026-03-27T13:41:40.051Z] --- SERVER RESTARTED - ROUTES REGISTERED v1.0.6 ---
[2026-03-27T13:41:45.701Z] --- SERVER RESTARTED - ROUTES REGISTERED v1.0.6 ---
[2026-03-27T13:41:50.236Z] --- SERVER RESTARTED - ROUTES REGISTERED v1.0.6 ---
[2026-03-27T13:41:54.754Z] --- SERVER RESTARTED - ROUTES REGISTERED v1.0.6 ---
[2026-03-27T13:41:59.234Z] --- SERVER RESTARTED - ROUTES REGISTERED v1.0.6 ---
[2026-03-27T13:42:03.423Z] --- SERVER RESTARTED - ROUTES REGISTERED v1.0.6 ---
[2026-03-27T13:42:07.749Z] --- SERVER RESTARTED - ROUTES REGISTERED v1.0.6 ---
[2026-03-27T13:42:12.231Z] --- SERVER RESTARTED - ROUTES REGISTERED v1.0.6 ---
[2026-03-27T13:42:16.893Z] --- SERVER RESTARTED - ROUTES REGISTERED v1.0.6 ---
[2026-03-27T13:42:21.467Z] --- SERVER RESTARTED - ROUTES REGISTERED v1.0.6 ---
[2026-03-27T13:42:26.111Z] --- SERVER RESTARTED - ROUTES REGISTERED v1.0.6 ---
[2026-03-27T13:42:30.921Z] --- SERVER RESTARTED - ROUTES REGISTERED v1.0.6 ---
[2026-03-27T13:42:35.324Z] --- SERVER RESTARTED - ROUTES REGISTERED v1.0.6 ---
[2026-03-27T13:42:39.843Z] --- SERVER RESTARTED - ROUTES REGISTERED v1.0.6 ---
[2026-03-27T13:42:44.124Z] --- SERVER RESTARTED - ROUTES REGISTERED v1.0.6 ---
[2026-03-27T13:42:48.796Z] --- SERVER RESTARTED - ROUTES REGISTERED v1.0.6 ---
[2026-03-27T13:42:53.197Z] --- SERVER RESTARTED - ROUTES REGISTERED v1.0.6 ---
[2026-03-27T13:42:57.479Z] --- SERVER RESTARTED - ROUTES REGISTERED v1.0.6 ---
[2026-03-27T13:43:02.347Z] --- SERVER RESTARTED - ROUTES REGISTERED v1.0.6 ---
[2026-03-27T13:43:07.559Z] --- SERVER RESTARTED - ROUTES REGISTERED v1.0.6 ---
[2026-03-27T13:43:12.079Z] --- SERVER RESTARTED - ROUTES REGISTERED v1.0.6 ---
[2026-03-27T13:43:16.762Z] --- SERVER RESTARTED - ROUTES REGISTERED v1.0.6 ---
[2026-03-27T13:43:21.607Z] --- SERVER RESTARTED - ROUTES REGISTERED v1.0.6 ---
[2026-03-27T13:43:27.055Z] --- SERVER RESTARTED - ROUTES REGISTERED v1.0.6 ---
[2026-03-27T13:43:31.475Z] --- SERVER RESTARTED - ROUTES REGISTERED v1.0.6 ---
[2026-03-27T13:43:35.933Z] --- SERVER RESTARTED - ROUTES REGISTERED v1.0.6 ---
[2026-03-27T13:43:40.349Z] --- SERVER RESTARTED - ROUTES REGISTERED v1.0.6 ---
[2026-03-27T13:43:45.467Z] --- SERVER RESTARTED - ROUTES REGISTERED v1.0.6 ---
[2026-03-27T13:43:49.707Z] --- SERVER RESTARTED - ROUTES REGISTERED v1.0.6 ---
[2026-03-27T13:43:54.250Z] --- SERVER RESTARTED - ROUTES REGISTERED v1.0.6 ---
[2026-03-27T13:43:58.872Z] --- SERVER RESTARTED - ROUTES REGISTERED v1.0.6 ---
[2026-03-27T13:44:03.752Z] --- SERVER RESTARTED - ROUTES REGISTERED v1.0.6 ---
[2026-03-27T13:44:08.172Z] --- SERVER RESTARTED - ROUTES REGISTERED v1.0.6 ---
[2026-03-27T13:44:12.535Z] --- SERVER RESTARTED - ROUTES REGISTERED v1.0.6 ---
[2026-03-27T13:44:17.518Z] --- SERVER RESTARTED - ROUTES REGISTERED v1.0.6 ---
[2026-03-27T13:44:21.782Z] --- SERVER RESTARTED - ROUTES REGISTERED v1.0.6 ---
[2026-03-27T13:44:25.682Z] --- SERVER RESTARTED - ROUTES REGISTERED v1.0.6 ---
[2026-03-27T13:44:30.180Z] --- SERVER RESTARTED - ROUTES REGISTERED v1.0.6 ---
[2026-03-27T13:44:34.506Z] --- SERVER RESTARTED - ROUTES REGISTERED v1.0.6 ---
[2026-03-27T13:44:38.795Z] --- SERVER RESTARTED - ROUTES REGISTERED v1.0.6 ---
[2026-03-27T13:44:43.398Z] --- SERVER RESTARTED - ROUTES REGISTERED v1.0.6 ---
[2026-03-27T13:44:48.193Z] --- SERVER RESTARTED - ROUTES REGISTERED v1.0.6 ---
[2026-03-27T13:44:53.468Z] --- SERVER RESTARTED - ROUTES REGISTERED v1.0.6 ---
[2026-03-27T13:44:58.247Z] --- SERVER RESTARTED - ROUTES REGISTERED v1.0.6 ---
[2026-03-27T13:45:03.493Z] --- SERVER RESTARTED - ROUTES REGISTERED v1.0.6 ---
[2026-03-27T13:45:08.640Z] --- SERVER RESTARTED - ROUTES REGISTERED v1.0.6 ---
[2026-03-27T13:45:13.358Z] --- SERVER RESTARTED - ROUTES REGISTERED v1.0.6 ---
[2026-03-27T13:45:17.594Z] --- SERVER RESTARTED - ROUTES REGISTERED v1.0.6 ---
[2026-03-27T13:45:22.039Z] --- SERVER RESTARTED - ROUTES REGISTERED v1.0.6 ---
[2026-03-27T13:45:26.616Z] --- SERVER RESTARTED - ROUTES REGISTERED v1.0.6 ---
[2026-03-27T13:45:31.871Z] --- SERVER RESTARTED - ROUTES REGISTERED v1.0.6 ---
[2026-03-27T13:45:36.821Z] --- SERVER RESTARTED - ROUTES REGISTERED v1.0.6 ---
[2026-03-27T13:45:41.132Z] --- SERVER RESTARTED - ROUTES REGISTERED v1.0.6 ---
[2026-03-27T13:45:45.604Z] --- SERVER RESTARTED - ROUTES REGISTERED v1.0.6 ---
[2026-03-27T13:45:49.835Z] --- SERVER RESTARTED - ROUTES REGISTERED v1.0.6 ---
[2026-03-27T13:45:54.496Z] --- SERVER RESTARTED - ROUTES REGISTERED v1.0.6 ---
[2026-03-27T13:45:59.107Z] --- SERVER RESTARTED - ROUTES REGISTERED v1.0.6 ---
[2026-03-27T13:46:03.469Z] --- SERVER RESTARTED - ROUTES REGISTERED v1.0.6 ---
[2026-03-27T13:46:08.369Z] --- SERVER RESTARTED - ROUTES REGISTERED v1.0.6 ---
[2026-03-27T13:46:13.044Z] --- SERVER RESTARTED - ROUTES REGISTERED v1.0.6 ---
[2026-03-27T13:46:17.908Z] --- SERVER RESTARTED - ROUTES REGISTERED v1.0.6 ---
[2026-03-27T13:46:23.017Z] --- SERVER RESTARTED - ROUTES REGISTERED v1.0.6 ---
[2026-03-27T13:46:27.674Z] --- SERVER RESTARTED - ROUTES REGISTERED v1.0.6 ---
[2026-03-27T13:46:32.427Z] --- SERVER RESTARTED - ROUTES REGISTERED v1.0.6 ---
[2026-03-27T13:46:36.847Z] --- SERVER RESTARTED - ROUTES REGISTERED v1.0.6 ---
[2026-03-27T13:46:41.074Z] --- SERVER RESTARTED - ROUTES REGISTERED v1.0.6 ---
[2026-03-27T13:46:45.360Z] --- SERVER RESTARTED - ROUTES REGISTERED v1.0.6 ---
[2026-03-27T13:46:49.991Z] --- SERVER RESTARTED - ROUTES REGISTERED v1.0.6 ---
[2026-03-27T13:46:54.038Z] --- SERVER RESTARTED - ROUTES REGISTERED v1.0.6 ---
[2026-03-27T13:46:58.497Z] --- SERVER RESTARTED - ROUTES REGISTERED v1.0.6 ---
[2026-03-27T13:47:03.362Z] --- SERVER RESTARTED - ROUTES REGISTERED v1.0.6 ---
[2026-03-27T13:47:07.708Z] --- SERVER RESTARTED - ROUTES REGISTERED v1.0.6 ---
[2026-03-27T13:47:12.240Z] --- SERVER RESTARTED - ROUTES REGISTERED v1.0.6 ---
[2026-03-27T13:47:16.721Z] --- SERVER RESTARTED - ROUTES REGISTERED v1.0.6 ---
[2026-03-27T13:47:20.904Z] --- SERVER RESTARTED - ROUTES REGISTERED v1.0.6 ---
[2026-03-27T13:47:25.378Z] --- SERVER RESTARTED - ROUTES REGISTERED v1.0.6 ---
[2026-03-27T13:47:30.078Z] --- SERVER RESTARTED - ROUTES REGISTERED v1.0.6 ---
[2026-03-27T13:47:34.642Z] --- SERVER RESTARTED - ROUTES REGISTERED v1.0.6 ---
[2026-03-27T13:47:39.013Z] --- SERVER RESTARTED - ROUTES REGISTERED v1.0.6 ---
[2026-03-27T13:47:43.327Z] --- SERVER RESTARTED - ROUTES REGISTERED v1.0.6 ---
[2026-03-27T13:47:47.632Z] --- SERVER RESTARTED - ROUTES REGISTERED v1.0.6 ---
[2026-03-27T13:47:51.743Z] --- SERVER RESTARTED - ROUTES REGISTERED v1.0.6 ---
[2026-03-27T13:47:56.230Z] --- SERVER RESTARTED - ROUTES REGISTERED v1.0.6 ---
[2026-03-27T13:48:01.183Z] --- SERVER RESTARTED - ROUTES REGISTERED v1.0.6 ---
[2026-03-27T13:48:06.351Z] --- SERVER RESTARTED - ROUTES REGISTERED v1.0.6 ---
[2026-03-27T13:48:11.017Z] --- SERVER RESTARTED - ROUTES REGISTERED v1.0.6 ---
[2026-03-27T13:48:15.748Z] --- SERVER RESTARTED - ROUTES REGISTERED v1.0.6 ---
[2026-03-27T13:48:20.263Z] --- SERVER RESTARTED - ROUTES REGISTERED v1.0.6 ---
[2026-03-27T13:48:24.533Z] --- SERVER RESTARTED - ROUTES REGISTERED v1.0.6 ---
[2026-03-27T13:48:29.188Z] --- SERVER RESTARTED - ROUTES REGISTERED v1.0.6 ---
[2026-03-27T13:48:33.523Z] --- SERVER RESTARTED - ROUTES REGISTERED v1.0.6 ---
[2026-03-27T13:48:37.709Z] --- SERVER RESTARTED - ROUTES REGISTERED v1.0.6 ---
[2026-03-27T13:48:41.875Z] --- SERVER RESTARTED - ROUTES REGISTERED v1.0.6 ---
[2026-03-27T13:48:46.023Z] --- SERVER RESTARTED - ROUTES REGISTERED v1.0.6 ---
[2026-03-27T13:48:50.439Z] --- SERVER RESTARTED - ROUTES REGISTERED v1.0.6 ---
[2026-03-27T13:48:54.860Z] --- SERVER RESTARTED - ROUTES REGISTERED v1.0.6 ---
[2026-03-27T13:48:59.701Z] --- SERVER RESTARTED - ROUTES REGISTERED v1.0.6 ---
[2026-03-27T13:49:03.956Z] --- SERVER RESTARTED - ROUTES REGISTERED v1.0.6 ---
[2026-03-27T13:49:08.015Z] --- SERVER RESTARTED - ROUTES REGISTERED v1.0.6 ---
[2026-03-27T13:49:12.145Z] --- SERVER RESTARTED - ROUTES REGISTERED v1.0.6 ---
[2026-03-27T13:49:16.322Z] --- SERVER RESTARTED - ROUTES REGISTERED v1.0.6 ---
[2026-03-27T13:49:20.604Z] --- SERVER RESTARTED - ROUTES REGISTERED v1.0.6 ---
[2026-03-27T13:49:25.030Z] --- SERVER RESTARTED - ROUTES REGISTERED v1.0.6 ---
[2026-03-27T13:49:29.817Z] --- SERVER RESTARTED - ROUTES REGISTERED v1.0.6 ---
[2026-03-27T13:49:34.143Z] --- SERVER RESTARTED - ROUTES REGISTERED v1.0.6 ---
[2026-03-27T13:49:38.657Z] --- SERVER RESTARTED - ROUTES REGISTERED v1.0.6 ---
[2026-03-27T13:49:42.673Z] --- SERVER RESTARTED - ROUTES REGISTERED v1.0.6 ---
[2026-03-27T13:49:47.032Z] --- SERVER RESTARTED - ROUTES REGISTERED v1.0.6 ---
[2026-03-27T13:49:51.181Z] --- SERVER RESTARTED - ROUTES REGISTERED v1.0.6 ---
[2026-03-27T13:49:55.767Z] --- SERVER RESTARTED - ROUTES REGISTERED v1.0.6 ---
[2026-03-27T13:50:00.482Z] --- SERVER RESTARTED - ROUTES REGISTERED v1.0.6 ---
[2026-03-27T13:50:05.078Z] --- SERVER RESTARTED - ROUTES REGISTERED v1.0.6 ---
[2026-03-27T13:50:09.655Z] --- SERVER RESTARTED - ROUTES REGISTERED v1.0.6 ---
[2026-03-27T13:50:14.037Z] --- SERVER RESTARTED - ROUTES REGISTERED v1.0.6 ---
[2026-03-27T13:50:18.192Z] --- SERVER RESTARTED - ROUTES REGISTERED v1.0.6 ---
[2026-03-27T13:50:22.673Z] --- SERVER RESTARTED - ROUTES REGISTERED v1.0.6 ---
[2026-03-27T13:50:26.835Z] --- SERVER RESTARTED - ROUTES REGISTERED v1.0.6 ---
[2026-03-27T13:50:31.135Z] --- SERVER RESTARTED - ROUTES REGISTERED v1.0.6 ---
[2026-03-27T13:50:35.585Z] --- SERVER RESTARTED - ROUTES REGISTERED v1.0.6 ---
[2026-03-27T13:50:40.055Z] --- SERVER RESTARTED - ROUTES REGISTERED v1.0.6 ---
[2026-03-27T13:50:44.123Z] --- SERVER RESTARTED - ROUTES REGISTERED v1.0.6 ---
[2026-03-27T13:50:48.641Z] --- SERVER RESTARTED - ROUTES REGISTERED v1.0.6 ---
[2026-03-27T13:50:53.212Z] --- SERVER RESTARTED - ROUTES REGISTERED v1.0.6 ---
[2026-03-27T13:50:57.199Z] --- SERVER RESTARTED - ROUTES REGISTERED v1.0.6 ---
[2026-03-27T13:51:01.596Z] --- SERVER RESTARTED - ROUTES REGISTERED v1.0.6 ---
[2026-03-27T13:51:05.730Z] --- SERVER RESTARTED - ROUTES REGISTERED v1.0.6 ---
[2026-03-27T13:51:10.260Z] --- SERVER RESTARTED - ROUTES REGISTERED v1.0.6 ---
[2026-03-27T13:51:14.856Z] --- SERVER RESTARTED - ROUTES REGISTERED v1.0.6 ---
[2026-03-27T13:51:19.362Z] --- SERVER RESTARTED - ROUTES REGISTERED v1.0.6 ---
[2026-03-27T13:51:24.219Z] --- SERVER RESTARTED - ROUTES REGISTERED v1.0.6 ---
[2026-03-27T13:51:28.741Z] --- SERVER RESTARTED - ROUTES REGISTERED v1.0.6 ---
[2026-03-27T13:51:33.194Z] --- SERVER RESTARTED - ROUTES REGISTERED v1.0.6 ---
[2026-03-27T13:51:37.904Z] --- SERVER RESTARTED - ROUTES REGISTERED v1.0.6 ---
[2026-03-27T13:51:41.896Z] --- SERVER RESTARTED - ROUTES REGISTERED v1.0.6 ---
[2026-03-27T13:51:46.296Z] --- SERVER RESTARTED - ROUTES REGISTERED v1.0.6 ---
[2026-03-27T13:51:51.110Z] --- SERVER RESTARTED - ROUTES REGISTERED v1.0.6 ---
[2026-03-27T13:51:56.094Z] --- SERVER RESTARTED - ROUTES REGISTERED v1.0.6 ---
[2026-03-27T13:52:01.018Z] --- SERVER RESTARTED - ROUTES REGISTERED v1.0.6 ---
[2026-03-27T13:52:05.575Z] --- SERVER RESTARTED - ROUTES REGISTERED v1.0.6 ---
[2026-03-27T13:52:10.034Z] --- SERVER RESTARTED - ROUTES REGISTERED v1.0.6 ---
[2026-03-27T13:52:14.114Z] --- SERVER RESTARTED - ROUTES REGISTERED v1.0.6 ---
[2026-03-27T13:52:18.378Z] --- SERVER RESTARTED - ROUTES REGISTERED v1.0.6 ---
[2026-03-27T13:52:22.487Z] --- SERVER RESTARTED - ROUTES REGISTERED v1.0.6 ---
[2026-03-27T13:52:26.850Z] --- SERVER RESTARTED - ROUTES REGISTERED v1.0.6 ---
[2026-03-27T13:52:31.288Z] --- SERVER RESTARTED - ROUTES REGISTERED v1.0.6 ---
[2026-03-27T13:52:35.953Z] --- SERVER RESTARTED - ROUTES REGISTERED v1.0.6 ---
[2026-03-27T13:52:41.025Z] --- SERVER RESTARTED - ROUTES REGISTERED v1.0.6 ---
[2026-03-27T13:52:45.745Z] --- SERVER RESTARTED - ROUTES REGISTERED v1.0.6 ---
[2026-03-27T13:52:50.842Z] --- SERVER RESTARTED - ROUTES REGISTERED v1.0.6 ---
[2026-03-27T13:52:55.426Z] --- SERVER RESTARTED - ROUTES REGISTERED v1.0.6 ---
[2026-03-27T13:53:00.275Z] --- SERVER RESTARTED - ROUTES REGISTERED v1.0.6 ---
[2026-03-27T13:53:04.646Z] --- SERVER RESTARTED - ROUTES REGISTERED v1.0.6 ---
[2026-03-27T13:53:08.737Z] --- SERVER RESTARTED - ROUTES REGISTERED v1.0.6 ---
[2026-03-27T13:53:12.894Z] --- SERVER RESTARTED - ROUTES REGISTERED v1.0.6 ---
[2026-03-27T13:53:16.960Z] --- SERVER RESTARTED - ROUTES REGISTERED v1.0.6 ---
[2026-03-27T13:53:21.468Z] --- SERVER RESTARTED - ROUTES REGISTERED v1.0.6 ---
[2026-03-27T13:53:25.816Z] --- SERVER RESTARTED - ROUTES REGISTERED v1.0.6 ---
[2026-03-27T13:53:30.121Z] --- SERVER RESTARTED - ROUTES REGISTERED v1.0.6 ---
[2026-03-27T13:53:34.105Z] --- SERVER RESTARTED - ROUTES REGISTERED v1.0.6 ---
[2026-03-27T13:53:38.389Z] --- SERVER RESTARTED - ROUTES REGISTERED v1.0.6 ---
[2026-03-27T13:53:42.729Z] --- SERVER RESTARTED - ROUTES REGISTERED v1.0.6 ---
[2026-03-27T13:53:47.460Z] --- SERVER RESTARTED - ROUTES REGISTERED v1.0.6 ---
[2026-03-27T13:53:51.461Z] --- SERVER RESTARTED - ROUTES REGISTERED v1.0.6 ---
[2026-03-27T13:53:56.125Z] --- SERVER RESTARTED - ROUTES REGISTERED v1.0.6 ---
[2026-03-27T13:54:00.985Z] --- SERVER RESTARTED - ROUTES REGISTERED v1.0.6 ---
[2026-03-27T13:54:05.469Z] --- SERVER RESTARTED - ROUTES REGISTERED v1.0.6 ---
[2026-03-27T13:54:09.672Z] --- SERVER RESTARTED - ROUTES REGISTERED v1.0.6 ---
[2026-03-27T13:54:13.829Z] --- SERVER RESTARTED - ROUTES REGISTERED v1.0.6 ---
[2026-03-27T13:54:17.845Z] --- SERVER RESTARTED - ROUTES REGISTERED v1.0.6 ---
[2026-03-27T13:54:21.999Z] --- SERVER RESTARTED - ROUTES REGISTERED v1.0.6 ---
[2026-03-27T13:54:26.825Z] --- SERVER RESTARTED - ROUTES REGISTERED v1.0.6 ---
[2026-03-27T13:54:31.367Z] --- SERVER RESTARTED - ROUTES REGISTERED v1.0.6 ---
[2026-03-27T13:54:36.111Z] --- SERVER RESTARTED - ROUTES REGISTERED v1.0.6 ---
[2026-03-27T13:54:40.961Z] --- SERVER RESTARTED - ROUTES REGISTERED v1.0.6 ---
[2026-03-27T13:54:45.237Z] --- SERVER RESTARTED - ROUTES REGISTERED v1.0.6 ---
[2026-03-27T13:54:49.827Z] --- SERVER RESTARTED - ROUTES REGISTERED v1.0.6 ---
[2026-03-27T13:54:54.798Z] --- SERVER RESTARTED - ROUTES REGISTERED v1.0.6 ---
[2026-03-27T13:54:59.960Z] --- SERVER RESTARTED - ROUTES REGISTERED v1.0.6 ---
[2026-03-27T13:55:04.775Z] --- SERVER RESTARTED - ROUTES REGISTERED v1.0.6 ---
[2026-03-27T13:55:09.170Z] --- SERVER RESTARTED - ROUTES REGISTERED v1.0.6 ---
[2026-03-27T13:55:13.532Z] --- SERVER RESTARTED - ROUTES REGISTERED v1.0.6 ---
[2026-03-27T13:55:18.519Z] --- SERVER RESTARTED - ROUTES REGISTERED v1.0.6 ---
[2026-03-27T13:55:23.594Z] --- SERVER RESTARTED - ROUTES REGISTERED v1.0.6 ---
[2026-03-27T13:55:28.004Z] --- SERVER RESTARTED - ROUTES REGISTERED v1.0.6 ---
[2026-03-27T13:55:32.687Z] --- SERVER RESTARTED - ROUTES REGISTERED v1.0.6 ---
[2026-03-27T13:55:37.015Z] --- SERVER RESTARTED - ROUTES REGISTERED v1.0.6 ---
[2026-03-27T13:55:41.486Z] --- SERVER RESTARTED - ROUTES REGISTERED v1.0.6 ---
[2026-03-27T13:55:46.200Z] --- SERVER RESTARTED - ROUTES REGISTERED v1.0.6 ---
[2026-03-27T13:55:50.404Z] --- SERVER RESTARTED - ROUTES REGISTERED v1.0.6 ---
[2026-03-27T13:55:54.601Z] --- SERVER RESTARTED - ROUTES REGISTERED v1.0.6 ---
[2026-03-27T13:55:59.879Z] --- SERVER RESTARTED - ROUTES REGISTERED v1.0.6 ---
[2026-03-27T13:56:04.454Z] --- SERVER RESTARTED - ROUTES REGISTERED v1.0.6 ---
[2026-03-27T13:56:08.596Z] --- SERVER RESTARTED - ROUTES REGISTERED v1.0.6 ---
[2026-03-27T13:56:12.695Z] --- SERVER RESTARTED - ROUTES REGISTERED v1.0.6 ---
[2026-03-27T13:56:17.759Z] --- SERVER RESTARTED - ROUTES REGISTERED v1.0.6 ---
[2026-03-27T13:56:22.384Z] --- SERVER RESTARTED - ROUTES REGISTERED v1.0.6 ---
[2026-03-27T13:56:26.763Z] --- SERVER RESTARTED - ROUTES REGISTERED v1.0.6 ---
[2026-03-27T13:56:31.209Z] --- SERVER RESTARTED - ROUTES REGISTERED v1.0.6 ---
[2026-03-27T13:56:35.379Z] --- SERVER RESTARTED - ROUTES REGISTERED v1.0.6 ---
[2026-03-27T13:56:39.687Z] --- SERVER RESTARTED - ROUTES REGISTERED v1.0.6 ---
[2026-03-27T13:56:43.707Z] --- SERVER RESTARTED - ROUTES REGISTERED v1.0.6 ---
[2026-03-27T13:56:48.020Z] --- SERVER RESTARTED - ROUTES REGISTERED v1.0.6 ---
[2026-03-27T13:56:52.843Z] --- SERVER RESTARTED - ROUTES REGISTERED v1.0.6 ---
[2026-03-27T13:56:57.095Z] --- SERVER RESTARTED - ROUTES REGISTERED v1.0.6 ---
[2026-03-27T13:57:01.354Z] --- SERVER RESTARTED - ROUTES REGISTERED v1.0.6 ---
[2026-03-27T13:57:05.632Z] --- SERVER RESTARTED - ROUTES REGISTERED v1.0.6 ---
[2026-03-27T13:57:09.846Z] --- SERVER RESTARTED - ROUTES REGISTERED v1.0.6 ---
[2026-03-27T13:57:14.146Z] --- SERVER RESTARTED - ROUTES REGISTERED v1.0.6 ---
[2026-03-27T13:57:18.885Z] --- SERVER RESTARTED - ROUTES REGISTERED v1.0.6 ---
[2026-03-27T13:57:23.022Z] --- SERVER RESTARTED - ROUTES REGISTERED v1.0.6 ---
[2026-03-27T13:57:27.632Z] --- SERVER RESTARTED - ROUTES REGISTERED v1.0.6 ---
[2026-03-27T13:57:32.881Z] --- SERVER RESTARTED - ROUTES REGISTERED v1.0.6 ---
[2026-03-27T13:57:38.508Z] --- SERVER RESTARTED - ROUTES REGISTERED v1.0.6 ---
[2026-03-27T13:57:42.690Z] --- SERVER RESTARTED - ROUTES REGISTERED v1.0.6 ---
[2026-03-27T13:57:47.647Z] --- SERVER RESTARTED - ROUTES REGISTERED v1.0.6 ---
[2026-03-27T13:57:51.974Z] --- SERVER RESTARTED - ROUTES REGISTERED v1.0.6 ---
[2026-03-27T13:57:56.977Z] --- SERVER RESTARTED - ROUTES REGISTERED v1.0.6 ---
[2026-03-27T13:58:01.536Z] --- SERVER RESTARTED - ROUTES REGISTERED v1.0.6 ---
[2026-03-27T13:58:05.813Z] --- SERVER RESTARTED - ROUTES REGISTERED v1.0.6 ---
[2026-03-27T13:58:09.867Z] --- SERVER RESTARTED - ROUTES REGISTERED v1.0.6 ---
[2026-03-27T13:58:14.436Z] --- SERVER RESTARTED - ROUTES REGISTERED v1.0.6 ---
[2026-03-27T13:58:19.017Z] --- SERVER RESTARTED - ROUTES REGISTERED v1.0.6 ---
[2026-03-27T13:58:23.310Z] --- SERVER RESTARTED - ROUTES REGISTERED v1.0.6 ---
[2026-03-27T13:58:27.602Z] --- SERVER RESTARTED - ROUTES REGISTERED v1.0.6 ---
[2026-03-27T13:58:32.041Z] --- SERVER RESTARTED - ROUTES REGISTERED v1.0.6 ---
[2026-03-27T13:58:36.410Z] --- SERVER RESTARTED - ROUTES REGISTERED v1.0.6 ---
[2026-03-27T13:58:41.102Z] --- SERVER RESTARTED - ROUTES REGISTERED v1.0.6 ---
[2026-03-27T13:58:45.150Z] --- SERVER RESTARTED - ROUTES REGISTERED v1.0.6 ---
[2026-03-27T13:58:49.594Z] --- SERVER RESTARTED - ROUTES REGISTERED v1.0.6 ---
[2026-03-27T13:58:54.071Z] --- SERVER RESTARTED - ROUTES REGISTERED v1.0.6 ---
[2026-03-27T13:58:58.877Z] --- SERVER RESTARTED - ROUTES REGISTERED v1.0.6 ---
[2026-03-27T13:59:03.269Z] --- SERVER RESTARTED - ROUTES REGISTERED v1.0.6 ---
[2026-03-27T13:59:07.846Z] --- SERVER RESTARTED - ROUTES REGISTERED v1.0.6 ---
[2026-03-27T13:59:12.008Z] --- SERVER RESTARTED - ROUTES REGISTERED v1.0.6 ---
[2026-03-27T13:59:16.531Z] --- SERVER RESTARTED - ROUTES REGISTERED v1.0.6 ---
[2026-03-27T13:59:21.294Z] --- SERVER RESTARTED - ROUTES REGISTERED v1.0.6 ---
[2026-03-27T13:59:25.557Z] --- SERVER RESTARTED - ROUTES REGISTERED v1.0.6 ---
[2026-03-27T13:59:30.029Z] --- SERVER RESTARTED - ROUTES REGISTERED v1.0.6 ---
[2026-03-27T13:59:34.946Z] --- SERVER RESTARTED - ROUTES REGISTERED v1.0.6 ---
[2026-03-27T13:59:39.348Z] --- SERVER RESTARTED - ROUTES REGISTERED v1.0.6 ---
[2026-03-27T13:59:44.076Z] --- SERVER RESTARTED - ROUTES REGISTERED v1.0.6 ---
[2026-03-27T13:59:48.913Z] --- SERVER RESTARTED - ROUTES REGISTERED v1.0.6 ---
[2026-03-27T13:59:53.243Z] --- SERVER RESTARTED - ROUTES REGISTERED v1.0.6 ---
[2026-03-27T13:59:57.771Z] --- SERVER RESTARTED - ROUTES REGISTERED v1.0.6 ---
[2026-03-27T14:00:02.591Z] --- SERVER RESTARTED - ROUTES REGISTERED v1.0.6 ---
[2026-03-27T14:00:07.494Z] --- SERVER RESTARTED - ROUTES REGISTERED v1.0.6 ---
[2026-03-27T14:00:11.764Z] --- SERVER RESTARTED - ROUTES REGISTERED v1.0.6 ---
[2026-03-27T14:00:15.802Z] --- SERVER RESTARTED - ROUTES REGISTERED v1.0.6 ---
[2026-03-27T14:00:20.239Z] --- SERVER RESTARTED - ROUTES REGISTERED v1.0.6 ---
[2026-03-27T14:00:24.445Z] --- SERVER RESTARTED - ROUTES REGISTERED v1.0.6 ---
[2026-03-27T14:00:28.655Z] --- SERVER RESTARTED - ROUTES REGISTERED v1.0.6 ---
[2026-03-27T14:00:33.315Z] --- SERVER RESTARTED - ROUTES REGISTERED v1.0.6 ---
[2026-03-27T14:00:38.170Z] --- SERVER RESTARTED - ROUTES REGISTERED v1.0.6 ---
[2026-03-27T14:00:42.761Z] --- SERVER RESTARTED - ROUTES REGISTERED v1.0.6 ---
[2026-03-27T14:00:47.272Z] --- SERVER RESTARTED - ROUTES REGISTERED v1.0.6 ---
[2026-03-27T14:00:52.256Z] --- SERVER RESTARTED - ROUTES REGISTERED v1.0.6 ---
[2026-03-27T14:00:56.623Z] --- SERVER RESTARTED - ROUTES REGISTERED v1.0.6 ---
[2026-03-27T14:01:01.396Z] --- SERVER RESTARTED - ROUTES REGISTERED v1.0.6 ---
[2026-03-27T14:01:05.740Z] --- SERVER RESTARTED - ROUTES REGISTERED v1.0.6 ---
[2026-03-27T14:01:10.222Z] --- SERVER RESTARTED - ROUTES REGISTERED v1.0.6 ---
[2026-03-27T14:01:14.399Z] --- SERVER RESTARTED - ROUTES REGISTERED v1.0.6 ---
[2026-03-27T14:01:19.036Z] --- SERVER RESTARTED - ROUTES REGISTERED v1.0.6 ---
[2026-03-27T14:01:23.495Z] --- SERVER RESTARTED - ROUTES REGISTERED v1.0.6 ---
[2026-03-27T14:01:27.696Z] --- SERVER RESTARTED - ROUTES REGISTERED v1.0.6 ---
[2026-03-27T14:01:32.021Z] --- SERVER RESTARTED - ROUTES REGISTERED v1.0.6 ---
[2026-03-27T14:01:36.120Z] --- SERVER RESTARTED - ROUTES REGISTERED v1.0.6 ---
[2026-03-27T14:01:40.521Z] --- SERVER RESTARTED - ROUTES REGISTERED v1.0.6 ---
[2026-03-27T14:01:45.157Z] --- SERVER RESTARTED - ROUTES REGISTERED v1.0.6 ---
[2026-03-27T14:01:49.655Z] --- SERVER RESTARTED - ROUTES REGISTERED v1.0.6 ---
[2026-03-27T14:01:53.968Z] --- SERVER RESTARTED - ROUTES REGISTERED v1.0.6 ---
[2026-03-27T14:01:58.224Z] --- SERVER RESTARTED - ROUTES REGISTERED v1.0.6 ---
[2026-03-27T14:02:02.548Z] --- SERVER RESTARTED - ROUTES REGISTERED v1.0.6 ---
[2026-03-27T14:02:06.794Z] --- SERVER RESTARTED - ROUTES REGISTERED v1.0.6 ---
[2026-03-27T14:02:10.996Z] --- SERVER RESTARTED - ROUTES REGISTERED v1.0.6 ---
[2026-03-27T14:02:15.242Z] --- SERVER RESTARTED - ROUTES REGISTERED v1.0.6 ---
[2026-03-27T14:02:20.313Z] --- SERVER RESTARTED - ROUTES REGISTERED v1.0.6 ---
[2026-03-27T14:02:25.111Z] --- SERVER RESTARTED - ROUTES REGISTERED v1.0.6 ---
[2026-03-27T14:02:29.512Z] --- SERVER RESTARTED - ROUTES REGISTERED v1.0.6 ---
[2026-03-27T14:02:33.823Z] --- SERVER RESTARTED - ROUTES REGISTERED v1.0.6 ---
[2026-03-27T14:02:38.009Z] --- SERVER RESTARTED - ROUTES REGISTERED v1.0.6 ---
[2026-03-27T14:02:42.473Z] --- SERVER RESTARTED - ROUTES REGISTERED v1.0.6 ---
[2026-03-27T14:02:46.587Z] --- SERVER RESTARTED - ROUTES REGISTERED v1.0.6 ---
[2026-03-27T14:02:50.925Z] --- SERVER RESTARTED - ROUTES REGISTERED v1.0.6 ---
[2026-03-27T14:02:55.282Z] --- SERVER RESTARTED - ROUTES REGISTERED v1.0.6 ---
[2026-03-27T14:02:59.840Z] --- SERVER RESTARTED - ROUTES REGISTERED v1.0.6 ---
[2026-03-27T14:03:04.269Z] --- SERVER RESTARTED - ROUTES REGISTERED v1.0.6 ---
[2026-03-27T14:03:08.393Z] --- SERVER RESTARTED - ROUTES REGISTERED v1.0.6 ---
[2026-03-27T14:03:12.773Z] --- SERVER RESTARTED - ROUTES REGISTERED v1.0.6 ---
[2026-03-27T14:03:17.810Z] --- SERVER RESTARTED - ROUTES REGISTERED v1.0.6 ---
[2026-03-27T14:03:22.175Z] --- SERVER RESTARTED - ROUTES REGISTERED v1.0.6 ---
[2026-03-27T14:03:26.228Z] --- SERVER RESTARTED - ROUTES REGISTERED v1.0.6 ---
[2026-03-27T14:03:30.585Z] --- SERVER RESTARTED - ROUTES REGISTERED v1.0.6 ---
[2026-03-27T14:03:35.586Z] --- SERVER RESTARTED - ROUTES REGISTERED v1.0.6 ---
[2026-03-27T14:03:39.994Z] --- SERVER RESTARTED - ROUTES REGISTERED v1.0.6 ---
[2026-03-27T14:03:44.520Z] --- SERVER RESTARTED - ROUTES REGISTERED v1.0.6 ---
[2026-03-27T14:03:49.618Z] --- SERVER RESTARTED - ROUTES REGISTERED v1.0.6 ---
[2026-03-27T14:03:54.582Z] --- SERVER RESTARTED - ROUTES REGISTERED v1.0.6 ---
[2026-03-27T14:03:59.540Z] --- SERVER RESTARTED - ROUTES REGISTERED v1.0.6 ---
[2026-03-27T14:04:03.900Z] --- SERVER RESTARTED - ROUTES REGISTERED v1.0.6 ---
[2026-03-27T14:04:08.092Z] --- SERVER RESTARTED - ROUTES REGISTERED v1.0.6 ---
[2026-03-27T14:04:12.390Z] --- SERVER RESTARTED - ROUTES REGISTERED v1.0.6 ---
[2026-03-27T14:04:16.948Z] --- SERVER RESTARTED - ROUTES REGISTERED v1.0.6 ---
[2026-03-27T14:04:21.706Z] --- SERVER RESTARTED - ROUTES REGISTERED v1.0.6 ---
[2026-03-27T14:04:26.655Z] --- SERVER RESTARTED - ROUTES REGISTERED v1.0.6 ---
[2026-03-27T14:04:31.069Z] --- SERVER RESTARTED - ROUTES REGISTERED v1.0.6 ---
[2026-03-27T14:04:35.708Z] --- SERVER RESTARTED - ROUTES REGISTERED v1.0.6 ---
[2026-03-27T14:04:40.519Z] --- SERVER RESTARTED - ROUTES REGISTERED v1.0.6 ---
[2026-03-27T14:04:45.348Z] --- SERVER RESTARTED - ROUTES REGISTERED v1.0.6 ---
[2026-03-27T14:04:50.097Z] --- SERVER RESTARTED - ROUTES REGISTERED v1.0.6 ---
[2026-03-27T14:04:54.943Z] --- SERVER RESTARTED - ROUTES REGISTERED v1.0.6 ---
[2026-03-27T14:05:00.121Z] --- SERVER RESTARTED - ROUTES REGISTERED v1.0.6 ---
[2026-03-27T14:05:04.744Z] --- SERVER RESTARTED - ROUTES REGISTERED v1.0.6 ---
[2026-03-27T14:05:09.945Z] --- SERVER RESTARTED - ROUTES REGISTERED v1.0.6 ---
[2026-03-27T14:05:14.607Z] --- SERVER RESTARTED - ROUTES REGISTERED v1.0.6 ---
[2026-03-27T14:05:19.453Z] --- SERVER RESTARTED - ROUTES REGISTERED v1.0.6 ---
[2026-03-27T14:05:23.637Z] --- SERVER RESTARTED - ROUTES REGISTERED v1.0.6 ---
[2026-03-27T14:05:27.726Z] --- SERVER RESTARTED - ROUTES REGISTERED v1.0.6 ---
[2026-03-27T14:05:32.044Z] --- SERVER RESTARTED - ROUTES REGISTERED v1.0.6 ---
[2026-03-27T14:05:36.563Z] --- SERVER RESTARTED - ROUTES REGISTERED v1.0.6 ---
[2026-03-27T14:05:40.898Z] --- SERVER RESTARTED - ROUTES REGISTERED v1.0.6 ---
[2026-03-27T14:05:44.985Z] --- SERVER RESTARTED - ROUTES REGISTERED v1.0.6 ---
[2026-03-27T14:05:49.611Z] --- SERVER RESTARTED - ROUTES REGISTERED v1.0.6 ---
[2026-03-27T14:05:53.698Z] --- SERVER RESTARTED - ROUTES REGISTERED v1.0.6 ---
[2026-03-27T14:05:58.252Z] --- SERVER RESTARTED - ROUTES REGISTERED v1.0.6 ---
[2026-03-27T14:06:02.827Z] --- SERVER RESTARTED - ROUTES REGISTERED v1.0.6 ---
[2026-03-27T14:06:07.693Z] --- SERVER RESTARTED - ROUTES REGISTERED v1.0.6 ---
[2026-03-27T14:06:11.732Z] --- SERVER RESTARTED - ROUTES REGISTERED v1.0.6 ---
[2026-03-27T14:06:16.056Z] --- SERVER RESTARTED - ROUTES REGISTERED v1.0.6 ---
[2026-03-27T14:06:20.423Z] --- SERVER RESTARTED - ROUTES REGISTERED v1.0.6 ---
[2026-03-27T14:06:24.876Z] --- SERVER RESTARTED - ROUTES REGISTERED v1.0.6 ---
[2026-03-27T14:06:29.222Z] --- SERVER RESTARTED - ROUTES REGISTERED v1.0.6 ---
[2026-03-27T14:06:33.258Z] --- SERVER RESTARTED - ROUTES REGISTERED v1.0.6 ---
[2026-03-27T14:06:37.532Z] --- SERVER RESTARTED - ROUTES REGISTERED v1.0.6 ---
[2026-03-27T14:06:41.705Z] --- SERVER RESTARTED - ROUTES REGISTERED v1.0.6 ---
[2026-03-27T14:06:45.861Z] --- SERVER RESTARTED - ROUTES REGISTERED v1.0.6 ---
[2026-03-27T14:06:49.998Z] --- SERVER RESTARTED - ROUTES REGISTERED v1.0.6 ---
[2026-03-27T14:06:54.331Z] --- SERVER RESTARTED - ROUTES REGISTERED v1.0.6 ---
[2026-03-27T14:06:58.808Z] --- SERVER RESTARTED - ROUTES REGISTERED v1.0.6 ---
[2026-03-27T14:07:03.005Z] --- SERVER RESTARTED - ROUTES REGISTERED v1.0.6 ---
[2026-03-27T14:07:07.412Z] --- SERVER RESTARTED - ROUTES REGISTERED v1.0.6 ---
[2026-03-27T14:07:11.563Z] --- SERVER RESTARTED - ROUTES REGISTERED v1.0.6 ---
[2026-03-27T14:07:15.923Z] --- SERVER RESTARTED - ROUTES REGISTERED v1.0.6 ---
[2026-03-27T14:07:21.884Z] --- SERVER RESTARTED - ROUTES REGISTERED v1.0.6 ---
[2026-03-27T14:07:27.456Z] --- SERVER RESTARTED - ROUTES REGISTERED v1.0.6 ---
[2026-03-27T14:07:33.240Z] --- SERVER RESTARTED - ROUTES REGISTERED v1.0.6 ---
[2026-03-27T14:07:37.991Z] --- SERVER RESTARTED - ROUTES REGISTERED v1.0.6 ---
[2026-03-27T14:07:42.742Z] --- SERVER RESTARTED - ROUTES REGISTERED v1.0.6 ---
[2026-03-27T14:07:46.816Z] --- SERVER RESTARTED - ROUTES REGISTERED v1.0.6 ---
[2026-03-27T14:07:51.341Z] --- SERVER RESTARTED - ROUTES REGISTERED v1.0.6 ---
[2026-03-27T14:07:56.447Z] --- SERVER RESTARTED - ROUTES REGISTERED v1.0.6 ---
[2026-03-27T14:08:00.809Z] --- SERVER RESTARTED - ROUTES REGISTERED v1.0.6 ---
[2026-03-27T14:08:05.129Z] --- SERVER RESTARTED - ROUTES REGISTERED v1.0.6 ---
[2026-03-27T14:08:09.454Z] --- SERVER RESTARTED - ROUTES REGISTERED v1.0.6 ---
[2026-03-27T14:08:13.686Z] --- SERVER RESTARTED - ROUTES REGISTERED v1.0.6 ---
[2026-03-27T14:08:17.949Z] --- SERVER RESTARTED - ROUTES REGISTERED v1.0.6 ---
[2026-03-27T14:08:22.809Z] --- SERVER RESTARTED - ROUTES REGISTERED v1.0.6 ---
[2026-03-27T14:08:27.200Z] --- SERVER RESTARTED - ROUTES REGISTERED v1.0.6 ---
[2026-03-27T14:08:31.433Z] --- SERVER RESTARTED - ROUTES REGISTERED v1.0.6 ---
[2026-03-27T14:08:35.964Z] --- SERVER RESTARTED - ROUTES REGISTERED v1.0.6 ---
[2026-03-27T14:08:40.584Z] --- SERVER RESTARTED - ROUTES REGISTERED v1.0.6 ---
[2026-03-27T14:08:45.325Z] --- SERVER RESTARTED - ROUTES REGISTERED v1.0.6 ---
[2026-03-27T14:08:49.957Z] --- SERVER RESTARTED - ROUTES REGISTERED v1.0.6 ---
[2026-03-27T14:08:54.672Z] --- SERVER RESTARTED - ROUTES REGISTERED v1.0.6 ---
[2026-03-27T14:08:59.410Z] --- SERVER RESTARTED - ROUTES REGISTERED v1.0.6 ---
[2026-03-27T14:09:04.275Z] --- SERVER RESTARTED - ROUTES REGISTERED v1.0.6 ---
[2026-03-27T14:09:08.270Z] --- SERVER RESTARTED - ROUTES REGISTERED v1.0.6 ---
[2026-03-27T14:09:12.594Z] --- SERVER RESTARTED - ROUTES REGISTERED v1.0.6 ---
[2026-03-27T14:09:16.887Z] --- SERVER RESTARTED - ROUTES REGISTERED v1.0.6 ---
[2026-03-27T14:09:21.189Z] --- SERVER RESTARTED - ROUTES REGISTERED v1.0.6 ---
[2026-03-27T14:09:26.561Z] --- SERVER RESTARTED - ROUTES REGISTERED v1.0.6 ---
[2026-03-27T14:09:31.374Z] --- SERVER RESTARTED - ROUTES REGISTERED v1.0.6 ---
[2026-03-27T14:09:36.718Z] --- SERVER RESTARTED - ROUTES REGISTERED v1.0.6 ---
[2026-03-27T14:09:41.063Z] --- SERVER RESTARTED - ROUTES REGISTERED v1.0.6 ---
[2026-03-27T14:09:45.201Z] --- SERVER RESTARTED - ROUTES REGISTERED v1.0.6 ---
[2026-03-27T14:09:49.563Z] --- SERVER RESTARTED - ROUTES REGISTERED v1.0.6 ---
[2026-03-27T14:09:54.069Z] --- SERVER RESTARTED - ROUTES REGISTERED v1.0.6 ---
[2026-03-27T14:09:58.545Z] --- SERVER RESTARTED - ROUTES REGISTERED v1.0.6 ---
[2026-03-27T14:10:03.097Z] --- SERVER RESTARTED - ROUTES REGISTERED v1.0.6 ---
[2026-03-27T14:10:07.710Z] --- SERVER RESTARTED - ROUTES REGISTERED v1.0.6 ---
[2026-03-27T14:10:12.291Z] --- SERVER RESTARTED - ROUTES REGISTERED v1.0.6 ---
[2026-03-27T14:10:16.597Z] --- SERVER RESTARTED - ROUTES REGISTERED v1.0.6 ---
[2026-03-27T14:10:21.395Z] --- SERVER RESTARTED - ROUTES REGISTERED v1.0.6 ---
[2026-03-27T14:10:26.592Z] --- SERVER RESTARTED - ROUTES REGISTERED v1.0.6 ---
[2026-03-27T14:10:31.264Z] --- SERVER RESTARTED - ROUTES REGISTERED v1.0.6 ---
[2026-03-27T14:10:36.684Z] --- SERVER RESTARTED - ROUTES REGISTERED v1.0.6 ---
[2026-03-27T14:10:41.350Z] --- SERVER RESTARTED - ROUTES REGISTERED v1.0.6 ---
[2026-03-27T14:10:45.460Z] --- SERVER RESTARTED - ROUTES REGISTERED v1.0.6 ---
[2026-03-27T14:10:49.658Z] --- SERVER RESTARTED - ROUTES REGISTERED v1.0.6 ---
[2026-03-27T14:10:54.357Z] --- SERVER RESTARTED - ROUTES REGISTERED v1.0.6 ---
[2026-03-27T14:10:58.512Z] --- SERVER RESTARTED - ROUTES REGISTERED v1.0.6 ---
[2026-03-27T14:11:02.930Z] --- SERVER RESTARTED - ROUTES REGISTERED v1.0.6 ---
[2026-03-27T14:11:07.652Z] --- SERVER RESTARTED - ROUTES REGISTERED v1.0.6 ---
[2026-03-27T14:11:12.103Z] --- SERVER RESTARTED - ROUTES REGISTERED v1.0.6 ---
[2026-03-27T14:11:16.667Z] --- SERVER RESTARTED - ROUTES REGISTERED v1.0.6 ---
[2026-03-27T14:11:21.038Z] --- SERVER RESTARTED - ROUTES REGISTERED v1.0.6 ---
[2026-03-27T14:11:25.366Z] --- SERVER RESTARTED - ROUTES REGISTERED v1.0.6 ---
[2026-03-27T14:11:29.689Z] --- SERVER RESTARTED - ROUTES REGISTERED v1.0.6 ---
[2026-03-27T14:11:34.350Z] --- SERVER RESTARTED - ROUTES REGISTERED v1.0.6 ---
[2026-03-27T14:11:39.877Z] --- SERVER RESTARTED - ROUTES REGISTERED v1.0.6 ---
[2026-03-27T14:11:44.387Z] --- SERVER RESTARTED - ROUTES REGISTERED v1.0.6 ---
[2026-03-27T14:11:48.572Z] --- SERVER RESTARTED - ROUTES REGISTERED v1.0.6 ---
[2026-03-27T14:11:52.718Z] --- SERVER RESTARTED - ROUTES REGISTERED v1.0.6 ---
[2026-03-27T14:11:56.940Z] --- SERVER RESTARTED - ROUTES REGISTERED v1.0.6 ---
[2026-03-27T14:12:01.667Z] --- SERVER RESTARTED - ROUTES REGISTERED v1.0.6 ---
[2026-03-27T14:12:07.003Z] --- SERVER RESTARTED - ROUTES REGISTERED v1.0.6 ---
[2026-03-27T14:12:13.501Z] --- SERVER RESTARTED - ROUTES REGISTERED v1.0.6 ---
[2026-03-27T14:12:18.852Z] --- SERVER RESTARTED - ROUTES REGISTERED v1.0.6 ---
[2026-03-27T14:12:24.192Z] --- SERVER RESTARTED - ROUTES REGISTERED v1.0.6 ---
[2026-03-27T14:12:29.694Z] --- SERVER RESTARTED - ROUTES REGISTERED v1.0.6 ---
[2026-03-27T14:12:33.991Z] --- SERVER RESTARTED - ROUTES REGISTERED v1.0.6 ---
[2026-03-27T14:12:38.553Z] --- SERVER RESTARTED - ROUTES REGISTERED v1.0.6 ---
[2026-03-27T14:12:43.365Z] --- SERVER RESTARTED - ROUTES REGISTERED v1.0.6 ---
[2026-03-27T14:12:47.679Z] --- SERVER RESTARTED - ROUTES REGISTERED v1.0.6 ---
[2026-03-27T14:12:52.064Z] --- SERVER RESTARTED - ROUTES REGISTERED v1.0.6 ---
[2026-03-27T14:12:58.781Z] --- SERVER RESTARTED - ROUTES REGISTERED v1.0.6 ---
[2026-03-27T14:13:04.449Z] --- SERVER RESTARTED - ROUTES REGISTERED v1.0.6 ---
[2026-03-27T14:13:08.935Z] --- SERVER RESTARTED - ROUTES REGISTERED v1.0.6 ---
[2026-03-27T14:13:13.126Z] --- SERVER RESTARTED - ROUTES REGISTERED v1.0.6 ---
[2026-03-27T14:13:17.420Z] --- SERVER RESTARTED - ROUTES REGISTERED v1.0.6 ---
[2026-03-27T14:13:21.855Z] --- SERVER RESTARTED - ROUTES REGISTERED v1.0.6 ---
[2026-03-27T14:13:26.075Z] --- SERVER RESTARTED - ROUTES REGISTERED v1.0.6 ---
[2026-03-27T14:13:30.772Z] --- SERVER RESTARTED - ROUTES REGISTERED v1.0.6 ---
[2026-03-27T14:13:35.534Z] --- SERVER RESTARTED - ROUTES REGISTERED v1.0.6 ---
[2026-03-27T14:13:39.827Z] --- SERVER RESTARTED - ROUTES REGISTERED v1.0.6 ---
[2026-03-27T14:13:46.146Z] --- SERVER RESTARTED - ROUTES REGISTERED v1.0.6 ---
[2026-03-27T14:13:50.699Z] --- SERVER RESTARTED - ROUTES REGISTERED v1.0.6 ---
[2026-03-27T14:13:54.627Z] --- SERVER RESTARTED - ROUTES REGISTERED v1.0.6 ---
[2026-03-27T14:13:59.689Z] --- SERVER RESTARTED - ROUTES REGISTERED v1.0.6 ---
[2026-03-27T14:14:04.243Z] --- SERVER RESTARTED - ROUTES REGISTERED v1.0.6 ---
[2026-03-27T14:14:08.519Z] --- SERVER RESTARTED - ROUTES REGISTERED v1.0.6 ---
[2026-03-27T14:14:13.233Z] --- SERVER RESTARTED - ROUTES REGISTERED v1.0.6 ---
[2026-03-27T14:14:17.430Z] --- SERVER RESTARTED - ROUTES REGISTERED v1.0.6 ---
[2026-03-27T14:14:21.642Z] --- SERVER RESTARTED - ROUTES REGISTERED v1.0.6 ---
[2026-03-27T14:14:26.519Z] --- SERVER RESTARTED - ROUTES REGISTERED v1.0.6 ---
[2026-03-27T14:14:31.130Z] --- SERVER RESTARTED - ROUTES REGISTERED v1.0.6 ---
[2026-03-27T14:14:35.194Z] --- SERVER RESTARTED - ROUTES REGISTERED v1.0.6 ---
[2026-03-27T14:14:39.498Z] --- SERVER RESTARTED - ROUTES REGISTERED v1.0.6 ---
[2026-03-27T14:14:44.022Z] --- SERVER RESTARTED - ROUTES REGISTERED v1.0.6 ---
[2026-03-27T14:14:48.847Z] --- SERVER RESTARTED - ROUTES REGISTERED v1.0.6 ---
[2026-03-27T14:14:53.480Z] --- SERVER RESTARTED - ROUTES REGISTERED v1.0.6 ---
[2026-03-27T14:14:57.952Z] --- SERVER RESTARTED - ROUTES REGISTERED v1.0.6 ---
[2026-03-27T14:15:03.436Z] --- SERVER RESTARTED - ROUTES REGISTERED v1.0.6 ---
[2026-03-27T14:15:08.156Z] --- SERVER RESTARTED - ROUTES REGISTERED v1.0.6 ---
[2026-03-27T14:15:12.568Z] --- SERVER RESTARTED - ROUTES REGISTERED v1.0.6 ---
[2026-03-27T14:15:17.118Z] --- SERVER RESTARTED - ROUTES REGISTERED v1.0.6 ---
[2026-03-27T14:15:22.141Z] --- SERVER RESTARTED - ROUTES REGISTERED v1.0.6 ---
[2026-03-27T14:15:26.490Z] --- SERVER RESTARTED - ROUTES REGISTERED v1.0.6 ---
[2026-03-27T14:15:31.144Z] --- SERVER RESTARTED - ROUTES REGISTERED v1.0.6 ---
[2026-03-27T14:15:35.446Z] --- SERVER RESTARTED - ROUTES REGISTERED v1.0.6 ---
[2026-03-27T14:15:40.417Z] --- SERVER RESTARTED - ROUTES REGISTERED v1.0.6 ---
[2026-03-27T14:15:44.854Z] --- SERVER RESTARTED - ROUTES REGISTERED v1.0.6 ---
[2026-03-27T14:15:49.279Z] --- SERVER RESTARTED - ROUTES REGISTERED v1.0.6 ---
[2026-03-27T14:15:54.003Z] --- SERVER RESTARTED - ROUTES REGISTERED v1.0.6 ---
[2026-03-27T14:15:58.433Z] --- SERVER RESTARTED - ROUTES REGISTERED v1.0.6 ---
[2026-03-27T14:16:02.975Z] --- SERVER RESTARTED - ROUTES REGISTERED v1.0.6 ---
[2026-03-27T14:16:07.298Z] --- SERVER RESTARTED - ROUTES REGISTERED v1.0.6 ---
[2026-03-27T14:16:11.876Z] --- SERVER RESTARTED - ROUTES REGISTERED v1.0.6 ---
[2026-03-27T14:16:15.965Z] --- SERVER RESTARTED - ROUTES REGISTERED v1.0.6 ---
[2026-03-27T14:16:20.177Z] --- SERVER RESTARTED - ROUTES REGISTERED v1.0.6 ---
[2026-03-27T14:16:24.755Z] --- SERVER RESTARTED - ROUTES REGISTERED v1.0.6 ---
[2026-03-27T14:16:29.568Z] --- SERVER RESTARTED - ROUTES REGISTERED v1.0.6 ---
[2026-03-27T14:16:34.059Z] --- SERVER RESTARTED - ROUTES REGISTERED v1.0.6 ---
[2026-03-27T14:16:38.427Z] --- SERVER RESTARTED - ROUTES REGISTERED v1.0.6 ---
[2026-03-27T14:16:43.295Z] --- SERVER RESTARTED - ROUTES REGISTERED v1.0.6 ---
[2026-03-27T14:16:48.235Z] --- SERVER RESTARTED - ROUTES REGISTERED v1.0.6 ---
[2026-03-27T14:16:53.225Z] --- SERVER RESTARTED - ROUTES REGISTERED v1.0.6 ---
[2026-03-27T14:16:57.869Z] --- SERVER RESTARTED - ROUTES REGISTERED v1.0.6 ---
[2026-03-27T14:17:02.348Z] --- SERVER RESTARTED - ROUTES REGISTERED v1.0.6 ---
[2026-03-27T14:17:06.712Z] --- SERVER RESTARTED - ROUTES REGISTERED v1.0.6 ---
[2026-03-27T14:17:10.928Z] --- SERVER RESTARTED - ROUTES REGISTERED v1.0.6 ---
[2026-03-27T14:17:15.212Z] --- SERVER RESTARTED - ROUTES REGISTERED v1.0.6 ---
[2026-03-27T14:17:19.475Z] --- SERVER RESTARTED - ROUTES REGISTERED v1.0.6 ---
[2026-03-27T14:17:23.817Z] --- SERVER RESTARTED - ROUTES REGISTERED v1.0.6 ---
[2026-03-27T14:17:28.032Z] --- SERVER RESTARTED - ROUTES REGISTERED v1.0.6 ---
[2026-03-27T14:17:32.161Z] --- SERVER RESTARTED - ROUTES REGISTERED v1.0.6 ---
[2026-03-27T14:17:36.412Z] --- SERVER RESTARTED - ROUTES REGISTERED v1.0.6 ---
[2026-03-27T14:17:40.723Z] --- SERVER RESTARTED - ROUTES REGISTERED v1.0.6 ---
[2026-03-27T14:17:45.188Z] --- SERVER RESTARTED - ROUTES REGISTERED v1.0.6 ---
[2026-03-27T14:17:49.310Z] --- SERVER RESTARTED - ROUTES REGISTERED v1.0.6 ---
[2026-03-27T14:17:53.832Z] --- SERVER RESTARTED - ROUTES REGISTERED v1.0.6 ---
[2026-03-27T14:17:58.995Z] --- SERVER RESTARTED - ROUTES REGISTERED v1.0.6 ---
[2026-03-27T14:18:03.783Z] --- SERVER RESTARTED - ROUTES REGISTERED v1.0.6 ---
[2026-03-27T14:18:08.987Z] --- SERVER RESTARTED - ROUTES REGISTERED v1.0.6 ---
[2026-03-27T14:18:14.109Z] --- SERVER RESTARTED - ROUTES REGISTERED v1.0.6 ---
[2026-03-27T14:18:18.555Z] --- SERVER RESTARTED - ROUTES REGISTERED v1.0.6 ---
[2026-03-27T14:18:23.188Z] --- SERVER RESTARTED - ROUTES REGISTERED v1.0.6 ---
[2026-03-27T14:18:27.820Z] --- SERVER RESTARTED - ROUTES REGISTERED v1.0.6 ---
[2026-03-27T14:18:32.395Z] --- SERVER RESTARTED - ROUTES REGISTERED v1.0.6 ---
[2026-03-27T14:18:36.612Z] --- SERVER RESTARTED - ROUTES REGISTERED v1.0.6 ---
[2026-03-27T14:18:41.661Z] --- SERVER RESTARTED - ROUTES REGISTERED v1.0.6 ---
[2026-03-27T14:18:46.876Z] --- SERVER RESTARTED - ROUTES REGISTERED v1.0.6 ---
[2026-03-27T14:18:51.493Z] --- SERVER RESTARTED - ROUTES REGISTERED v1.0.6 ---
[2026-03-27T14:18:55.827Z] --- SERVER RESTARTED - ROUTES REGISTERED v1.0.6 ---
[2026-03-27T14:19:00.116Z] --- SERVER RESTARTED - ROUTES REGISTERED v1.0.6 ---
[2026-03-27T14:19:04.474Z] --- SERVER RESTARTED - ROUTES REGISTERED v1.0.6 ---
[2026-03-27T14:19:08.587Z] --- SERVER RESTARTED - ROUTES REGISTERED v1.0.6 ---
[2026-03-27T14:19:12.523Z] --- SERVER RESTARTED - ROUTES REGISTERED v1.0.6 ---
[2026-03-27T14:19:16.913Z] --- SERVER RESTARTED - ROUTES REGISTERED v1.0.6 ---
[2026-03-27T14:19:21.184Z] --- SERVER RESTARTED - ROUTES REGISTERED v1.0.6 ---
[2026-03-27T14:19:25.555Z] --- SERVER RESTARTED - ROUTES REGISTERED v1.0.6 ---
[2026-03-27T14:19:29.973Z] --- SERVER RESTARTED - ROUTES REGISTERED v1.0.6 ---
[2026-03-27T14:19:34.326Z] --- SERVER RESTARTED - ROUTES REGISTERED v1.0.6 ---
[2026-03-27T14:19:38.845Z] --- SERVER RESTARTED - ROUTES REGISTERED v1.0.6 ---
[2026-03-27T14:19:43.839Z] --- SERVER RESTARTED - ROUTES REGISTERED v1.0.6 ---
[2026-03-27T14:19:48.601Z] --- SERVER RESTARTED - ROUTES REGISTERED v1.0.6 ---
[2026-03-27T14:19:53.442Z] --- SERVER RESTARTED - ROUTES REGISTERED v1.0.6 ---
[2026-03-27T14:19:58.099Z] --- SERVER RESTARTED - ROUTES REGISTERED v1.0.6 ---
[2026-03-27T14:20:02.630Z] --- SERVER RESTARTED - ROUTES REGISTERED v1.0.6 ---
[2026-03-27T14:20:07.467Z] --- SERVER RESTARTED - ROUTES REGISTERED v1.0.6 ---
[2026-03-27T14:20:12.015Z] --- SERVER RESTARTED - ROUTES REGISTERED v1.0.6 ---
[2026-03-27T14:20:16.288Z] --- SERVER RESTARTED - ROUTES REGISTERED v1.0.6 ---
[2026-03-27T14:20:20.514Z] --- SERVER RESTARTED - ROUTES REGISTERED v1.0.6 ---
[2026-03-27T14:20:25.478Z] --- SERVER RESTARTED - ROUTES REGISTERED v1.0.6 ---
[2026-03-27T14:20:30.043Z] --- SERVER RESTARTED - ROUTES REGISTERED v1.0.6 ---
[2026-03-27T14:20:34.501Z] --- SERVER RESTARTED - ROUTES REGISTERED v1.0.6 ---
[2026-03-27T14:20:39.078Z] --- SERVER RESTARTED - ROUTES REGISTERED v1.0.6 ---
[2026-03-27T14:20:43.137Z] --- SERVER RESTARTED - ROUTES REGISTERED v1.0.6 ---
[2026-03-27T14:20:47.561Z] --- SERVER RESTARTED - ROUTES REGISTERED v1.0.6 ---
[2026-03-27T14:20:51.504Z] --- SERVER RESTARTED - ROUTES REGISTERED v1.0.6 ---
[2026-03-27T14:20:56.431Z] --- SERVER RESTARTED - ROUTES REGISTERED v1.0.6 ---
[2026-03-27T14:21:00.767Z] --- SERVER RESTARTED - ROUTES REGISTERED v1.0.6 ---
[2026-03-27T14:21:05.082Z] --- SERVER RESTARTED - ROUTES REGISTERED v1.0.6 ---
[2026-03-27T14:21:09.331Z] --- SERVER RESTARTED - ROUTES REGISTERED v1.0.6 ---
[2026-03-27T14:21:13.441Z] --- SERVER RESTARTED - ROUTES REGISTERED v1.0.6 ---
[2026-03-27T14:21:17.566Z] --- SERVER RESTARTED - ROUTES REGISTERED v1.0.6 ---
[2026-03-27T14:21:22.247Z] --- SERVER RESTARTED - ROUTES REGISTERED v1.0.6 ---
[2026-03-27T14:21:26.637Z] --- SERVER RESTARTED - ROUTES REGISTERED v1.0.6 ---
[2026-03-27T14:21:30.940Z] --- SERVER RESTARTED - ROUTES REGISTERED v1.0.6 ---
[2026-03-27T14:21:35.295Z] --- SERVER RESTARTED - ROUTES REGISTERED v1.0.6 ---
[2026-03-27T14:21:39.952Z] --- SERVER RESTARTED - ROUTES REGISTERED v1.0.6 ---
[2026-03-27T14:21:45.016Z] --- SERVER RESTARTED - ROUTES REGISTERED v1.0.6 ---
[2026-03-27T14:21:49.576Z] --- SERVER RESTARTED - ROUTES REGISTERED v1.0.6 ---
[2026-03-27T14:21:53.979Z] --- SERVER RESTARTED - ROUTES REGISTERED v1.0.6 ---
[2026-03-27T14:21:58.539Z] --- SERVER RESTARTED - ROUTES REGISTERED v1.0.6 ---
[2026-03-27T14:22:02.680Z] --- SERVER RESTARTED - ROUTES REGISTERED v1.0.6 ---
[2026-03-27T14:22:06.929Z] --- SERVER RESTARTED - ROUTES REGISTERED v1.0.6 ---
[2026-03-27T14:22:11.017Z] --- SERVER RESTARTED - ROUTES REGISTERED v1.0.6 ---
[2026-03-27T14:22:15.209Z] --- SERVER RESTARTED - ROUTES REGISTERED v1.0.6 ---
[2026-03-27T14:22:19.706Z] --- SERVER RESTARTED - ROUTES REGISTERED v1.0.6 ---
[2026-03-27T14:22:24.128Z] --- SERVER RESTARTED - ROUTES REGISTERED v1.0.6 ---
[2026-03-27T14:22:28.980Z] --- SERVER RESTARTED - ROUTES REGISTERED v1.0.6 ---
[2026-03-27T14:22:33.366Z] --- SERVER RESTARTED - ROUTES REGISTERED v1.0.6 ---
[2026-03-27T14:22:37.490Z] --- SERVER RESTARTED - ROUTES REGISTERED v1.0.6 ---
[2026-03-27T14:22:41.804Z] --- SERVER RESTARTED - ROUTES REGISTERED v1.0.6 ---
[2026-03-27T14:22:45.985Z] --- SERVER RESTARTED - ROUTES REGISTERED v1.0.6 ---
[2026-03-27T14:22:50.036Z] --- SERVER RESTARTED - ROUTES REGISTERED v1.0.6 ---
[2026-03-27T14:22:54.302Z] --- SERVER RESTARTED - ROUTES REGISTERED v1.0.6 ---
[2026-03-27T14:22:59.135Z] --- SERVER RESTARTED - ROUTES REGISTERED v1.0.6 ---
[2026-03-27T14:23:03.377Z] --- SERVER RESTARTED - ROUTES REGISTERED v1.0.6 ---
[2026-03-27T14:23:07.545Z] --- SERVER RESTARTED - ROUTES REGISTERED v1.0.6 ---
[2026-03-27T14:23:11.778Z] --- SERVER RESTARTED - ROUTES REGISTERED v1.0.6 ---
[2026-03-27T14:23:16.232Z] --- SERVER RESTARTED - ROUTES REGISTERED v1.0.6 ---
[2026-03-27T14:23:21.171Z] --- SERVER RESTARTED - ROUTES REGISTERED v1.0.6 ---
[2026-03-27T14:23:25.863Z] --- SERVER RESTARTED - ROUTES REGISTERED v1.0.6 ---
[2026-03-27T14:23:30.875Z] --- SERVER RESTARTED - ROUTES REGISTERED v1.0.6 ---
[2026-03-27T14:23:35.336Z] --- SERVER RESTARTED - ROUTES REGISTERED v1.0.6 ---
[2026-03-27T14:23:40.196Z] --- SERVER RESTARTED - ROUTES REGISTERED v1.0.6 ---
[2026-03-27T14:23:44.505Z] --- SERVER RESTARTED - ROUTES REGISTERED v1.0.6 ---
[2026-03-27T14:23:49.040Z] --- SERVER RESTARTED - ROUTES REGISTERED v1.0.6 ---
[2026-03-27T14:23:53.701Z] --- SERVER RESTARTED - ROUTES REGISTERED v1.0.6 ---
[2026-03-27T14:23:58.144Z] --- SERVER RESTARTED - ROUTES REGISTERED v1.0.6 ---
[2026-03-27T14:24:02.541Z] --- SERVER RESTARTED - ROUTES REGISTERED v1.0.6 ---
[2026-03-27T14:24:07.052Z] --- SERVER RESTARTED - ROUTES REGISTERED v1.0.6 ---
[2026-03-27T14:24:11.304Z] --- SERVER RESTARTED - ROUTES REGISTERED v1.0.6 ---
[2026-03-27T14:24:16.021Z] --- SERVER RESTARTED - ROUTES REGISTERED v1.0.6 ---
[2026-03-27T14:24:20.502Z] --- SERVER RESTARTED - ROUTES REGISTERED v1.0.6 ---
[2026-03-27T14:24:24.863Z] --- SERVER RESTARTED - ROUTES REGISTERED v1.0.6 ---
[2026-03-27T14:24:29.410Z] --- SERVER RESTARTED - ROUTES REGISTERED v1.0.6 ---
[2026-03-27T14:24:33.821Z] --- SERVER RESTARTED - ROUTES REGISTERED v1.0.6 ---
[2026-03-27T14:24:38.079Z] --- SERVER RESTARTED - ROUTES REGISTERED v1.0.6 ---
[2026-03-27T14:24:42.272Z] --- SERVER RESTARTED - ROUTES REGISTERED v1.0.6 ---
[2026-03-27T14:24:46.509Z] --- SERVER RESTARTED - ROUTES REGISTERED v1.0.6 ---
[2026-03-27T14:24:51.470Z] --- SERVER RESTARTED - ROUTES REGISTERED v1.0.6 ---
[2026-03-27T14:24:56.350Z] --- SERVER RESTARTED - ROUTES REGISTERED v1.0.6 ---
[2026-03-27T14:25:01.153Z] --- SERVER RESTARTED - ROUTES REGISTERED v1.0.6 ---
[2026-03-27T14:25:05.763Z] --- SERVER RESTARTED - ROUTES REGISTERED v1.0.6 ---
[2026-03-27T14:25:10.461Z] --- SERVER RESTARTED - ROUTES REGISTERED v1.0.6 ---
[2026-03-27T14:25:14.854Z] --- SERVER RESTARTED - ROUTES REGISTERED v1.0.6 ---
[2026-03-27T14:25:19.530Z] --- SERVER RESTARTED - ROUTES REGISTERED v1.0.6 ---
[2026-03-27T14:25:24.171Z] --- SERVER RESTARTED - ROUTES REGISTERED v1.0.6 ---
[2026-03-27T14:25:28.557Z] --- SERVER RESTARTED - ROUTES REGISTERED v1.0.6 ---
[2026-03-27T14:25:33.198Z] --- SERVER RESTARTED - ROUTES REGISTERED v1.0.6 ---
[2026-03-27T14:25:37.929Z] --- SERVER RESTARTED - ROUTES REGISTERED v1.0.6 ---
[2026-03-27T14:25:42.583Z] --- SERVER RESTARTED - ROUTES REGISTERED v1.0.6 ---
[2026-03-27T14:25:47.283Z] --- SERVER RESTARTED - ROUTES REGISTERED v1.0.6 ---
[2026-03-27T14:25:51.754Z] --- SERVER RESTARTED - ROUTES REGISTERED v1.0.6 ---
[2026-03-27T14:25:56.780Z] --- SERVER RESTARTED - ROUTES REGISTERED v1.0.6 ---
[2026-03-27T14:26:01.595Z] --- SERVER RESTARTED - ROUTES REGISTERED v1.0.6 ---
[2026-03-27T14:26:06.301Z] --- SERVER RESTARTED - ROUTES REGISTERED v1.0.6 ---
[2026-03-27T14:26:10.876Z] --- SERVER RESTARTED - ROUTES REGISTERED v1.0.6 ---
[2026-03-27T14:26:15.244Z] --- SERVER RESTARTED - ROUTES REGISTERED v1.0.6 ---
[2026-03-27T14:26:19.627Z] --- SERVER RESTARTED - ROUTES REGISTERED v1.0.6 ---
[2026-03-27T14:26:24.282Z] --- SERVER RESTARTED - ROUTES REGISTERED v1.0.6 ---
[2026-03-27T14:26:29.400Z] --- SERVER RESTARTED - ROUTES REGISTERED v1.0.6 ---
[2026-03-27T14:26:33.983Z] --- SERVER RESTARTED - ROUTES REGISTERED v1.0.6 ---
[2026-03-27T14:26:38.815Z] --- SERVER RESTARTED - ROUTES REGISTERED v1.0.6 ---
[2026-03-27T14:26:43.718Z] --- SERVER RESTARTED - ROUTES REGISTERED v1.0.6 ---
[2026-03-27T14:26:48.503Z] --- SERVER RESTARTED - ROUTES REGISTERED v1.0.6 ---
[2026-03-27T14:26:53.272Z] --- SERVER RESTARTED - ROUTES REGISTERED v1.0.6 ---
[2026-03-27T14:26:57.741Z] --- SERVER RESTARTED - ROUTES REGISTERED v1.0.6 ---
[2026-03-27T14:27:01.998Z] --- SERVER RESTARTED - ROUTES REGISTERED v1.0.6 ---
[2026-03-27T14:27:06.677Z] --- SERVER RESTARTED - ROUTES REGISTERED v1.0.6 ---
[2026-03-27T14:27:11.263Z] --- SERVER RESTARTED - ROUTES REGISTERED v1.0.6 ---
[2026-03-27T14:27:15.595Z] --- SERVER RESTARTED - ROUTES REGISTERED v1.0.6 ---
[2026-03-27T14:27:20.946Z] --- SERVER RESTARTED - ROUTES REGISTERED v1.0.6 ---
[2026-03-27T14:27:25.734Z] --- SERVER RESTARTED - ROUTES REGISTERED v1.0.6 ---
[2026-03-27T14:27:30.388Z] --- SERVER RESTARTED - ROUTES REGISTERED v1.0.6 ---
[2026-03-27T14:27:35.631Z] --- SERVER RESTARTED - ROUTES REGISTERED v1.0.6 ---
[2026-03-27T14:27:40.200Z] --- SERVER RESTARTED - ROUTES REGISTERED v1.0.6 ---
[2026-03-27T14:27:44.230Z] --- SERVER RESTARTED - ROUTES REGISTERED v1.0.6 ---
[2026-03-27T14:27:48.993Z] --- SERVER RESTARTED - ROUTES REGISTERED v1.0.6 ---
[2026-03-27T14:27:53.326Z] --- SERVER RESTARTED - ROUTES REGISTERED v1.0.6 ---
[2026-03-27T14:27:58.077Z] --- SERVER RESTARTED - ROUTES REGISTERED v1.0.6 ---
[2026-03-27T14:28:02.851Z] --- SERVER RESTARTED - ROUTES REGISTERED v1.0.6 ---
[2026-03-27T14:28:08.592Z] --- SERVER RESTARTED - ROUTES REGISTERED v1.0.6 ---
[2026-03-27T14:28:13.174Z] --- SERVER RESTARTED - ROUTES REGISTERED v1.0.6 ---
[2026-03-27T14:28:17.504Z] --- SERVER RESTARTED - ROUTES REGISTERED v1.0.6 ---
[2026-03-27T14:28:21.815Z] --- SERVER RESTARTED - ROUTES REGISTERED v1.0.6 ---
[2026-03-27T14:28:26.127Z] --- SERVER RESTARTED - ROUTES REGISTERED v1.0.6 ---
[2026-03-27T14:28:30.623Z] --- SERVER RESTARTED - ROUTES REGISTERED v1.0.6 ---
[2026-03-27T14:28:34.917Z] --- SERVER RESTARTED - ROUTES REGISTERED v1.0.6 ---
[2026-03-27T14:28:39.678Z] --- SERVER RESTARTED - ROUTES REGISTERED v1.0.6 ---
[2026-03-27T14:28:43.814Z] --- SERVER RESTARTED - ROUTES REGISTERED v1.0.6 ---
[2026-03-27T14:28:47.801Z] --- SERVER RESTARTED - ROUTES REGISTERED v1.0.6 ---
[2026-03-27T14:28:52.074Z] --- SERVER RESTARTED - ROUTES REGISTERED v1.0.6 ---
[2026-03-27T14:28:56.776Z] --- SERVER RESTARTED - ROUTES REGISTERED v1.0.6 ---
[2026-03-27T14:29:01.655Z] --- SERVER RESTARTED - ROUTES REGISTERED v1.0.6 ---
[2026-03-27T14:29:05.934Z] --- SERVER RESTARTED - ROUTES REGISTERED v1.0.6 ---
[2026-03-27T14:29:10.440Z] --- SERVER RESTARTED - ROUTES REGISTERED v1.0.6 ---
[2026-03-27T14:29:15.230Z] --- SERVER RESTARTED - ROUTES REGISTERED v1.0.6 ---
[2026-03-27T14:29:19.337Z] --- SERVER RESTARTED - ROUTES REGISTERED v1.0.6 ---
[2026-03-27T14:29:23.735Z] --- SERVER RESTARTED - ROUTES REGISTERED v1.0.6 ---
[2026-03-27T14:29:28.361Z] --- SERVER RESTARTED - ROUTES REGISTERED v1.0.6 ---
[2026-03-27T14:29:33.209Z] --- SERVER RESTARTED - ROUTES REGISTERED v1.0.6 ---
[2026-03-27T14:29:37.445Z] --- SERVER RESTARTED - ROUTES REGISTERED v1.0.6 ---
[2026-03-27T14:29:41.808Z] --- SERVER RESTARTED - ROUTES REGISTERED v1.0.6 ---
[2026-03-27T14:29:46.320Z] --- SERVER RESTARTED - ROUTES REGISTERED v1.0.6 ---
[2026-03-27T14:29:52.531Z] --- SERVER RESTARTED - ROUTES REGISTERED v1.0.6 ---
[2026-03-27T14:29:57.429Z] --- SERVER RESTARTED - ROUTES REGISTERED v1.0.6 ---
[2026-03-27T14:30:01.830Z] --- SERVER RESTARTED - ROUTES REGISTERED v1.0.6 ---
[2026-03-27T14:30:07.033Z] --- SERVER RESTARTED - ROUTES REGISTERED v1.0.6 ---
[2026-03-27T14:30:11.512Z] --- SERVER RESTARTED - ROUTES REGISTERED v1.0.6 ---
[2026-03-27T14:30:15.944Z] --- SERVER RESTARTED - ROUTES REGISTERED v1.0.6 ---
[2026-03-27T14:30:20.196Z] --- SERVER RESTARTED - ROUTES REGISTERED v1.0.6 ---
[2026-03-27T14:30:24.995Z] --- SERVER RESTARTED - ROUTES REGISTERED v1.0.6 ---
[2026-03-27T14:30:29.518Z] --- SERVER RESTARTED - ROUTES REGISTERED v1.0.6 ---
[2026-03-27T14:30:33.847Z] --- SERVER RESTARTED - ROUTES REGISTERED v1.0.6 ---
[2026-03-27T14:30:38.623Z] --- SERVER RESTARTED - ROUTES REGISTERED v1.0.6 ---
[2026-03-27T14:30:43.196Z] --- SERVER RESTARTED - ROUTES REGISTERED v1.0.6 ---
[2026-03-27T14:30:47.491Z] --- SERVER RESTARTED - ROUTES REGISTERED v1.0.6 ---
[2026-03-27T14:30:51.705Z] --- SERVER RESTARTED - ROUTES REGISTERED v1.0.6 ---
[2026-03-27T14:30:56.228Z] --- SERVER RESTARTED - ROUTES REGISTERED v1.0.6 ---
[2026-03-27T14:31:01.269Z] --- SERVER RESTARTED - ROUTES REGISTERED v1.0.6 ---
[2026-03-27T14:31:06.484Z] --- SERVER RESTARTED - ROUTES REGISTERED v1.0.6 ---
[2026-03-27T14:31:10.891Z] --- SERVER RESTARTED - ROUTES REGISTERED v1.0.6 ---
[2026-03-27T14:31:15.458Z] --- SERVER RESTARTED - ROUTES REGISTERED v1.0.6 ---
[2026-03-27T14:31:19.663Z] --- SERVER RESTARTED - ROUTES REGISTERED v1.0.6 ---
[2026-03-27T14:31:24.370Z] --- SERVER RESTARTED - ROUTES REGISTERED v1.0.6 ---
[2026-03-27T14:31:28.958Z] --- SERVER RESTARTED - ROUTES REGISTERED v1.0.6 ---
[2026-03-27T14:31:33.489Z] --- SERVER RESTARTED - ROUTES REGISTERED v1.0.6 ---
[2026-03-27T14:31:37.920Z] --- SERVER RESTARTED - ROUTES REGISTERED v1.0.6 ---
[2026-03-27T14:31:42.421Z] --- SERVER RESTARTED - ROUTES REGISTERED v1.0.6 ---
[2026-03-27T14:31:46.703Z] --- SERVER RESTARTED - ROUTES REGISTERED v1.0.6 ---
[2026-03-27T14:31:51.879Z] --- SERVER RESTARTED - ROUTES REGISTERED v1.0.6 ---
[2026-03-27T14:31:56.963Z] --- SERVER RESTARTED - ROUTES REGISTERED v1.0.6 ---
[2026-03-27T14:32:01.241Z] --- SERVER RESTARTED - ROUTES REGISTERED v1.0.6 ---
[2026-03-27T14:32:05.457Z] --- SERVER RESTARTED - ROUTES REGISTERED v1.0.6 ---
[2026-03-27T14:32:09.763Z] --- SERVER RESTARTED - ROUTES REGISTERED v1.0.6 ---
[2026-03-27T14:32:14.049Z] --- SERVER RESTARTED - ROUTES REGISTERED v1.0.6 ---
[2026-03-27T14:32:18.039Z] --- SERVER RESTARTED - ROUTES REGISTERED v1.0.6 ---
[2026-03-27T14:32:22.341Z] --- SERVER RESTARTED - ROUTES REGISTERED v1.0.6 ---
[2026-03-27T14:32:27.239Z] --- SERVER RESTARTED - ROUTES REGISTERED v1.0.6 ---
[2026-03-27T14:32:31.618Z] --- SERVER RESTARTED - ROUTES REGISTERED v1.0.6 ---
[2026-03-27T14:32:35.850Z] --- SERVER RESTARTED - ROUTES REGISTERED v1.0.6 ---
[2026-03-27T14:32:40.525Z] --- SERVER RESTARTED - ROUTES REGISTERED v1.0.6 ---
[2026-03-27T14:32:45.114Z] --- SERVER RESTARTED - ROUTES REGISTERED v1.0.6 ---
[2026-03-27T14:32:49.581Z] --- SERVER RESTARTED - ROUTES REGISTERED v1.0.6 ---
[2026-03-27T14:32:54.139Z] --- SERVER RESTARTED - ROUTES REGISTERED v1.0.6 ---
[2026-03-27T14:32:59.729Z] --- SERVER RESTARTED - ROUTES REGISTERED v1.0.6 ---
[2026-03-27T14:33:05.133Z] --- SERVER RESTARTED - ROUTES REGISTERED v1.0.6 ---
[2026-03-27T14:33:10.671Z] --- SERVER RESTARTED - ROUTES REGISTERED v1.0.6 ---
[2026-03-27T14:33:15.956Z] --- SERVER RESTARTED - ROUTES REGISTERED v1.0.6 ---
[2026-03-27T14:33:20.817Z] --- SERVER RESTARTED - ROUTES REGISTERED v1.0.6 ---
[2026-03-27T14:33:25.490Z] --- SERVER RESTARTED - ROUTES REGISTERED v1.0.6 ---
[2026-03-27T14:33:30.068Z] --- SERVER RESTARTED - ROUTES REGISTERED v1.0.6 ---
[2026-03-27T14:33:34.381Z] --- SERVER RESTARTED - ROUTES REGISTERED v1.0.6 ---
[2026-03-27T14:33:38.771Z] --- SERVER RESTARTED - ROUTES REGISTERED v1.0.6 ---
[2026-03-27T14:33:43.148Z] --- SERVER RESTARTED - ROUTES REGISTERED v1.0.6 ---
[2026-03-27T14:33:47.345Z] --- SERVER RESTARTED - ROUTES REGISTERED v1.0.6 ---
[2026-03-27T14:33:51.787Z] --- SERVER RESTARTED - ROUTES REGISTERED v1.0.6 ---
[2026-03-27T14:33:56.361Z] --- SERVER RESTARTED - ROUTES REGISTERED v1.0.6 ---
[2026-03-27T14:34:00.782Z] --- SERVER RESTARTED - ROUTES REGISTERED v1.0.6 ---
[2026-03-27T14:34:05.050Z] --- SERVER RESTARTED - ROUTES REGISTERED v1.0.6 ---
[2026-03-27T14:34:09.911Z] --- SERVER RESTARTED - ROUTES REGISTERED v1.0.6 ---
[2026-03-27T14:34:14.429Z] --- SERVER RESTARTED - ROUTES REGISTERED v1.0.6 ---
[2026-03-27T14:34:19.235Z] --- SERVER RESTARTED - ROUTES REGISTERED v1.0.6 ---
[2026-03-27T14:34:23.842Z] --- SERVER RESTARTED - ROUTES REGISTERED v1.0.6 ---
[2026-03-27T14:34:28.155Z] --- SERVER RESTARTED - ROUTES REGISTERED v1.0.6 ---
[2026-03-27T14:34:32.774Z] --- SERVER RESTARTED - ROUTES REGISTERED v1.0.6 ---
[2026-03-27T14:34:37.413Z] --- SERVER RESTARTED - ROUTES REGISTERED v1.0.6 ---
[2026-03-27T14:34:42.010Z] --- SERVER RESTARTED - ROUTES REGISTERED v1.0.6 ---
[2026-03-27T14:34:46.767Z] --- SERVER RESTARTED - ROUTES REGISTERED v1.0.6 ---
[2026-03-27T14:34:51.055Z] --- SERVER RESTARTED - ROUTES REGISTERED v1.0.6 ---
[2026-03-27T14:34:55.970Z] --- SERVER RESTARTED - ROUTES REGISTERED v1.0.6 ---
[2026-03-27T14:35:00.378Z] --- SERVER RESTARTED - ROUTES REGISTERED v1.0.6 ---
[2026-03-27T14:35:05.009Z] --- SERVER RESTARTED - ROUTES REGISTERED v1.0.6 ---
[2026-03-27T14:35:09.174Z] --- SERVER RESTARTED - ROUTES REGISTERED v1.0.6 ---
[2026-03-27T14:35:13.982Z] --- SERVER RESTARTED - ROUTES REGISTERED v1.0.6 ---
[2026-03-27T14:35:18.379Z] --- SERVER RESTARTED - ROUTES REGISTERED v1.0.6 ---
[2026-03-27T14:35:23.051Z] --- SERVER RESTARTED - ROUTES REGISTERED v1.0.6 ---
[2026-03-27T14:35:28.478Z] --- SERVER RESTARTED - ROUTES REGISTERED v1.0.6 ---
[2026-03-27T14:35:33.988Z] --- SERVER RESTARTED - ROUTES REGISTERED v1.0.6 ---
[2026-03-27T14:35:38.838Z] --- SERVER RESTARTED - ROUTES REGISTERED v1.0.6 ---
[2026-03-27T14:35:43.304Z] --- SERVER RESTARTED - ROUTES REGISTERED v1.0.6 ---
[2026-03-27T14:35:48.908Z] --- SERVER RESTARTED - ROUTES REGISTERED v1.0.6 ---
[2026-03-27T14:35:53.442Z] --- SERVER RESTARTED - ROUTES REGISTERED v1.0.6 ---
[2026-03-27T14:35:58.221Z] --- SERVER RESTARTED - ROUTES REGISTERED v1.0.6 ---
[2026-03-27T14:36:02.716Z] --- SERVER RESTARTED - ROUTES REGISTERED v1.0.6 ---
[2026-03-27T14:36:07.355Z] --- SERVER RESTARTED - ROUTES REGISTERED v1.0.6 ---
[2026-03-27T14:36:11.628Z] --- SERVER RESTARTED - ROUTES REGISTERED v1.0.6 ---
[2026-03-27T14:36:16.126Z] --- SERVER RESTARTED - ROUTES REGISTERED v1.0.6 ---
[2026-03-27T14:36:20.857Z] --- SERVER RESTARTED - ROUTES REGISTERED v1.0.6 ---
[2026-03-27T14:36:26.058Z] --- SERVER RESTARTED - ROUTES REGISTERED v1.0.6 ---
[2026-03-27T14:36:30.356Z] --- SERVER RESTARTED - ROUTES REGISTERED v1.0.6 ---
[2026-03-27T14:36:34.747Z] --- SERVER RESTARTED - ROUTES REGISTERED v1.0.6 ---
[2026-03-27T14:36:38.912Z] --- SERVER RESTARTED - ROUTES REGISTERED v1.0.6 ---
[2026-03-27T14:36:43.384Z] --- SERVER RESTARTED - ROUTES REGISTERED v1.0.6 ---
[2026-03-27T14:36:47.767Z] --- SERVER RESTARTED - ROUTES REGISTERED v1.0.6 ---
[2026-03-27T14:36:52.245Z] --- SERVER RESTARTED - ROUTES REGISTERED v1.0.6 ---
[2026-03-27T14:36:57.084Z] --- SERVER RESTARTED - ROUTES REGISTERED v1.0.6 ---
[2026-03-27T14:37:01.295Z] --- SERVER RESTARTED - ROUTES REGISTERED v1.0.6 ---
[2026-03-27T14:37:05.452Z] --- SERVER RESTARTED - ROUTES REGISTERED v1.0.6 ---
[2026-03-27T14:37:09.535Z] --- SERVER RESTARTED - ROUTES REGISTERED v1.0.6 ---
[2026-03-27T14:37:14.104Z] --- SERVER RESTARTED - ROUTES REGISTERED v1.0.6 ---
[2026-03-27T14:37:18.405Z] --- SERVER RESTARTED - ROUTES REGISTERED v1.0.6 ---
[2026-03-27T14:37:23.454Z] --- SERVER RESTARTED - ROUTES REGISTERED v1.0.6 ---
[2026-03-27T14:37:27.736Z] --- SERVER RESTARTED - ROUTES REGISTERED v1.0.6 ---
[2026-03-27T14:37:32.007Z] --- SERVER RESTARTED - ROUTES REGISTERED v1.0.6 ---
[2026-03-27T14:37:36.494Z] --- SERVER RESTARTED - ROUTES REGISTERED v1.0.6 ---
[2026-03-27T14:37:41.292Z] --- SERVER RESTARTED - ROUTES REGISTERED v1.0.6 ---
[2026-03-27T14:37:45.593Z] --- SERVER RESTARTED - ROUTES REGISTERED v1.0.6 ---
[2026-03-27T14:37:50.221Z] --- SERVER RESTARTED - ROUTES REGISTERED v1.0.6 ---
[2026-03-27T14:37:55.118Z] --- SERVER RESTARTED - ROUTES REGISTERED v1.0.6 ---
[2026-03-27T14:38:00.233Z] --- SERVER RESTARTED - ROUTES REGISTERED v1.0.6 ---
[2026-03-27T14:38:04.642Z] --- SERVER RESTARTED - ROUTES REGISTERED v1.0.6 ---
[2026-03-27T14:38:08.878Z] --- SERVER RESTARTED - ROUTES REGISTERED v1.0.6 ---
[2026-03-27T14:38:13.253Z] --- SERVER RESTARTED - ROUTES REGISTERED v1.0.6 ---
[2026-03-27T14:38:17.457Z] --- SERVER RESTARTED - ROUTES REGISTERED v1.0.6 ---
[2026-03-27T14:38:21.809Z] --- SERVER RESTARTED - ROUTES REGISTERED v1.0.6 ---
[2026-03-27T14:38:26.513Z] --- SERVER RESTARTED - ROUTES REGISTERED v1.0.6 ---
[2026-03-27T14:38:30.915Z] --- SERVER RESTARTED - ROUTES REGISTERED v1.0.6 ---
[2026-03-27T14:38:35.066Z] --- SERVER RESTARTED - ROUTES REGISTERED v1.0.6 ---
[2026-03-27T14:38:39.231Z] --- SERVER RESTARTED - ROUTES REGISTERED v1.0.6 ---
[2026-03-27T14:38:43.709Z] --- SERVER RESTARTED - ROUTES REGISTERED v1.0.6 ---
[2026-03-27T14:38:48.119Z] --- SERVER RESTARTED - ROUTES REGISTERED v1.0.6 ---
[2026-03-27T14:38:52.506Z] --- SERVER RESTARTED - ROUTES REGISTERED v1.0.6 ---
[2026-03-27T14:38:56.889Z] --- SERVER RESTARTED - ROUTES REGISTERED v1.0.6 ---
[2026-03-27T14:39:01.136Z] --- SERVER RESTARTED - ROUTES REGISTERED v1.0.6 ---
[2026-03-27T14:39:05.735Z] --- SERVER RESTARTED - ROUTES REGISTERED v1.0.6 ---
[2026-03-27T14:39:10.037Z] --- SERVER RESTARTED - ROUTES REGISTERED v1.0.6 ---
[2026-03-27T14:39:14.345Z] --- SERVER RESTARTED - ROUTES REGISTERED v1.0.6 ---
[2026-03-27T14:39:18.323Z] --- SERVER RESTARTED - ROUTES REGISTERED v1.0.6 ---
[2026-03-27T14:39:22.722Z] --- SERVER RESTARTED - ROUTES REGISTERED v1.0.6 ---
[2026-03-27T14:39:27.597Z] --- SERVER RESTARTED - ROUTES REGISTERED v1.0.6 ---
[2026-03-27T14:39:31.687Z] --- SERVER RESTARTED - ROUTES REGISTERED v1.0.6 ---
[2026-03-27T14:39:35.928Z] --- SERVER RESTARTED - ROUTES REGISTERED v1.0.6 ---
[2026-03-27T14:39:39.900Z] --- SERVER RESTARTED - ROUTES REGISTERED v1.0.6 ---
[2026-03-27T14:39:44.128Z] --- SERVER RESTARTED - ROUTES REGISTERED v1.0.6 ---
[2026-03-27T14:39:48.866Z] --- SERVER RESTARTED - ROUTES REGISTERED v1.0.6 ---
[2026-03-27T14:39:53.154Z] --- SERVER RESTARTED - ROUTES REGISTERED v1.0.6 ---
[2026-03-27T14:39:57.565Z] --- SERVER RESTARTED - ROUTES REGISTERED v1.0.6 ---
[2026-03-27T14:40:01.980Z] --- SERVER RESTARTED - ROUTES REGISTERED v1.0.6 ---
[2026-03-27T14:40:06.463Z] --- SERVER RESTARTED - ROUTES REGISTERED v1.0.6 ---
[2026-03-27T14:40:10.675Z] --- SERVER RESTARTED - ROUTES REGISTERED v1.0.6 ---
[2026-03-27T14:40:14.694Z] --- SERVER RESTARTED - ROUTES REGISTERED v1.0.6 ---
[2026-03-27T14:40:18.906Z] --- SERVER RESTARTED - ROUTES REGISTERED v1.0.6 ---
[2026-03-27T14:40:23.886Z] --- SERVER RESTARTED - ROUTES REGISTERED v1.0.6 ---
[2026-03-27T14:40:28.763Z] --- SERVER RESTARTED - ROUTES REGISTERED v1.0.6 ---
[2026-03-27T14:40:33.199Z] --- SERVER RESTARTED - ROUTES REGISTERED v1.0.6 ---
[2026-03-27T14:40:37.393Z] --- SERVER RESTARTED - ROUTES REGISTERED v1.0.6 ---
[2026-03-27T14:40:41.692Z] --- SERVER RESTARTED - ROUTES REGISTERED v1.0.6 ---
[2026-03-27T14:40:45.728Z] --- SERVER RESTARTED - ROUTES REGISTERED v1.0.6 ---
[2026-03-27T14:40:50.673Z] --- SERVER RESTARTED - ROUTES REGISTERED v1.0.6 ---
[2026-03-27T14:40:55.484Z] --- SERVER RESTARTED - ROUTES REGISTERED v1.0.6 ---
[2026-03-27T14:41:00.083Z] --- SERVER RESTARTED - ROUTES REGISTERED v1.0.6 ---
[2026-03-27T14:41:04.604Z] --- SERVER RESTARTED - ROUTES REGISTERED v1.0.6 ---
[2026-03-27T14:41:09.496Z] --- SERVER RESTARTED - ROUTES REGISTERED v1.0.6 ---
[2026-03-27T14:41:13.963Z] --- SERVER RESTARTED - ROUTES REGISTERED v1.0.6 ---
[2026-03-27T14:41:18.205Z] --- SERVER RESTARTED - ROUTES REGISTERED v1.0.6 ---
[2026-03-27T14:41:22.588Z] --- SERVER RESTARTED - ROUTES REGISTERED v1.0.6 ---
[2026-03-27T14:41:27.034Z] --- SERVER RESTARTED - ROUTES REGISTERED v1.0.6 ---
[2026-03-27T14:41:31.623Z] --- SERVER RESTARTED - ROUTES REGISTERED v1.0.6 ---
[2026-03-27T14:41:36.371Z] --- SERVER RESTARTED - ROUTES REGISTERED v1.0.6 ---
[2026-03-27T14:41:41.542Z] --- SERVER RESTARTED - ROUTES REGISTERED v1.0.6 ---
[2026-03-27T14:41:46.405Z] --- SERVER RESTARTED - ROUTES REGISTERED v1.0.6 ---
[2026-03-27T14:41:50.921Z] --- SERVER RESTARTED - ROUTES REGISTERED v1.0.6 ---
[2026-03-27T14:41:55.670Z] --- SERVER RESTARTED - ROUTES REGISTERED v1.0.6 ---
[2026-03-27T14:42:00.818Z] --- SERVER RESTARTED - ROUTES REGISTERED v1.0.6 ---
[2026-03-27T14:42:05.183Z] --- SERVER RESTARTED - ROUTES REGISTERED v1.0.6 ---
[2026-03-27T14:42:09.708Z] --- SERVER RESTARTED - ROUTES REGISTERED v1.0.6 ---
[2026-03-27T14:42:13.887Z] --- SERVER RESTARTED - ROUTES REGISTERED v1.0.6 ---
[2026-03-27T14:42:18.251Z] --- SERVER RESTARTED - ROUTES REGISTERED v1.0.6 ---
[2026-03-27T14:42:22.991Z] --- SERVER RESTARTED - ROUTES REGISTERED v1.0.6 ---
[2026-03-27T14:42:27.745Z] --- SERVER RESTARTED - ROUTES REGISTERED v1.0.6 ---
[2026-03-27T14:42:32.571Z] --- SERVER RESTARTED - ROUTES REGISTERED v1.0.6 ---
[2026-03-27T14:42:36.741Z] --- SERVER RESTARTED - ROUTES REGISTERED v1.0.6 ---
[2026-03-27T14:42:40.920Z] --- SERVER RESTARTED - ROUTES REGISTERED v1.0.6 ---
[2026-03-27T14:42:44.942Z] --- SERVER RESTARTED - ROUTES REGISTERED v1.0.6 ---
[2026-03-27T14:42:49.338Z] --- SERVER RESTARTED - ROUTES REGISTERED v1.0.6 ---
[2026-03-27T14:42:54.119Z] --- SERVER RESTARTED - ROUTES REGISTERED v1.0.6 ---
[2026-03-27T14:42:59.275Z] --- SERVER RESTARTED - ROUTES REGISTERED v1.0.6 ---
[2026-03-27T14:43:03.930Z] --- SERVER RESTARTED - ROUTES REGISTERED v1.0.6 ---
[2026-03-27T14:43:08.734Z] --- SERVER RESTARTED - ROUTES REGISTERED v1.0.6 ---
[2026-03-27T14:43:13.110Z] --- SERVER RESTARTED - ROUTES REGISTERED v1.0.6 ---
[2026-03-27T14:43:17.669Z] --- SERVER RESTARTED - ROUTES REGISTERED v1.0.6 ---
[2026-03-27T14:43:21.755Z] --- SERVER RESTARTED - ROUTES REGISTERED v1.0.6 ---
[2026-03-27T14:43:26.116Z] --- SERVER RESTARTED - ROUTES REGISTERED v1.0.6 ---
[2026-03-27T14:43:30.387Z] --- SERVER RESTARTED - ROUTES REGISTERED v1.0.6 ---
[2026-03-27T14:43:34.627Z] --- SERVER RESTARTED - ROUTES REGISTERED v1.0.6 ---
[2026-03-27T14:43:38.695Z] --- SERVER RESTARTED - ROUTES REGISTERED v1.0.6 ---
[2026-03-27T14:43:42.944Z] --- SERVER RESTARTED - ROUTES REGISTERED v1.0.6 ---
[2026-03-27T14:43:46.971Z] --- SERVER RESTARTED - ROUTES REGISTERED v1.0.6 ---
[2026-03-27T14:43:51.136Z] --- SERVER RESTARTED - ROUTES REGISTERED v1.0.6 ---
[2026-03-27T14:43:55.673Z] --- SERVER RESTARTED - ROUTES REGISTERED v1.0.6 ---
[2026-03-27T14:44:00.319Z] --- SERVER RESTARTED - ROUTES REGISTERED v1.0.6 ---
[2026-03-27T14:44:04.700Z] --- SERVER RESTARTED - ROUTES REGISTERED v1.0.6 ---
[2026-03-27T14:44:08.922Z] --- SERVER RESTARTED - ROUTES REGISTERED v1.0.6 ---
[2026-03-27T14:44:13.103Z] --- SERVER RESTARTED - ROUTES REGISTERED v1.0.6 ---
[2026-03-27T14:44:17.548Z] --- SERVER RESTARTED - ROUTES REGISTERED v1.0.6 ---
[2026-03-27T14:44:23.944Z] --- SERVER RESTARTED - ROUTES REGISTERED v1.0.6 ---
[2026-03-27T14:44:29.602Z] --- SERVER RESTARTED - ROUTES REGISTERED v1.0.6 ---
[2026-03-27T14:44:34.923Z] --- SERVER RESTARTED - ROUTES REGISTERED v1.0.6 ---
[2026-03-27T14:44:39.848Z] --- SERVER RESTARTED - ROUTES REGISTERED v1.0.6 ---
[2026-03-27T14:44:44.109Z] --- SERVER RESTARTED - ROUTES REGISTERED v1.0.6 ---
[2026-03-27T14:44:48.858Z] --- SERVER RESTARTED - ROUTES REGISTERED v1.0.6 ---
[2026-03-27T14:44:53.136Z] --- SERVER RESTARTED - ROUTES REGISTERED v1.0.6 ---
[2026-03-27T14:44:58.018Z] --- SERVER RESTARTED - ROUTES REGISTERED v1.0.6 ---
[2026-03-27T14:45:04.273Z] --- SERVER RESTARTED - ROUTES REGISTERED v1.0.6 ---
[2026-03-27T14:45:09.352Z] --- SERVER RESTARTED - ROUTES REGISTERED v1.0.6 ---
[2026-03-27T14:45:13.577Z] --- SERVER RESTARTED - ROUTES REGISTERED v1.0.6 ---
[2026-03-27T14:45:17.955Z] --- SERVER RESTARTED - ROUTES REGISTERED v1.0.6 ---
[2026-03-27T14:45:23.199Z] --- SERVER RESTARTED - ROUTES REGISTERED v1.0.6 ---
[2026-03-27T14:45:27.884Z] --- SERVER RESTARTED - ROUTES REGISTERED v1.0.6 ---
[2026-03-27T14:45:32.696Z] --- SERVER RESTARTED - ROUTES REGISTERED v1.0.6 ---
[2026-03-27T14:45:38.087Z] --- SERVER RESTARTED - ROUTES REGISTERED v1.0.6 ---
[2026-03-27T14:45:42.373Z] --- SERVER RESTARTED - ROUTES REGISTERED v1.0.6 ---
[2026-03-27T14:45:46.560Z] --- SERVER RESTARTED - ROUTES REGISTERED v1.0.6 ---
[2026-03-27T14:45:50.867Z] --- SERVER RESTARTED - ROUTES REGISTERED v1.0.6 ---
[2026-03-27T14:45:55.390Z] --- SERVER RESTARTED - ROUTES REGISTERED v1.0.6 ---
[2026-03-27T14:46:03.023Z] --- SERVER RESTARTED - ROUTES REGISTERED v1.0.6 ---
[2026-03-27T14:46:07.636Z] --- SERVER RESTARTED - ROUTES REGISTERED v1.0.6 ---
[2026-03-27T14:46:11.821Z] --- SERVER RESTARTED - ROUTES REGISTERED v1.0.6 ---
[2026-03-27T14:46:16.829Z] --- SERVER RESTARTED - ROUTES REGISTERED v1.0.6 ---
[2026-03-27T14:46:21.459Z] --- SERVER RESTARTED - ROUTES REGISTERED v1.0.6 ---
[2026-03-27T14:46:25.799Z] --- SERVER RESTARTED - ROUTES REGISTERED v1.0.6 ---
[2026-03-27T14:46:30.469Z] --- SERVER RESTARTED - ROUTES REGISTERED v1.0.6 ---
[2026-03-27T14:46:34.707Z] --- SERVER RESTARTED - ROUTES REGISTERED v1.0.6 ---
[2026-03-27T14:46:38.848Z] --- SERVER RESTARTED - ROUTES REGISTERED v1.0.6 ---
[2026-03-27T14:46:42.997Z] --- SERVER RESTARTED - ROUTES REGISTERED v1.0.6 ---
[2026-03-27T14:46:47.153Z] --- SERVER RESTARTED - ROUTES REGISTERED v1.0.6 ---
[2026-03-27T14:46:51.265Z] --- SERVER RESTARTED - ROUTES REGISTERED v1.0.6 ---
[2026-03-27T14:46:55.720Z] --- SERVER RESTARTED - ROUTES REGISTERED v1.0.6 ---
[2026-03-27T14:47:00.440Z] --- SERVER RESTARTED - ROUTES REGISTERED v1.0.6 ---
[2026-03-27T14:47:04.923Z] --- SERVER RESTARTED - ROUTES REGISTERED v1.0.6 ---
[2026-03-27T14:47:09.484Z] --- SERVER RESTARTED - ROUTES REGISTERED v1.0.6 ---
[2026-03-27T14:47:13.766Z] --- SERVER RESTARTED - ROUTES REGISTERED v1.0.6 ---
[2026-03-27T14:47:17.665Z] --- SERVER RESTARTED - ROUTES REGISTERED v1.0.6 ---
[2026-03-27T14:47:21.970Z] --- SERVER RESTARTED - ROUTES REGISTERED v1.0.6 ---
[2026-03-27T14:47:26.532Z] --- SERVER RESTARTED - ROUTES REGISTERED v1.0.6 ---
[2026-03-27T14:47:31.086Z] --- SERVER RESTARTED - ROUTES REGISTERED v1.0.6 ---
[2026-03-27T14:47:35.580Z] --- SERVER RESTARTED - ROUTES REGISTERED v1.0.6 ---
[2026-03-27T14:47:40.246Z] --- SERVER RESTARTED - ROUTES REGISTERED v1.0.6 ---
[2026-03-27T14:47:44.757Z] --- SERVER RESTARTED - ROUTES REGISTERED v1.0.6 ---
[2026-03-27T14:47:49.119Z] --- SERVER RESTARTED - ROUTES REGISTERED v1.0.6 ---
[2026-03-27T14:47:53.630Z] --- SERVER RESTARTED - ROUTES REGISTERED v1.0.6 ---
[2026-03-27T14:47:58.519Z] --- SERVER RESTARTED - ROUTES REGISTERED v1.0.6 ---
[2026-03-27T14:48:03.378Z] --- SERVER RESTARTED - ROUTES REGISTERED v1.0.6 ---
[2026-03-27T14:48:07.776Z] --- SERVER RESTARTED - ROUTES REGISTERED v1.0.6 ---
[2026-03-27T14:48:12.044Z] --- SERVER RESTARTED - ROUTES REGISTERED v1.0.6 ---
[2026-03-27T14:48:16.201Z] --- SERVER RESTARTED - ROUTES REGISTERED v1.0.6 ---
[2026-03-27T14:48:20.332Z] --- SERVER RESTARTED - ROUTES REGISTERED v1.0.6 ---
[2026-03-27T14:48:24.859Z] --- SERVER RESTARTED - ROUTES REGISTERED v1.0.6 ---
[2026-03-27T14:48:30.036Z] --- SERVER RESTARTED - ROUTES REGISTERED v1.0.6 ---
[2026-03-27T14:48:34.356Z] --- SERVER RESTARTED - ROUTES REGISTERED v1.0.6 ---
[2026-03-27T14:48:38.654Z] --- SERVER RESTARTED - ROUTES REGISTERED v1.0.6 ---
[2026-03-27T14:48:42.712Z] --- SERVER RESTARTED - ROUTES REGISTERED v1.0.6 ---
[2026-03-27T14:48:46.658Z] --- SERVER RESTARTED - ROUTES REGISTERED v1.0.6 ---
[2026-03-27T14:48:50.876Z] --- SERVER RESTARTED - ROUTES REGISTERED v1.0.6 ---
[2026-03-27T14:48:55.286Z] --- SERVER RESTARTED - ROUTES REGISTERED v1.0.6 ---
[2026-03-27T14:48:59.747Z] --- SERVER RESTARTED - ROUTES REGISTERED v1.0.6 ---
[2026-03-27T14:49:03.982Z] --- SERVER RESTARTED - ROUTES REGISTERED v1.0.6 ---
[2026-03-27T14:49:08.301Z] --- SERVER RESTARTED - ROUTES REGISTERED v1.0.6 ---
[2026-03-27T14:49:12.498Z] --- SERVER RESTARTED - ROUTES REGISTERED v1.0.6 ---
[2026-03-27T14:49:16.589Z] --- SERVER RESTARTED - ROUTES REGISTERED v1.0.6 ---
[2026-03-27T14:49:20.873Z] --- SERVER RESTARTED - ROUTES REGISTERED v1.0.6 ---
[2026-03-27T14:49:25.032Z] --- SERVER RESTARTED - ROUTES REGISTERED v1.0.6 ---
[2026-03-27T14:49:29.477Z] --- SERVER RESTARTED - ROUTES REGISTERED v1.0.6 ---
[2026-03-27T14:49:34.172Z] --- SERVER RESTARTED - ROUTES REGISTERED v1.0.6 ---
[2026-03-27T14:49:38.468Z] --- SERVER RESTARTED - ROUTES REGISTERED v1.0.6 ---
[2026-03-27T14:49:43.083Z] --- SERVER RESTARTED - ROUTES REGISTERED v1.0.6 ---
[2026-03-27T14:49:47.664Z] --- SERVER RESTARTED - ROUTES REGISTERED v1.0.6 ---
[2026-03-27T14:49:51.888Z] --- SERVER RESTARTED - ROUTES REGISTERED v1.0.6 ---
[2026-03-27T14:49:56.268Z] --- SERVER RESTARTED - ROUTES REGISTERED v1.0.6 ---
[2026-03-27T14:50:01.134Z] --- SERVER RESTARTED - ROUTES REGISTERED v1.0.6 ---
[2026-03-27T14:50:05.719Z] --- SERVER RESTARTED - ROUTES REGISTERED v1.0.6 ---
[2026-03-27T14:50:10.179Z] --- SERVER RESTARTED - ROUTES REGISTERED v1.0.6 ---
[2026-03-27T14:50:14.432Z] --- SERVER RESTARTED - ROUTES REGISTERED v1.0.6 ---
[2026-03-27T14:50:18.484Z] --- SERVER RESTARTED - ROUTES REGISTERED v1.0.6 ---
[2026-03-27T14:50:22.939Z] --- SERVER RESTARTED - ROUTES REGISTERED v1.0.6 ---
[2026-03-27T14:50:27.215Z] --- SERVER RESTARTED - ROUTES REGISTERED v1.0.6 ---
[2026-03-27T14:50:31.660Z] --- SERVER RESTARTED - ROUTES REGISTERED v1.0.6 ---
[2026-03-27T14:50:36.045Z] --- SERVER RESTARTED - ROUTES REGISTERED v1.0.6 ---
[2026-03-27T14:50:40.286Z] --- SERVER RESTARTED - ROUTES REGISTERED v1.0.6 ---
[2026-03-27T14:50:44.489Z] --- SERVER RESTARTED - ROUTES REGISTERED v1.0.6 ---
[2026-03-27T14:50:49.513Z] --- SERVER RESTARTED - ROUTES REGISTERED v1.0.6 ---
[2026-03-27T14:50:53.811Z] --- SERVER RESTARTED - ROUTES REGISTERED v1.0.6 ---
[2026-03-27T14:50:58.034Z] --- SERVER RESTARTED - ROUTES REGISTERED v1.0.6 ---
[2026-03-27T14:51:02.205Z] --- SERVER RESTARTED - ROUTES REGISTERED v1.0.6 ---
[2026-03-27T14:51:07.291Z] --- SERVER RESTARTED - ROUTES REGISTERED v1.0.6 ---
[2026-03-27T14:51:11.651Z] --- SERVER RESTARTED - ROUTES REGISTERED v1.0.6 ---
[2026-03-27T14:51:15.861Z] --- SERVER RESTARTED - ROUTES REGISTERED v1.0.6 ---
[2026-03-27T14:51:20.161Z] --- SERVER RESTARTED - ROUTES REGISTERED v1.0.6 ---
[2026-03-27T14:51:24.472Z] --- SERVER RESTARTED - ROUTES REGISTERED v1.0.6 ---
[2026-03-27T14:51:28.516Z] --- SERVER RESTARTED - ROUTES REGISTERED v1.0.6 ---
[2026-03-27T14:51:32.760Z] --- SERVER RESTARTED - ROUTES REGISTERED v1.0.6 ---
[2026-03-27T14:51:37.302Z] --- SERVER RESTARTED - ROUTES REGISTERED v1.0.6 ---
[2026-03-27T14:51:41.625Z] --- SERVER RESTARTED - ROUTES REGISTERED v1.0.6 ---
[2026-03-27T14:51:46.131Z] --- SERVER RESTARTED - ROUTES REGISTERED v1.0.6 ---
[2026-03-27T14:51:50.408Z] --- SERVER RESTARTED - ROUTES REGISTERED v1.0.6 ---
[2026-03-27T14:51:55.498Z] --- SERVER RESTARTED - ROUTES REGISTERED v1.0.6 ---
[2026-03-27T14:51:59.811Z] --- SERVER RESTARTED - ROUTES REGISTERED v1.0.6 ---
[2026-03-27T14:52:04.382Z] --- SERVER RESTARTED - ROUTES REGISTERED v1.0.6 ---
[2026-03-27T14:52:08.913Z] --- SERVER RESTARTED - ROUTES REGISTERED v1.0.6 ---
[2026-03-27T14:52:13.526Z] --- SERVER RESTARTED - ROUTES REGISTERED v1.0.6 ---
[2026-03-27T14:52:18.210Z] --- SERVER RESTARTED - ROUTES REGISTERED v1.0.6 ---
[2026-03-27T14:52:22.668Z] --- SERVER RESTARTED - ROUTES REGISTERED v1.0.6 ---
[2026-03-27T14:52:26.880Z] --- SERVER RESTARTED - ROUTES REGISTERED v1.0.6 ---
[2026-03-27T14:52:31.045Z] --- SERVER RESTARTED - ROUTES REGISTERED v1.0.6 ---
[2026-03-27T14:52:35.387Z] --- SERVER RESTARTED - ROUTES REGISTERED v1.0.6 ---
[2026-03-27T14:52:40.041Z] --- SERVER RESTARTED - ROUTES REGISTERED v1.0.6 ---
[2026-03-27T14:52:44.167Z] --- SERVER RESTARTED - ROUTES REGISTERED v1.0.6 ---
[2026-03-27T14:52:49.151Z] --- SERVER RESTARTED - ROUTES REGISTERED v1.0.6 ---
[2026-03-27T14:52:53.256Z] --- SERVER RESTARTED - ROUTES REGISTERED v1.0.6 ---
[2026-03-27T14:52:57.574Z] --- SERVER RESTARTED - ROUTES REGISTERED v1.0.6 ---
[2026-03-27T14:53:01.949Z] --- SERVER RESTARTED - ROUTES REGISTERED v1.0.6 ---
[2026-03-27T14:53:06.928Z] --- SERVER RESTARTED - ROUTES REGISTERED v1.0.6 ---
[2026-03-27T14:53:11.931Z] --- SERVER RESTARTED - ROUTES REGISTERED v1.0.6 ---
[2026-03-27T14:53:16.622Z] --- SERVER RESTARTED - ROUTES REGISTERED v1.0.6 ---
[2026-03-27T14:53:20.784Z] --- SERVER RESTARTED - ROUTES REGISTERED v1.0.6 ---
[2026-03-27T14:53:25.250Z] --- SERVER RESTARTED - ROUTES REGISTERED v1.0.6 ---
[2026-03-27T14:53:30.043Z] --- SERVER RESTARTED - ROUTES REGISTERED v1.0.6 ---
[2026-03-27T14:53:34.377Z] --- SERVER RESTARTED - ROUTES REGISTERED v1.0.6 ---
[2026-03-27T14:53:38.326Z] --- SERVER RESTARTED - ROUTES REGISTERED v1.0.6 ---
[2026-03-27T14:53:42.352Z] --- SERVER RESTARTED - ROUTES REGISTERED v1.0.6 ---
[2026-03-27T14:53:46.609Z] --- SERVER RESTARTED - ROUTES REGISTERED v1.0.6 ---
[2026-03-27T14:53:50.795Z] --- SERVER RESTARTED - ROUTES REGISTERED v1.0.6 ---
[2026-03-27T14:53:55.045Z] --- SERVER RESTARTED - ROUTES REGISTERED v1.0.6 ---
[2026-03-27T14:53:59.535Z] --- SERVER RESTARTED - ROUTES REGISTERED v1.0.6 ---
[2026-03-27T14:54:04.135Z] --- SERVER RESTARTED - ROUTES REGISTERED v1.0.6 ---
[2026-03-27T14:54:08.621Z] --- SERVER RESTARTED - ROUTES REGISTERED v1.0.6 ---
[2026-03-27T14:54:13.027Z] --- SERVER RESTARTED - ROUTES REGISTERED v1.0.6 ---
[2026-03-27T14:54:17.390Z] --- SERVER RESTARTED - ROUTES REGISTERED v1.0.6 ---
[2026-03-27T14:54:22.508Z] --- SERVER RESTARTED - ROUTES REGISTERED v1.0.6 ---
[2026-03-27T14:54:27.735Z] --- SERVER RESTARTED - ROUTES REGISTERED v1.0.6 ---
[2026-03-27T14:54:32.325Z] --- SERVER RESTARTED - ROUTES REGISTERED v1.0.6 ---
[2026-03-27T14:54:37.096Z] --- SERVER RESTARTED - ROUTES REGISTERED v1.0.6 ---
[2026-03-27T14:54:41.866Z] --- SERVER RESTARTED - ROUTES REGISTERED v1.0.6 ---
[2026-03-27T14:54:46.753Z] --- SERVER RESTARTED - ROUTES REGISTERED v1.0.6 ---
[2026-03-27T14:54:51.077Z] --- SERVER RESTARTED - ROUTES REGISTERED v1.0.6 ---
[2026-03-27T14:54:55.578Z] --- SERVER RESTARTED - ROUTES REGISTERED v1.0.6 ---
[2026-03-27T14:55:00.382Z] --- SERVER RESTARTED - ROUTES REGISTERED v1.0.6 ---
[2026-03-27T14:55:04.761Z] --- SERVER RESTARTED - ROUTES REGISTERED v1.0.6 ---
[2026-03-27T14:55:09.182Z] --- SERVER RESTARTED - ROUTES REGISTERED v1.0.6 ---
[2026-03-27T14:55:13.692Z] --- SERVER RESTARTED - ROUTES REGISTERED v1.0.6 ---
[2026-03-27T14:55:18.248Z] --- SERVER RESTARTED - ROUTES REGISTERED v1.0.6 ---
[2026-03-27T14:55:22.710Z] --- SERVER RESTARTED - ROUTES REGISTERED v1.0.6 ---
[2026-03-27T14:55:27.138Z] --- SERVER RESTARTED - ROUTES REGISTERED v1.0.6 ---
[2026-03-27T14:55:31.355Z] --- SERVER RESTARTED - ROUTES REGISTERED v1.0.6 ---
[2026-03-27T14:55:35.577Z] --- SERVER RESTARTED - ROUTES REGISTERED v1.0.6 ---
[2026-03-27T14:55:39.988Z] --- SERVER RESTARTED - ROUTES REGISTERED v1.0.6 ---
[2026-03-27T14:55:44.284Z] --- SERVER RESTARTED - ROUTES REGISTERED v1.0.6 ---
[2026-03-27T14:55:48.485Z] --- SERVER RESTARTED - ROUTES REGISTERED v1.0.6 ---
[2026-03-27T14:55:53.035Z] --- SERVER RESTARTED - ROUTES REGISTERED v1.0.6 ---
[2026-03-27T14:55:57.735Z] --- SERVER RESTARTED - ROUTES REGISTERED v1.0.6 ---
[2026-03-27T14:56:02.750Z] --- SERVER RESTARTED - ROUTES REGISTERED v1.0.6 ---
[2026-03-27T14:56:07.314Z] --- SERVER RESTARTED - ROUTES REGISTERED v1.0.6 ---
[2026-03-27T14:56:11.559Z] --- SERVER RESTARTED - ROUTES REGISTERED v1.0.6 ---
[2026-03-27T14:56:16.087Z] --- SERVER RESTARTED - ROUTES REGISTERED v1.0.6 ---
[2026-03-27T14:56:20.743Z] --- SERVER RESTARTED - ROUTES REGISTERED v1.0.6 ---
[2026-03-27T14:56:24.901Z] --- SERVER RESTARTED - ROUTES REGISTERED v1.0.6 ---
[2026-03-27T14:56:29.942Z] --- SERVER RESTARTED - ROUTES REGISTERED v1.0.6 ---
[2026-03-27T14:56:34.111Z] --- SERVER RESTARTED - ROUTES REGISTERED v1.0.6 ---
[2026-03-27T14:56:38.245Z] --- SERVER RESTARTED - ROUTES REGISTERED v1.0.6 ---
[2026-03-27T14:56:42.341Z] --- SERVER RESTARTED - ROUTES REGISTERED v1.0.6 ---
[2026-03-27T14:56:46.570Z] --- SERVER RESTARTED - ROUTES REGISTERED v1.0.6 ---
[2026-03-27T14:56:50.808Z] --- SERVER RESTARTED - ROUTES REGISTERED v1.0.6 ---
[2026-03-27T14:56:55.026Z] --- SERVER RESTARTED - ROUTES REGISTERED v1.0.6 ---
[2026-03-27T14:56:59.616Z] --- SERVER RESTARTED - ROUTES REGISTERED v1.0.6 ---
[2026-03-27T14:57:03.846Z] --- SERVER RESTARTED - ROUTES REGISTERED v1.0.6 ---
[2026-03-27T14:57:08.545Z] --- SERVER RESTARTED - ROUTES REGISTERED v1.0.6 ---
[2026-03-27T14:57:12.832Z] --- SERVER RESTARTED - ROUTES REGISTERED v1.0.6 ---
[2026-03-27T14:57:17.366Z] --- SERVER RESTARTED - ROUTES REGISTERED v1.0.6 ---
[2026-03-27T14:57:21.863Z] --- SERVER RESTARTED - ROUTES REGISTERED v1.0.6 ---
[2026-03-27T14:57:26.586Z] --- SERVER RESTARTED - ROUTES REGISTERED v1.0.6 ---
[2026-03-27T14:57:30.822Z] --- SERVER RESTARTED - ROUTES REGISTERED v1.0.6 ---
[2026-03-27T14:57:35.300Z] --- SERVER RESTARTED - ROUTES REGISTERED v1.0.6 ---
[2026-03-27T14:57:39.445Z] --- SERVER RESTARTED - ROUTES REGISTERED v1.0.6 ---
[2026-03-27T14:57:44.474Z] --- SERVER RESTARTED - ROUTES REGISTERED v1.0.6 ---
[2026-03-27T14:57:48.799Z] --- SERVER RESTARTED - ROUTES REGISTERED v1.0.6 ---
[2026-03-27T14:57:52.917Z] --- SERVER RESTARTED - ROUTES REGISTERED v1.0.6 ---
[2026-03-27T14:57:57.009Z] --- SERVER RESTARTED - ROUTES REGISTERED v1.0.6 ---
[2026-03-27T14:58:01.239Z] --- SERVER RESTARTED - ROUTES REGISTERED v1.0.6 ---
[2026-03-27T14:58:05.659Z] --- SERVER RESTARTED - ROUTES REGISTERED v1.0.6 ---
[2026-03-27T14:58:09.891Z] --- SERVER RESTARTED - ROUTES REGISTERED v1.0.6 ---
[2026-03-27T14:58:13.886Z] --- SERVER RESTARTED - ROUTES REGISTERED v1.0.6 ---
[2026-03-27T14:58:18.378Z] --- SERVER RESTARTED - ROUTES REGISTERED v1.0.6 ---
[2026-03-27T14:58:22.965Z] --- SERVER RESTARTED - ROUTES REGISTERED v1.0.6 ---
[2026-03-27T14:58:27.177Z] --- SERVER RESTARTED - ROUTES REGISTERED v1.0.6 ---
[2026-03-27T14:58:31.341Z] --- SERVER RESTARTED - ROUTES REGISTERED v1.0.6 ---
[2026-03-27T14:58:35.391Z] --- SERVER RESTARTED - ROUTES REGISTERED v1.0.6 ---
[2026-03-27T14:58:39.698Z] --- SERVER RESTARTED - ROUTES REGISTERED v1.0.6 ---
[2026-03-27T14:58:44.159Z] --- SERVER RESTARTED - ROUTES REGISTERED v1.0.6 ---
[2026-03-27T14:58:48.285Z] --- SERVER RESTARTED - ROUTES REGISTERED v1.0.6 ---
[2026-03-27T14:58:52.499Z] --- SERVER RESTARTED - ROUTES REGISTERED v1.0.6 ---
[2026-03-27T14:58:56.842Z] --- SERVER RESTARTED - ROUTES REGISTERED v1.0.6 ---
[2026-03-27T14:59:02.139Z] --- SERVER RESTARTED - ROUTES REGISTERED v1.0.6 ---
[2026-03-27T14:59:07.201Z] --- SERVER RESTARTED - ROUTES REGISTERED v1.0.6 ---
[2026-03-27T14:59:12.266Z] --- SERVER RESTARTED - ROUTES REGISTERED v1.0.6 ---
[2026-03-27T14:59:16.774Z] --- SERVER RESTARTED - ROUTES REGISTERED v1.0.6 ---
[2026-03-27T14:59:21.546Z] --- SERVER RESTARTED - ROUTES REGISTERED v1.0.6 ---
[2026-03-27T14:59:26.344Z] --- SERVER RESTARTED - ROUTES REGISTERED v1.0.6 ---
[2026-03-27T14:59:31.190Z] --- SERVER RESTARTED - ROUTES REGISTERED v1.0.6 ---
[2026-03-27T14:59:36.127Z] --- SERVER RESTARTED - ROUTES REGISTERED v1.0.6 ---
[2026-03-27T14:59:40.795Z] --- SERVER RESTARTED - ROUTES REGISTERED v1.0.6 ---
[2026-03-27T14:59:44.950Z] --- SERVER RESTARTED - ROUTES REGISTERED v1.0.6 ---
[2026-03-27T14:59:49.475Z] --- SERVER RESTARTED - ROUTES REGISTERED v1.0.6 ---
[2026-03-27T14:59:53.658Z] --- SERVER RESTARTED - ROUTES REGISTERED v1.0.6 ---
[2026-03-27T14:59:57.817Z] --- SERVER RESTARTED - ROUTES REGISTERED v1.0.6 ---
[2026-03-27T15:00:03.285Z] --- SERVER RESTARTED - ROUTES REGISTERED v1.0.6 ---
[2026-03-27T15:00:08.010Z] --- SERVER RESTARTED - ROUTES REGISTERED v1.0.6 ---
[2026-03-27T15:00:12.719Z] --- SERVER RESTARTED - ROUTES REGISTERED v1.0.6 ---
[2026-03-27T15:00:17.090Z] --- SERVER RESTARTED - ROUTES REGISTERED v1.0.6 ---
[2026-03-27T15:00:21.505Z] --- SERVER RESTARTED - ROUTES REGISTERED v1.0.6 ---
[2026-03-27T15:00:25.964Z] --- SERVER RESTARTED - ROUTES REGISTERED v1.0.6 ---
[2026-03-27T15:00:30.460Z] --- SERVER RESTARTED - ROUTES REGISTERED v1.0.6 ---
[2026-03-27T15:00:35.230Z] --- SERVER RESTARTED - ROUTES REGISTERED v1.0.6 ---
[2026-03-27T15:00:40.326Z] --- SERVER RESTARTED - ROUTES REGISTERED v1.0.6 ---
[2026-03-27T15:00:44.609Z] --- SERVER RESTARTED - ROUTES REGISTERED v1.0.6 ---
[2026-03-27T15:00:49.135Z] --- SERVER RESTARTED - ROUTES REGISTERED v1.0.6 ---
[2026-03-27T15:00:53.407Z] --- SERVER RESTARTED - ROUTES REGISTERED v1.0.6 ---
[2026-03-27T15:00:58.439Z] --- SERVER RESTARTED - ROUTES REGISTERED v1.0.6 ---
[2026-03-27T15:01:03.057Z] --- SERVER RESTARTED - ROUTES REGISTERED v1.0.6 ---
[2026-03-27T15:01:07.655Z] --- SERVER RESTARTED - ROUTES REGISTERED v1.0.6 ---
[2026-03-27T15:01:12.194Z] --- SERVER RESTARTED - ROUTES REGISTERED v1.0.6 ---
[2026-03-27T15:01:16.887Z] --- SERVER RESTARTED - ROUTES REGISTERED v1.0.6 ---
[2026-03-27T15:01:21.383Z] --- SERVER RESTARTED - ROUTES REGISTERED v1.0.6 ---
[2026-03-27T15:01:25.756Z] --- SERVER RESTARTED - ROUTES REGISTERED v1.0.6 ---
[2026-03-27T15:01:30.598Z] --- SERVER RESTARTED - ROUTES REGISTERED v1.0.6 ---
[2026-03-27T15:01:35.025Z] --- SERVER RESTARTED - ROUTES REGISTERED v1.0.6 ---
[2026-03-27T15:01:39.699Z] --- SERVER RESTARTED - ROUTES REGISTERED v1.0.6 ---
[2026-03-27T15:01:44.329Z] --- SERVER RESTARTED - ROUTES REGISTERED v1.0.6 ---
[2026-03-27T15:01:48.477Z] --- SERVER RESTARTED - ROUTES REGISTERED v1.0.6 ---
[2026-03-27T15:01:52.788Z] --- SERVER RESTARTED - ROUTES REGISTERED v1.0.6 ---
[2026-03-27T15:01:57.137Z] --- SERVER RESTARTED - ROUTES REGISTERED v1.0.6 ---
[2026-03-27T15:02:01.869Z] --- SERVER RESTARTED - ROUTES REGISTERED v1.0.6 ---
[2026-03-27T15:02:08.571Z] --- SERVER RESTARTED - ROUTES REGISTERED v1.0.6 ---
[2026-03-27T15:02:12.907Z] --- SERVER RESTARTED - ROUTES REGISTERED v1.0.6 ---
[2026-03-27T15:02:17.504Z] --- SERVER RESTARTED - ROUTES REGISTERED v1.0.6 ---
[2026-03-27T15:02:21.923Z] --- SERVER RESTARTED - ROUTES REGISTERED v1.0.6 ---
[2026-03-27T15:02:26.142Z] --- SERVER RESTARTED - ROUTES REGISTERED v1.0.6 ---
[2026-03-27T15:02:30.670Z] --- SERVER RESTARTED - ROUTES REGISTERED v1.0.6 ---
[2026-03-27T15:02:35.043Z] --- SERVER RESTARTED - ROUTES REGISTERED v1.0.6 ---
[2026-03-27T15:02:39.377Z] --- SERVER RESTARTED - ROUTES REGISTERED v1.0.6 ---
[2026-03-27T15:02:43.872Z] --- SERVER RESTARTED - ROUTES REGISTERED v1.0.6 ---
[2026-03-27T15:02:48.026Z] --- SERVER RESTARTED - ROUTES REGISTERED v1.0.6 ---
[2026-03-27T15:02:52.266Z] --- SERVER RESTARTED - ROUTES REGISTERED v1.0.6 ---
[2026-03-27T15:02:56.853Z] --- SERVER RESTARTED - ROUTES REGISTERED v1.0.6 ---
[2026-03-27T15:03:01.711Z] --- SERVER RESTARTED - ROUTES REGISTERED v1.0.6 ---
[2026-03-27T15:03:06.622Z] --- SERVER RESTARTED - ROUTES REGISTERED v1.0.6 ---
[2026-03-27T15:03:11.209Z] --- SERVER RESTARTED - ROUTES REGISTERED v1.0.6 ---
[2026-03-27T15:03:15.500Z] --- SERVER RESTARTED - ROUTES REGISTERED v1.0.6 ---
[2026-03-27T15:03:19.688Z] --- SERVER RESTARTED - ROUTES REGISTERED v1.0.6 ---
[2026-03-27T15:03:24.214Z] --- SERVER RESTARTED - ROUTES REGISTERED v1.0.6 ---
[2026-03-27T15:03:29.281Z] --- SERVER RESTARTED - ROUTES REGISTERED v1.0.6 ---
[2026-03-27T15:03:33.651Z] --- SERVER RESTARTED - ROUTES REGISTERED v1.0.6 ---
[2026-03-27T15:03:37.898Z] --- SERVER RESTARTED - ROUTES REGISTERED v1.0.6 ---
[2026-03-27T15:03:42.304Z] --- SERVER RESTARTED - ROUTES REGISTERED v1.0.6 ---
[2026-03-27T15:03:46.619Z] --- SERVER RESTARTED - ROUTES REGISTERED v1.0.6 ---
[2026-03-27T15:03:51.450Z] --- SERVER RESTARTED - ROUTES REGISTERED v1.0.6 ---
[2026-03-27T15:03:55.846Z] --- SERVER RESTARTED - ROUTES REGISTERED v1.0.6 ---
[2026-03-27T15:04:00.590Z] --- SERVER RESTARTED - ROUTES REGISTERED v1.0.6 ---
[2026-03-27T15:04:05.496Z] --- SERVER RESTARTED - ROUTES REGISTERED v1.0.6 ---
[2026-03-27T15:04:10.104Z] --- SERVER RESTARTED - ROUTES REGISTERED v1.0.6 ---
[2026-03-27T15:04:14.536Z] --- SERVER RESTARTED - ROUTES REGISTERED v1.0.6 ---
[2026-03-27T15:04:18.663Z] --- SERVER RESTARTED - ROUTES REGISTERED v1.0.6 ---
[2026-03-27T15:04:23.621Z] --- SERVER RESTARTED - ROUTES REGISTERED v1.0.6 ---
[2026-03-27T15:04:28.429Z] --- SERVER RESTARTED - ROUTES REGISTERED v1.0.6 ---
[2026-03-27T15:04:32.992Z] --- SERVER RESTARTED - ROUTES REGISTERED v1.0.6 ---
[2026-03-27T15:04:37.694Z] --- SERVER RESTARTED - ROUTES REGISTERED v1.0.6 ---
[2026-03-27T15:04:42.185Z] --- SERVER RESTARTED - ROUTES REGISTERED v1.0.6 ---
[2026-03-27T15:04:47.696Z] --- SERVER RESTARTED - ROUTES REGISTERED v1.0.6 ---
[2026-03-27T15:04:52.081Z] --- SERVER RESTARTED - ROUTES REGISTERED v1.0.6 ---
[2026-03-27T15:04:56.643Z] --- SERVER RESTARTED - ROUTES REGISTERED v1.0.6 ---
[2026-03-27T15:05:00.999Z] --- SERVER RESTARTED - ROUTES REGISTERED v1.0.6 ---
[2026-03-27T15:05:05.565Z] --- SERVER RESTARTED - ROUTES REGISTERED v1.0.6 ---
[2026-03-27T15:05:10.105Z] --- SERVER RESTARTED - ROUTES REGISTERED v1.0.6 ---
[2026-03-27T15:05:14.905Z] --- SERVER RESTARTED - ROUTES REGISTERED v1.0.6 ---
[2026-03-27T15:05:19.568Z] --- SERVER RESTARTED - ROUTES REGISTERED v1.0.6 ---
[2026-03-27T15:05:23.735Z] --- SERVER RESTARTED - ROUTES REGISTERED v1.0.6 ---
[2026-03-27T15:05:28.165Z] --- SERVER RESTARTED - ROUTES REGISTERED v1.0.6 ---
[2026-03-27T15:05:32.369Z] --- SERVER RESTARTED - ROUTES REGISTERED v1.0.6 ---
[2026-03-27T15:05:36.869Z] --- SERVER RESTARTED - ROUTES REGISTERED v1.0.6 ---
[2026-03-27T15:05:41.672Z] --- SERVER RESTARTED - ROUTES REGISTERED v1.0.6 ---
[2026-03-27T15:05:46.062Z] --- SERVER RESTARTED - ROUTES REGISTERED v1.0.6 ---
[2026-03-27T15:05:50.206Z] --- SERVER RESTARTED - ROUTES REGISTERED v1.0.6 ---
[2026-03-27T15:05:54.779Z] --- SERVER RESTARTED - ROUTES REGISTERED v1.0.6 ---
[2026-03-27T15:05:59.542Z] --- SERVER RESTARTED - ROUTES REGISTERED v1.0.6 ---
[2026-03-27T15:06:04.124Z] --- SERVER RESTARTED - ROUTES REGISTERED v1.0.6 ---
[2026-03-27T15:06:08.739Z] --- SERVER RESTARTED - ROUTES REGISTERED v1.0.6 ---
[2026-03-27T15:06:13.059Z] --- SERVER RESTARTED - ROUTES REGISTERED v1.0.6 ---
[2026-03-27T15:06:17.222Z] --- SERVER RESTARTED - ROUTES REGISTERED v1.0.6 ---
[2026-03-27T15:06:21.391Z] --- SERVER RESTARTED - ROUTES REGISTERED v1.0.6 ---
[2026-03-27T15:06:25.543Z] --- SERVER RESTARTED - ROUTES REGISTERED v1.0.6 ---
[2026-03-27T15:06:30.178Z] --- SERVER RESTARTED - ROUTES REGISTERED v1.0.6 ---
[2026-03-27T15:06:34.697Z] --- SERVER RESTARTED - ROUTES REGISTERED v1.0.6 ---
[2026-03-27T15:06:39.221Z] --- SERVER RESTARTED - ROUTES REGISTERED v1.0.6 ---
[2026-03-27T15:06:43.743Z] --- SERVER RESTARTED - ROUTES REGISTERED v1.0.6 ---
[2026-03-27T15:06:48.504Z] --- SERVER RESTARTED - ROUTES REGISTERED v1.0.6 ---
[2026-03-27T15:06:53.072Z] --- SERVER RESTARTED - ROUTES REGISTERED v1.0.6 ---
[2026-03-27T15:06:57.473Z] --- SERVER RESTARTED - ROUTES REGISTERED v1.0.6 ---
[2026-03-27T15:07:01.999Z] --- SERVER RESTARTED - ROUTES REGISTERED v1.0.6 ---
[2026-03-27T15:07:06.701Z] --- SERVER RESTARTED - ROUTES REGISTERED v1.0.6 ---
[2026-03-27T15:07:11.777Z] --- SERVER RESTARTED - ROUTES REGISTERED v1.0.6 ---
[2026-03-27T15:07:16.294Z] --- SERVER RESTARTED - ROUTES REGISTERED v1.0.6 ---
[2026-03-27T15:07:20.853Z] --- SERVER RESTARTED - ROUTES REGISTERED v1.0.6 ---
[2026-03-27T15:07:25.278Z] --- SERVER RESTARTED - ROUTES REGISTERED v1.0.6 ---
[2026-03-27T15:07:29.956Z] --- SERVER RESTARTED - ROUTES REGISTERED v1.0.6 ---
[2026-03-27T15:07:34.169Z] --- SERVER RESTARTED - ROUTES REGISTERED v1.0.6 ---
[2026-03-27T15:07:38.834Z] --- SERVER RESTARTED - ROUTES REGISTERED v1.0.6 ---
[2026-03-27T15:07:43.719Z] --- SERVER RESTARTED - ROUTES REGISTERED v1.0.6 ---
[2026-03-27T15:07:48.115Z] --- SERVER RESTARTED - ROUTES REGISTERED v1.0.6 ---
[2026-03-27T15:07:52.829Z] --- SERVER RESTARTED - ROUTES REGISTERED v1.0.6 ---
[2026-03-27T15:07:57.236Z] --- SERVER RESTARTED - ROUTES REGISTERED v1.0.6 ---
[2026-03-27T15:08:02.631Z] --- SERVER RESTARTED - ROUTES REGISTERED v1.0.6 ---
[2026-03-27T15:08:07.036Z] --- SERVER RESTARTED - ROUTES REGISTERED v1.0.6 ---
[2026-03-27T15:08:11.602Z] --- SERVER RESTARTED - ROUTES REGISTERED v1.0.6 ---
[2026-03-27T15:08:16.221Z] --- SERVER RESTARTED - ROUTES REGISTERED v1.0.6 ---
[2026-03-27T15:08:20.873Z] --- SERVER RESTARTED - ROUTES REGISTERED v1.0.6 ---
[2026-03-27T15:08:25.341Z] --- SERVER RESTARTED - ROUTES REGISTERED v1.0.6 ---
[2026-03-27T15:08:30.196Z] --- SERVER RESTARTED - ROUTES REGISTERED v1.0.6 ---
[2026-03-27T15:08:34.695Z] --- SERVER RESTARTED - ROUTES REGISTERED v1.0.6 ---
[2026-03-27T15:08:39.042Z] --- SERVER RESTARTED - ROUTES REGISTERED v1.0.6 ---
[2026-03-27T15:08:43.541Z] --- SERVER RESTARTED - ROUTES REGISTERED v1.0.6 ---
[2026-03-27T15:08:47.783Z] --- SERVER RESTARTED - ROUTES REGISTERED v1.0.6 ---
[2026-03-27T15:08:51.856Z] --- SERVER RESTARTED - ROUTES REGISTERED v1.0.6 ---
[2026-03-27T15:08:57.255Z] --- SERVER RESTARTED - ROUTES REGISTERED v1.0.6 ---
[2026-03-27T15:09:01.788Z] --- SERVER RESTARTED - ROUTES REGISTERED v1.0.6 ---
[2026-03-27T15:09:05.962Z] --- SERVER RESTARTED - ROUTES REGISTERED v1.0.6 ---
[2026-03-27T15:09:10.783Z] --- SERVER RESTARTED - ROUTES REGISTERED v1.0.6 ---
[2026-03-27T15:09:14.948Z] --- SERVER RESTARTED - ROUTES REGISTERED v1.0.6 ---
[2026-03-27T15:09:19.292Z] --- SERVER RESTARTED - ROUTES REGISTERED v1.0.6 ---
[2026-03-27T15:09:23.423Z] --- SERVER RESTARTED - ROUTES REGISTERED v1.0.6 ---
[2026-03-27T15:09:27.991Z] --- SERVER RESTARTED - ROUTES REGISTERED v1.0.6 ---
[2026-03-27T15:09:32.803Z] --- SERVER RESTARTED - ROUTES REGISTERED v1.0.6 ---
[2026-03-27T15:09:37.302Z] --- SERVER RESTARTED - ROUTES REGISTERED v1.0.6 ---
[2026-03-27T15:09:41.990Z] --- SERVER RESTARTED - ROUTES REGISTERED v1.0.6 ---
[2026-03-27T15:09:46.398Z] --- SERVER RESTARTED - ROUTES REGISTERED v1.0.6 ---
[2026-03-27T15:09:51.010Z] --- SERVER RESTARTED - ROUTES REGISTERED v1.0.6 ---
[2026-03-27T15:09:55.385Z] --- SERVER RESTARTED - ROUTES REGISTERED v1.0.6 ---
[2026-03-27T15:10:00.626Z] --- SERVER RESTARTED - ROUTES REGISTERED v1.0.6 ---
[2026-03-27T15:10:05.390Z] --- SERVER RESTARTED - ROUTES REGISTERED v1.0.6 ---
[2026-03-27T15:10:09.934Z] --- SERVER RESTARTED - ROUTES REGISTERED v1.0.6 ---
[2026-03-27T15:10:14.326Z] --- SERVER RESTARTED - ROUTES REGISTERED v1.0.6 ---
[2026-03-27T15:10:18.656Z] --- SERVER RESTARTED - ROUTES REGISTERED v1.0.6 ---
[2026-03-27T15:10:22.997Z] --- SERVER RESTARTED - ROUTES REGISTERED v1.0.6 ---
[2026-03-27T15:10:27.462Z] --- SERVER RESTARTED - ROUTES REGISTERED v1.0.6 ---
[2026-03-27T15:10:32.546Z] --- SERVER RESTARTED - ROUTES REGISTERED v1.0.6 ---
[2026-03-27T15:10:37.043Z] --- SERVER RESTARTED - ROUTES REGISTERED v1.0.6 ---
[2026-03-27T15:10:41.537Z] --- SERVER RESTARTED - ROUTES REGISTERED v1.0.6 ---
[2026-03-27T15:10:45.617Z] --- SERVER RESTARTED - ROUTES REGISTERED v1.0.6 ---
[2026-03-27T15:10:49.655Z] --- SERVER RESTARTED - ROUTES REGISTERED v1.0.6 ---
[2026-03-27T15:10:53.924Z] --- SERVER RESTARTED - ROUTES REGISTERED v1.0.6 ---
[2026-03-27T15:10:58.171Z] --- SERVER RESTARTED - ROUTES REGISTERED v1.0.6 ---
[2026-03-27T15:11:04.249Z] --- SERVER RESTARTED - ROUTES REGISTERED v1.0.6 ---
[2026-03-27T15:11:08.664Z] --- SERVER RESTARTED - ROUTES REGISTERED v1.0.6 ---
[2026-03-27T15:11:13.025Z] --- SERVER RESTARTED - ROUTES REGISTERED v1.0.6 ---
[2026-03-27T15:11:17.813Z] --- SERVER RESTARTED - ROUTES REGISTERED v1.0.6 ---
[2026-03-27T15:11:22.950Z] --- SERVER RESTARTED - ROUTES REGISTERED v1.0.6 ---
[2026-03-27T15:11:28.018Z] --- SERVER RESTARTED - ROUTES REGISTERED v1.0.6 ---
[2026-03-27T15:11:32.420Z] --- SERVER RESTARTED - ROUTES REGISTERED v1.0.6 ---
[2026-03-27T15:11:36.911Z] --- SERVER RESTARTED - ROUTES REGISTERED v1.0.6 ---
[2026-03-27T15:11:41.359Z] --- SERVER RESTARTED - ROUTES REGISTERED v1.0.6 ---
[2026-03-27T15:11:45.609Z] --- SERVER RESTARTED - ROUTES REGISTERED v1.0.6 ---
[2026-03-27T15:11:49.824Z] --- SERVER RESTARTED - ROUTES REGISTERED v1.0.6 ---
[2026-03-27T15:11:54.181Z] --- SERVER RESTARTED - ROUTES REGISTERED v1.0.6 ---
[2026-03-27T15:11:58.548Z] --- SERVER RESTARTED - ROUTES REGISTERED v1.0.6 ---
[2026-03-27T15:12:05.474Z] --- SERVER RESTARTED - ROUTES REGISTERED v1.0.6 ---
[2026-03-27T15:12:10.981Z] --- SERVER RESTARTED - ROUTES REGISTERED v1.0.6 ---
[2026-03-27T15:12:15.303Z] --- SERVER RESTARTED - ROUTES REGISTERED v1.0.6 ---
[2026-03-27T15:12:19.829Z] --- SERVER RESTARTED - ROUTES REGISTERED v1.0.6 ---
[2026-03-27T15:12:25.035Z] --- SERVER RESTARTED - ROUTES REGISTERED v1.0.6 ---
[2026-03-27T15:12:29.844Z] --- SERVER RESTARTED - ROUTES REGISTERED v1.0.6 ---
[2026-03-27T15:12:34.055Z] --- SERVER RESTARTED - ROUTES REGISTERED v1.0.6 ---
[2026-03-27T15:12:38.638Z] --- SERVER RESTARTED - ROUTES REGISTERED v1.0.6 ---
[2026-03-27T15:12:44.120Z] --- SERVER RESTARTED - ROUTES REGISTERED v1.0.6 ---
[2026-03-27T15:12:49.389Z] --- SERVER RESTARTED - ROUTES REGISTERED v1.0.6 ---
[2026-03-27T15:12:54.184Z] --- SERVER RESTARTED - ROUTES REGISTERED v1.0.6 ---
[2026-03-27T15:12:58.637Z] --- SERVER RESTARTED - ROUTES REGISTERED v1.0.6 ---
[2026-03-27T15:13:04.194Z] --- SERVER RESTARTED - ROUTES REGISTERED v1.0.6 ---
[2026-03-27T15:13:09.445Z] --- SERVER RESTARTED - ROUTES REGISTERED v1.0.6 ---
[2026-03-27T15:13:14.521Z] --- SERVER RESTARTED - ROUTES REGISTERED v1.0.6 ---
[2026-03-27T15:13:19.075Z] --- SERVER RESTARTED - ROUTES REGISTERED v1.0.6 ---
[2026-03-27T15:13:23.583Z] --- SERVER RESTARTED - ROUTES REGISTERED v1.0.6 ---
[2026-03-27T15:13:28.191Z] --- SERVER RESTARTED - ROUTES REGISTERED v1.0.6 ---
[2026-03-27T15:13:33.012Z] --- SERVER RESTARTED - ROUTES REGISTERED v1.0.6 ---
[2026-03-27T15:13:37.607Z] --- SERVER RESTARTED - ROUTES REGISTERED v1.0.6 ---
[2026-03-27T15:13:41.757Z] --- SERVER RESTARTED - ROUTES REGISTERED v1.0.6 ---
[2026-03-27T15:13:46.013Z] --- SERVER RESTARTED - ROUTES REGISTERED v1.0.6 ---
[2026-03-27T15:13:50.174Z] --- SERVER RESTARTED - ROUTES REGISTERED v1.0.6 ---
[2026-03-27T15:13:54.816Z] --- SERVER RESTARTED - ROUTES REGISTERED v1.0.6 ---
[2026-03-27T15:13:59.289Z] --- SERVER RESTARTED - ROUTES REGISTERED v1.0.6 ---
[2026-03-27T15:14:04.328Z] --- SERVER RESTARTED - ROUTES REGISTERED v1.0.6 ---
[2026-03-27T15:14:09.446Z] --- SERVER RESTARTED - ROUTES REGISTERED v1.0.6 ---
[2026-03-27T15:14:14.016Z] --- SERVER RESTARTED - ROUTES REGISTERED v1.0.6 ---
[2026-03-27T15:14:19.189Z] --- SERVER RESTARTED - ROUTES REGISTERED v1.0.6 ---
[2026-03-27T15:14:23.630Z] --- SERVER RESTARTED - ROUTES REGISTERED v1.0.6 ---
[2026-03-27T15:14:28.462Z] --- SERVER RESTARTED - ROUTES REGISTERED v1.0.6 ---
[2026-03-27T15:14:33.949Z] --- SERVER RESTARTED - ROUTES REGISTERED v1.0.6 ---
[2026-03-27T15:14:39.124Z] --- SERVER RESTARTED - ROUTES REGISTERED v1.0.6 ---
[2026-03-27T15:14:43.388Z] --- SERVER RESTARTED - ROUTES REGISTERED v1.0.6 ---
[2026-03-27T15:14:48.093Z] --- SERVER RESTARTED - ROUTES REGISTERED v1.0.6 ---
[2026-03-27T15:14:52.601Z] --- SERVER RESTARTED - ROUTES REGISTERED v1.0.6 ---
[2026-03-27T15:14:56.857Z] --- SERVER RESTARTED - ROUTES REGISTERED v1.0.6 ---
[2026-03-27T15:15:01.875Z] --- SERVER RESTARTED - ROUTES REGISTERED v1.0.6 ---
[2026-03-27T15:15:06.276Z] --- SERVER RESTARTED - ROUTES REGISTERED v1.0.6 ---
[2026-03-27T15:15:11.019Z] --- SERVER RESTARTED - ROUTES REGISTERED v1.0.6 ---
[2026-03-27T15:15:15.182Z] --- SERVER RESTARTED - ROUTES REGISTERED v1.0.6 ---
[2026-03-27T15:15:19.555Z] --- SERVER RESTARTED - ROUTES REGISTERED v1.0.6 ---
[2026-03-27T15:15:24.327Z] --- SERVER RESTARTED - ROUTES REGISTERED v1.0.6 ---
[2026-03-27T15:15:28.785Z] --- SERVER RESTARTED - ROUTES REGISTERED v1.0.6 ---
[2026-03-27T15:15:33.260Z] --- SERVER RESTARTED - ROUTES REGISTERED v1.0.6 ---
[2026-03-27T15:15:38.105Z] --- SERVER RESTARTED - ROUTES REGISTERED v1.0.6 ---
[2026-03-27T15:15:42.891Z] --- SERVER RESTARTED - ROUTES REGISTERED v1.0.6 ---
[2026-03-27T15:15:47.634Z] --- SERVER RESTARTED - ROUTES REGISTERED v1.0.6 ---
[2026-03-27T15:15:52.091Z] --- SERVER RESTARTED - ROUTES REGISTERED v1.0.6 ---
[2026-03-27T15:15:56.411Z] --- SERVER RESTARTED - ROUTES REGISTERED v1.0.6 ---
[2026-03-27T15:16:01.110Z] --- SERVER RESTARTED - ROUTES REGISTERED v1.0.6 ---
[2026-03-27T15:16:05.880Z] --- SERVER RESTARTED - ROUTES REGISTERED v1.0.6 ---
[2026-03-27T15:16:10.651Z] --- SERVER RESTARTED - ROUTES REGISTERED v1.0.6 ---
[2026-03-27T15:16:14.851Z] --- SERVER RESTARTED - ROUTES REGISTERED v1.0.6 ---
[2026-03-27T15:16:19.439Z] --- SERVER RESTARTED - ROUTES REGISTERED v1.0.6 ---
[2026-03-27T15:16:24.022Z] --- SERVER RESTARTED - ROUTES REGISTERED v1.0.6 ---
[2026-03-27T15:16:29.924Z] --- SERVER RESTARTED - ROUTES REGISTERED v1.0.6 ---
[2026-03-27T15:16:34.699Z] --- SERVER RESTARTED - ROUTES REGISTERED v1.0.6 ---
[2026-03-27T15:16:39.425Z] --- SERVER RESTARTED - ROUTES REGISTERED v1.0.6 ---
[2026-03-27T15:16:44.004Z] --- SERVER RESTARTED - ROUTES REGISTERED v1.0.6 ---
[2026-03-27T15:16:48.987Z] --- SERVER RESTARTED - ROUTES REGISTERED v1.0.6 ---
[2026-03-27T15:16:53.379Z] --- SERVER RESTARTED - ROUTES REGISTERED v1.0.6 ---
[2026-03-27T15:16:58.129Z] --- SERVER RESTARTED - ROUTES REGISTERED v1.0.6 ---
[2026-03-27T15:17:02.768Z] --- SERVER RESTARTED - ROUTES REGISTERED v1.0.6 ---
[2026-03-27T15:17:07.069Z] --- SERVER RESTARTED - ROUTES REGISTERED v1.0.6 ---
[2026-03-27T15:17:11.637Z] --- SERVER RESTARTED - ROUTES REGISTERED v1.0.6 ---
[2026-03-27T15:17:15.700Z] --- SERVER RESTARTED - ROUTES REGISTERED v1.0.6 ---
[2026-03-27T15:17:20.114Z] --- SERVER RESTARTED - ROUTES REGISTERED v1.0.6 ---
[2026-03-27T15:17:24.575Z] --- SERVER RESTARTED - ROUTES REGISTERED v1.0.6 ---
[2026-03-27T15:17:29.496Z] --- SERVER RESTARTED - ROUTES REGISTERED v1.0.6 ---
[2026-03-27T15:17:34.139Z] --- SERVER RESTARTED - ROUTES REGISTERED v1.0.6 ---
[2026-03-27T15:17:38.401Z] --- SERVER RESTARTED - ROUTES REGISTERED v1.0.6 ---
[2026-03-27T15:17:42.751Z] --- SERVER RESTARTED - ROUTES REGISTERED v1.0.6 ---
[2026-03-27T15:17:47.494Z] --- SERVER RESTARTED - ROUTES REGISTERED v1.0.6 ---
[2026-03-27T15:17:51.794Z] --- SERVER RESTARTED - ROUTES REGISTERED v1.0.6 ---
[2026-03-27T15:17:56.190Z] --- SERVER RESTARTED - ROUTES REGISTERED v1.0.6 ---
[2026-03-27T15:18:00.574Z] --- SERVER RESTARTED - ROUTES REGISTERED v1.0.6 ---
[2026-03-27T15:18:05.396Z] --- SERVER RESTARTED - ROUTES REGISTERED v1.0.6 ---
[2026-03-27T15:18:12.129Z] --- SERVER RESTARTED - ROUTES REGISTERED v1.0.6 ---
[2026-03-27T15:18:17.918Z] --- SERVER RESTARTED - ROUTES REGISTERED v1.0.6 ---
[2026-03-27T15:18:22.370Z] --- SERVER RESTARTED - ROUTES REGISTERED v1.0.6 ---
[2026-03-27T15:18:26.849Z] --- SERVER RESTARTED - ROUTES REGISTERED v1.0.6 ---
[2026-03-27T15:18:31.315Z] --- SERVER RESTARTED - ROUTES REGISTERED v1.0.6 ---
[2026-03-27T15:18:36.249Z] --- SERVER RESTARTED - ROUTES REGISTERED v1.0.6 ---
[2026-03-27T15:18:40.941Z] --- SERVER RESTARTED - ROUTES REGISTERED v1.0.6 ---
[2026-03-27T15:18:45.005Z] --- SERVER RESTARTED - ROUTES REGISTERED v1.0.6 ---
[2026-03-27T15:18:49.638Z] --- SERVER RESTARTED - ROUTES REGISTERED v1.0.6 ---
[2026-03-27T15:18:54.108Z] --- SERVER RESTARTED - ROUTES REGISTERED v1.0.6 ---
[2026-03-27T15:18:58.476Z] --- SERVER RESTARTED - ROUTES REGISTERED v1.0.6 ---
[2026-03-27T15:19:03.255Z] --- SERVER RESTARTED - ROUTES REGISTERED v1.0.6 ---
[2026-03-27T15:19:07.711Z] --- SERVER RESTARTED - ROUTES REGISTERED v1.0.6 ---
[2026-03-27T15:19:11.824Z] --- SERVER RESTARTED - ROUTES REGISTERED v1.0.6 ---
[2026-03-27T15:19:16.282Z] --- SERVER RESTARTED - ROUTES REGISTERED v1.0.6 ---
[2026-03-27T15:19:20.751Z] --- SERVER RESTARTED - ROUTES REGISTERED v1.0.6 ---
[2026-03-27T15:19:25.052Z] --- SERVER RESTARTED - ROUTES REGISTERED v1.0.6 ---
[2026-03-27T15:19:30.139Z] --- SERVER RESTARTED - ROUTES REGISTERED v1.0.6 ---
[2026-03-27T15:19:34.422Z] --- SERVER RESTARTED - ROUTES REGISTERED v1.0.6 ---
[2026-03-27T15:19:38.755Z] --- SERVER RESTARTED - ROUTES REGISTERED v1.0.6 ---
[2026-03-27T15:19:42.948Z] --- SERVER RESTARTED - ROUTES REGISTERED v1.0.6 ---
[2026-03-27T15:19:48.932Z] --- SERVER RESTARTED - ROUTES REGISTERED v1.0.6 ---
[2026-03-27T15:19:53.634Z] --- SERVER RESTARTED - ROUTES REGISTERED v1.0.6 ---
[2026-03-27T15:19:58.573Z] --- SERVER RESTARTED - ROUTES REGISTERED v1.0.6 ---
[2026-03-27T15:20:05.488Z] --- SERVER RESTARTED - ROUTES REGISTERED v1.0.6 ---
[2026-03-27T15:20:11.759Z] --- SERVER RESTARTED - ROUTES REGISTERED v1.0.6 ---
[2026-03-27T15:20:16.266Z] --- SERVER RESTARTED - ROUTES REGISTERED v1.0.6 ---
[2026-03-27T15:20:20.839Z] --- SERVER RESTARTED - ROUTES REGISTERED v1.0.6 ---
[2026-03-27T15:20:25.335Z] --- SERVER RESTARTED - ROUTES REGISTERED v1.0.6 ---
[2026-03-27T15:20:29.980Z] --- SERVER RESTARTED - ROUTES REGISTERED v1.0.6 ---
[2026-03-27T15:20:34.414Z] --- SERVER RESTARTED - ROUTES REGISTERED v1.0.6 ---
[2026-03-27T15:20:39.170Z] --- SERVER RESTARTED - ROUTES REGISTERED v1.0.6 ---
[2026-03-27T15:20:44.197Z] --- SERVER RESTARTED - ROUTES REGISTERED v1.0.6 ---
[2026-03-27T15:20:49.384Z] --- SERVER RESTARTED - ROUTES REGISTERED v1.0.6 ---
[2026-03-27T15:20:54.131Z] --- SERVER RESTARTED - ROUTES REGISTERED v1.0.6 ---
[2026-03-27T15:20:59.473Z] --- SERVER RESTARTED - ROUTES REGISTERED v1.0.6 ---
[2026-03-27T15:21:04.325Z] --- SERVER RESTARTED - ROUTES REGISTERED v1.0.6 ---
[2026-03-27T15:21:08.933Z] --- SERVER RESTARTED - ROUTES REGISTERED v1.0.6 ---
[2026-03-27T15:21:13.458Z] --- SERVER RESTARTED - ROUTES REGISTERED v1.0.6 ---
[2026-03-27T15:21:17.967Z] --- SERVER RESTARTED - ROUTES REGISTERED v1.0.6 ---
[2026-03-27T15:21:22.205Z] --- SERVER RESTARTED - ROUTES REGISTERED v1.0.6 ---
[2026-03-27T15:21:26.436Z] --- SERVER RESTARTED - ROUTES REGISTERED v1.0.6 ---
[2026-03-27T15:21:30.881Z] --- SERVER RESTARTED - ROUTES REGISTERED v1.0.6 ---
[2026-03-27T15:21:35.506Z] --- SERVER RESTARTED - ROUTES REGISTERED v1.0.6 ---
[2026-03-27T15:21:40.285Z] --- SERVER RESTARTED - ROUTES REGISTERED v1.0.6 ---
[2026-03-27T15:21:44.388Z] --- SERVER RESTARTED - ROUTES REGISTERED v1.0.6 ---
[2026-03-27T15:21:48.959Z] --- SERVER RESTARTED - ROUTES REGISTERED v1.0.6 ---
[2026-03-27T15:21:53.547Z] --- SERVER RESTARTED - ROUTES REGISTERED v1.0.6 ---
[2026-03-27T15:21:57.751Z] --- SERVER RESTARTED - ROUTES REGISTERED v1.0.6 ---
[2026-03-27T15:22:02.675Z] --- SERVER RESTARTED - ROUTES REGISTERED v1.0.6 ---
[2026-03-27T15:22:07.207Z] --- SERVER RESTARTED - ROUTES REGISTERED v1.0.6 ---
[2026-03-27T15:22:11.773Z] --- SERVER RESTARTED - ROUTES REGISTERED v1.0.6 ---
[2026-03-27T15:22:16.065Z] --- SERVER RESTARTED - ROUTES REGISTERED v1.0.6 ---
[2026-03-27T15:22:20.490Z] --- SERVER RESTARTED - ROUTES REGISTERED v1.0.6 ---
[2026-03-27T15:22:24.992Z] --- SERVER RESTARTED - ROUTES REGISTERED v1.0.6 ---
[2026-03-27T15:22:30.073Z] --- SERVER RESTARTED - ROUTES REGISTERED v1.0.6 ---
[2026-03-27T15:22:34.184Z] --- SERVER RESTARTED - ROUTES REGISTERED v1.0.6 ---
[2026-03-27T15:22:38.865Z] --- SERVER RESTARTED - ROUTES REGISTERED v1.0.6 ---
[2026-03-27T15:22:43.513Z] --- SERVER RESTARTED - ROUTES REGISTERED v1.0.6 ---
[2026-03-27T15:22:49.381Z] --- SERVER RESTARTED - ROUTES REGISTERED v1.0.6 ---
[2026-03-27T15:22:53.617Z] --- SERVER RESTARTED - ROUTES REGISTERED v1.0.6 ---
[2026-03-27T15:22:58.620Z] --- SERVER RESTARTED - ROUTES REGISTERED v1.0.6 ---
[2026-03-27T15:23:03.559Z] --- SERVER RESTARTED - ROUTES REGISTERED v1.0.6 ---
[2026-03-27T15:23:07.761Z] --- SERVER RESTARTED - ROUTES REGISTERED v1.0.6 ---
[2026-03-27T15:23:11.999Z] --- SERVER RESTARTED - ROUTES REGISTERED v1.0.6 ---
[2026-03-27T15:23:16.310Z] --- SERVER RESTARTED - ROUTES REGISTERED v1.0.6 ---
[2026-03-27T15:23:20.964Z] --- SERVER RESTARTED - ROUTES REGISTERED v1.0.6 ---
[2026-03-27T15:23:25.235Z] --- SERVER RESTARTED - ROUTES REGISTERED v1.0.6 ---
[2026-03-27T15:23:29.947Z] --- SERVER RESTARTED - ROUTES REGISTERED v1.0.6 ---
[2026-03-27T15:23:34.186Z] --- SERVER RESTARTED - ROUTES REGISTERED v1.0.6 ---
[2026-03-27T15:23:38.553Z] --- SERVER RESTARTED - ROUTES REGISTERED v1.0.6 ---
[2026-03-27T15:23:42.996Z] --- SERVER RESTARTED - ROUTES REGISTERED v1.0.6 ---
[2026-03-27T15:23:47.331Z] --- SERVER RESTARTED - ROUTES REGISTERED v1.0.6 ---
[2026-03-27T15:23:51.692Z] --- SERVER RESTARTED - ROUTES REGISTERED v1.0.6 ---
[2026-03-27T15:23:55.742Z] --- SERVER RESTARTED - ROUTES REGISTERED v1.0.6 ---
[2026-03-27T15:24:00.208Z] --- SERVER RESTARTED - ROUTES REGISTERED v1.0.6 ---
[2026-03-27T15:24:04.598Z] --- SERVER RESTARTED - ROUTES REGISTERED v1.0.6 ---
[2026-03-27T15:24:09.632Z] --- SERVER RESTARTED - ROUTES REGISTERED v1.0.6 ---
[2026-03-27T15:24:14.220Z] --- SERVER RESTARTED - ROUTES REGISTERED v1.0.6 ---
[2026-03-27T15:24:18.796Z] --- SERVER RESTARTED - ROUTES REGISTERED v1.0.6 ---
[2026-03-27T15:24:23.767Z] --- SERVER RESTARTED - ROUTES REGISTERED v1.0.6 ---
[2026-03-27T15:24:28.346Z] --- SERVER RESTARTED - ROUTES REGISTERED v1.0.6 ---
[2026-03-27T15:24:32.636Z] --- SERVER RESTARTED - ROUTES REGISTERED v1.0.6 ---
[2026-03-27T15:24:36.817Z] --- SERVER RESTARTED - ROUTES REGISTERED v1.0.6 ---
[2026-03-27T15:24:41.444Z] --- SERVER RESTARTED - ROUTES REGISTERED v1.0.6 ---
[2026-03-27T15:24:46.110Z] --- SERVER RESTARTED - ROUTES REGISTERED v1.0.6 ---
[2026-03-27T15:24:50.322Z] --- SERVER RESTARTED - ROUTES REGISTERED v1.0.6 ---
[2026-03-27T15:24:54.573Z] --- SERVER RESTARTED - ROUTES REGISTERED v1.0.6 ---
[2026-03-27T15:24:58.655Z] --- SERVER RESTARTED - ROUTES REGISTERED v1.0.6 ---
[2026-03-27T15:25:03.217Z] --- SERVER RESTARTED - ROUTES REGISTERED v1.0.6 ---
[2026-03-27T15:25:07.630Z] --- SERVER RESTARTED - ROUTES REGISTERED v1.0.6 ---
[2026-03-27T15:25:12.190Z] --- SERVER RESTARTED - ROUTES REGISTERED v1.0.6 ---
[2026-03-27T15:25:16.810Z] --- SERVER RESTARTED - ROUTES REGISTERED v1.0.6 ---
[2026-03-27T15:25:21.330Z] --- SERVER RESTARTED - ROUTES REGISTERED v1.0.6 ---
[2026-03-27T15:25:25.535Z] --- SERVER RESTARTED - ROUTES REGISTERED v1.0.6 ---
[2026-03-27T15:25:30.165Z] --- SERVER RESTARTED - ROUTES REGISTERED v1.0.6 ---
[2026-03-27T15:25:34.590Z] --- SERVER RESTARTED - ROUTES REGISTERED v1.0.6 ---
[2026-03-27T15:25:38.846Z] --- SERVER RESTARTED - ROUTES REGISTERED v1.0.6 ---
[2026-03-27T15:25:43.435Z] --- SERVER RESTARTED - ROUTES REGISTERED v1.0.6 ---
[2026-03-27T15:25:47.974Z] --- SERVER RESTARTED - ROUTES REGISTERED v1.0.6 ---
[2026-03-27T15:25:52.101Z] --- SERVER RESTARTED - ROUTES REGISTERED v1.0.6 ---
[2026-03-27T15:25:56.321Z] --- SERVER RESTARTED - ROUTES REGISTERED v1.0.6 ---
[2026-03-27T15:26:01.662Z] --- SERVER RESTARTED - ROUTES REGISTERED v1.0.6 ---
[2026-03-27T15:26:06.613Z] --- SERVER RESTARTED - ROUTES REGISTERED v1.0.6 ---
[2026-03-27T15:26:11.105Z] --- SERVER RESTARTED - ROUTES REGISTERED v1.0.6 ---
[2026-03-27T15:26:15.431Z] --- SERVER RESTARTED - ROUTES REGISTERED v1.0.6 ---
[2026-03-27T15:26:19.426Z] --- SERVER RESTARTED - ROUTES REGISTERED v1.0.6 ---
[2026-03-27T15:26:23.613Z] --- SERVER RESTARTED - ROUTES REGISTERED v1.0.6 ---
[2026-03-27T15:26:27.656Z] --- SERVER RESTARTED - ROUTES REGISTERED v1.0.6 ---
[2026-03-27T15:26:32.600Z] --- SERVER RESTARTED - ROUTES REGISTERED v1.0.6 ---
[2026-03-27T15:26:36.543Z] --- SERVER RESTARTED - ROUTES REGISTERED v1.0.6 ---
[2026-03-27T15:26:41.134Z] --- SERVER RESTARTED - ROUTES REGISTERED v1.0.6 ---
[2026-03-27T15:26:45.498Z] --- SERVER RESTARTED - ROUTES REGISTERED v1.0.6 ---
[2026-03-27T15:26:49.613Z] --- SERVER RESTARTED - ROUTES REGISTERED v1.0.6 ---
[2026-03-27T15:26:53.717Z] --- SERVER RESTARTED - ROUTES REGISTERED v1.0.6 ---
[2026-03-27T15:26:58.014Z] --- SERVER RESTARTED - ROUTES REGISTERED v1.0.6 ---
[2026-03-27T15:27:02.604Z] --- SERVER RESTARTED - ROUTES REGISTERED v1.0.6 ---
[2026-03-27T15:27:06.785Z] --- SERVER RESTARTED - ROUTES REGISTERED v1.0.6 ---
[2026-03-27T15:27:11.207Z] --- SERVER RESTARTED - ROUTES REGISTERED v1.0.6 ---
[2026-03-27T15:27:15.366Z] --- SERVER RESTARTED - ROUTES REGISTERED v1.0.6 ---
[2026-03-27T15:27:19.966Z] --- SERVER RESTARTED - ROUTES REGISTERED v1.0.6 ---
[2026-03-27T15:27:24.298Z] --- SERVER RESTARTED - ROUTES REGISTERED v1.0.6 ---
[2026-03-27T15:27:29.326Z] --- SERVER RESTARTED - ROUTES REGISTERED v1.0.6 ---
[2026-03-27T15:27:33.746Z] --- SERVER RESTARTED - ROUTES REGISTERED v1.0.6 ---
[2026-03-27T15:27:38.008Z] --- SERVER RESTARTED - ROUTES REGISTERED v1.0.6 ---
[2026-03-27T15:27:42.184Z] --- SERVER RESTARTED - ROUTES REGISTERED v1.0.6 ---
[2026-03-27T15:27:46.687Z] --- SERVER RESTARTED - ROUTES REGISTERED v1.0.6 ---
[2026-03-27T15:27:50.820Z] --- SERVER RESTARTED - ROUTES REGISTERED v1.0.6 ---
[2026-03-27T15:27:55.004Z] --- SERVER RESTARTED - ROUTES REGISTERED v1.0.6 ---
[2026-03-27T15:27:59.371Z] --- SERVER RESTARTED - ROUTES REGISTERED v1.0.6 ---
[2026-03-27T15:28:03.490Z] --- SERVER RESTARTED - ROUTES REGISTERED v1.0.6 ---
[2026-03-27T15:28:07.757Z] --- SERVER RESTARTED - ROUTES REGISTERED v1.0.6 ---
[2026-03-27T15:28:12.600Z] --- SERVER RESTARTED - ROUTES REGISTERED v1.0.6 ---
[2026-03-27T15:28:16.935Z] --- SERVER RESTARTED - ROUTES REGISTERED v1.0.6 ---
[2026-03-27T15:28:21.015Z] --- SERVER RESTARTED - ROUTES REGISTERED v1.0.6 ---
[2026-03-27T15:28:25.488Z] --- SERVER RESTARTED - ROUTES REGISTERED v1.0.6 ---
[2026-03-27T15:28:29.641Z] --- SERVER RESTARTED - ROUTES REGISTERED v1.0.6 ---
[2026-03-27T15:28:34.220Z] --- SERVER RESTARTED - ROUTES REGISTERED v1.0.6 ---
[2026-03-27T15:28:38.593Z] --- SERVER RESTARTED - ROUTES REGISTERED v1.0.6 ---
[2026-03-27T15:28:42.840Z] --- SERVER RESTARTED - ROUTES REGISTERED v1.0.6 ---
[2026-03-27T15:28:47.306Z] --- SERVER RESTARTED - ROUTES REGISTERED v1.0.6 ---
[2026-03-27T15:28:51.888Z] --- SERVER RESTARTED - ROUTES REGISTERED v1.0.6 ---
[2026-03-27T15:28:56.340Z] --- SERVER RESTARTED - ROUTES REGISTERED v1.0.6 ---
[2026-03-27T15:29:00.789Z] --- SERVER RESTARTED - ROUTES REGISTERED v1.0.6 ---
[2026-03-27T15:29:05.587Z] --- SERVER RESTARTED - ROUTES REGISTERED v1.0.6 ---
[2026-03-27T15:29:10.630Z] --- SERVER RESTARTED - ROUTES REGISTERED v1.0.6 ---
[2026-03-27T15:29:15.385Z] --- SERVER RESTARTED - ROUTES REGISTERED v1.0.6 ---
[2026-03-27T15:29:19.894Z] --- SERVER RESTARTED - ROUTES REGISTERED v1.0.6 ---
[2026-03-27T15:29:24.255Z] --- SERVER RESTARTED - ROUTES REGISTERED v1.0.6 ---
[2026-03-27T15:29:28.871Z] --- SERVER RESTARTED - ROUTES REGISTERED v1.0.6 ---
[2026-03-27T15:29:33.901Z] --- SERVER RESTARTED - ROUTES REGISTERED v1.0.6 ---
[2026-03-27T15:29:38.930Z] --- SERVER RESTARTED - ROUTES REGISTERED v1.0.6 ---
[2026-03-27T15:29:43.036Z] --- SERVER RESTARTED - ROUTES REGISTERED v1.0.6 ---
[2026-03-27T15:29:47.819Z] --- SERVER RESTARTED - ROUTES REGISTERED v1.0.6 ---
[2026-03-27T15:29:51.924Z] --- SERVER RESTARTED - ROUTES REGISTERED v1.0.6 ---
[2026-03-27T15:29:56.213Z] --- SERVER RESTARTED - ROUTES REGISTERED v1.0.6 ---
[2026-03-27T15:30:00.748Z] --- SERVER RESTARTED - ROUTES REGISTERED v1.0.6 ---
[2026-03-27T15:30:05.908Z] --- SERVER RESTARTED - ROUTES REGISTERED v1.0.6 ---
[2026-03-27T15:30:10.634Z] --- SERVER RESTARTED - ROUTES REGISTERED v1.0.6 ---
[2026-03-27T15:30:15.839Z] --- SERVER RESTARTED - ROUTES REGISTERED v1.0.6 ---
[2026-03-27T15:30:20.580Z] --- SERVER RESTARTED - ROUTES REGISTERED v1.0.6 ---
[2026-03-27T15:30:25.046Z] --- SERVER RESTARTED - ROUTES REGISTERED v1.0.6 ---
[2026-03-27T15:30:29.577Z] --- SERVER RESTARTED - ROUTES REGISTERED v1.0.6 ---
[2026-03-27T15:30:34.042Z] --- SERVER RESTARTED - ROUTES REGISTERED v1.0.6 ---
[2026-03-27T15:30:38.731Z] --- SERVER RESTARTED - ROUTES REGISTERED v1.0.6 ---
[2026-03-27T15:30:42.950Z] --- SERVER RESTARTED - ROUTES REGISTERED v1.0.6 ---
[2026-03-27T15:30:47.101Z] --- SERVER RESTARTED - ROUTES REGISTERED v1.0.6 ---
[2026-03-27T15:30:51.102Z] --- SERVER RESTARTED - ROUTES REGISTERED v1.0.6 ---
[2026-03-27T15:30:55.186Z] --- SERVER RESTARTED - ROUTES REGISTERED v1.0.6 ---
[2026-03-27T15:30:59.688Z] --- SERVER RESTARTED - ROUTES REGISTERED v1.0.6 ---
[2026-03-27T15:31:04.111Z] --- SERVER RESTARTED - ROUTES REGISTERED v1.0.6 ---
[2026-03-27T15:31:08.323Z] --- SERVER RESTARTED - ROUTES REGISTERED v1.0.6 ---
[2026-03-27T15:31:12.568Z] --- SERVER RESTARTED - ROUTES REGISTERED v1.0.6 ---
[2026-03-27T15:31:16.731Z] --- SERVER RESTARTED - ROUTES REGISTERED v1.0.6 ---
[2026-03-27T15:31:21.617Z] --- SERVER RESTARTED - ROUTES REGISTERED v1.0.6 ---
[2026-03-27T15:31:26.397Z] --- SERVER RESTARTED - ROUTES REGISTERED v1.0.6 ---
[2026-03-27T15:31:30.564Z] --- SERVER RESTARTED - ROUTES REGISTERED v1.0.6 ---
[2026-03-27T15:31:34.641Z] --- SERVER RESTARTED - ROUTES REGISTERED v1.0.6 ---
[2026-03-27T15:31:38.733Z] --- SERVER RESTARTED - ROUTES REGISTERED v1.0.6 ---
[2026-03-27T15:31:42.844Z] --- SERVER RESTARTED - ROUTES REGISTERED v1.0.6 ---
[2026-03-27T15:31:47.939Z] --- SERVER RESTARTED - ROUTES REGISTERED v1.0.6 ---
[2026-03-27T15:31:52.212Z] --- SERVER RESTARTED - ROUTES REGISTERED v1.0.6 ---
[2026-03-27T15:31:56.516Z] --- SERVER RESTARTED - ROUTES REGISTERED v1.0.6 ---
[2026-03-27T15:32:00.836Z] --- SERVER RESTARTED - ROUTES REGISTERED v1.0.6 ---
[2026-03-27T15:32:05.525Z] --- SERVER RESTARTED - ROUTES REGISTERED v1.0.6 ---
[2026-03-27T15:32:10.306Z] --- SERVER RESTARTED - ROUTES REGISTERED v1.0.6 ---
[2026-03-27T15:32:16.217Z] --- SERVER RESTARTED - ROUTES REGISTERED v1.0.6 ---
[2026-03-27T15:32:20.997Z] --- SERVER RESTARTED - ROUTES REGISTERED v1.0.6 ---
[2026-03-27T15:32:25.282Z] --- SERVER RESTARTED - ROUTES REGISTERED v1.0.6 ---
[2026-03-27T15:32:29.805Z] --- SERVER RESTARTED - ROUTES REGISTERED v1.0.6 ---
[2026-03-27T15:32:33.898Z] --- SERVER RESTARTED - ROUTES REGISTERED v1.0.6 ---
[2026-03-27T15:32:37.964Z] --- SERVER RESTARTED - ROUTES REGISTERED v1.0.6 ---
[2026-03-27T15:32:42.281Z] --- SERVER RESTARTED - ROUTES REGISTERED v1.0.6 ---
[2026-03-27T15:32:46.508Z] --- SERVER RESTARTED - ROUTES REGISTERED v1.0.6 ---
[2026-03-27T15:32:50.786Z] --- SERVER RESTARTED - ROUTES REGISTERED v1.0.6 ---
[2026-03-27T15:32:55.387Z] --- SERVER RESTARTED - ROUTES REGISTERED v1.0.6 ---
[2026-03-27T15:32:59.851Z] --- SERVER RESTARTED - ROUTES REGISTERED v1.0.6 ---
[2026-03-27T15:33:04.655Z] --- SERVER RESTARTED - ROUTES REGISTERED v1.0.6 ---
[2026-03-27T15:33:09.211Z] --- SERVER RESTARTED - ROUTES REGISTERED v1.0.6 ---
[2026-03-27T15:33:13.232Z] --- SERVER RESTARTED - ROUTES REGISTERED v1.0.6 ---
[2026-03-27T15:33:17.468Z] --- SERVER RESTARTED - ROUTES REGISTERED v1.0.6 ---
[2026-03-27T15:33:21.620Z] --- SERVER RESTARTED - ROUTES REGISTERED v1.0.6 ---
[2026-03-27T15:33:25.804Z] --- SERVER RESTARTED - ROUTES REGISTERED v1.0.6 ---
[2026-03-27T15:33:30.465Z] --- SERVER RESTARTED - ROUTES REGISTERED v1.0.6 ---
[2026-03-27T15:33:34.686Z] --- SERVER RESTARTED - ROUTES REGISTERED v1.0.6 ---
[2026-03-27T15:33:39.479Z] --- SERVER RESTARTED - ROUTES REGISTERED v1.0.6 ---
[2026-03-27T15:33:43.818Z] --- SERVER RESTARTED - ROUTES REGISTERED v1.0.6 ---
[2026-03-27T15:33:48.439Z] --- SERVER RESTARTED - ROUTES REGISTERED v1.0.6 ---
[2026-03-27T15:33:52.864Z] --- SERVER RESTARTED - ROUTES REGISTERED v1.0.6 ---
[2026-03-27T15:33:57.345Z] --- SERVER RESTARTED - ROUTES REGISTERED v1.0.6 ---
[2026-03-27T15:34:01.809Z] --- SERVER RESTARTED - ROUTES REGISTERED v1.0.6 ---
[2026-03-27T15:34:05.965Z] --- SERVER RESTARTED - ROUTES REGISTERED v1.0.6 ---
[2026-03-27T15:34:10.595Z] --- SERVER RESTARTED - ROUTES REGISTERED v1.0.6 ---
[2026-03-27T15:34:15.605Z] --- SERVER RESTARTED - ROUTES REGISTERED v1.0.6 ---
[2026-03-27T15:34:21.641Z] --- SERVER RESTARTED - ROUTES REGISTERED v1.0.6 ---
[2026-03-27T15:34:26.715Z] --- SERVER RESTARTED - ROUTES REGISTERED v1.0.6 ---
[2026-03-27T15:34:31.356Z] --- SERVER RESTARTED - ROUTES REGISTERED v1.0.6 ---
[2026-03-27T15:34:35.767Z] --- SERVER RESTARTED - ROUTES REGISTERED v1.0.6 ---
[2026-03-27T15:34:40.180Z] --- SERVER RESTARTED - ROUTES REGISTERED v1.0.6 ---
[2026-03-27T15:34:44.572Z] --- SERVER RESTARTED - ROUTES REGISTERED v1.0.6 ---
[2026-03-27T15:34:49.157Z] --- SERVER RESTARTED - ROUTES REGISTERED v1.0.6 ---
[2026-03-27T15:34:53.828Z] --- SERVER RESTARTED - ROUTES REGISTERED v1.0.6 ---
[2026-03-27T15:34:58.256Z] --- SERVER RESTARTED - ROUTES REGISTERED v1.0.6 ---
[2026-03-27T15:35:02.586Z] --- SERVER RESTARTED - ROUTES REGISTERED v1.0.6 ---
[2026-03-27T15:35:07.110Z] --- SERVER RESTARTED - ROUTES REGISTERED v1.0.6 ---
[2026-03-27T15:35:11.231Z] --- SERVER RESTARTED - ROUTES REGISTERED v1.0.6 ---
[2026-03-27T15:35:15.623Z] --- SERVER RESTARTED - ROUTES REGISTERED v1.0.6 ---
[2026-03-27T15:35:19.812Z] --- SERVER RESTARTED - ROUTES REGISTERED v1.0.6 ---
[2026-03-27T15:35:24.114Z] --- SERVER RESTARTED - ROUTES REGISTERED v1.0.6 ---
[2026-03-27T15:35:28.530Z] --- SERVER RESTARTED - ROUTES REGISTERED v1.0.6 ---
[2026-03-27T15:35:32.978Z] --- SERVER RESTARTED - ROUTES REGISTERED v1.0.6 ---
[2026-03-27T15:35:37.350Z] --- SERVER RESTARTED - ROUTES REGISTERED v1.0.6 ---
[2026-03-27T15:35:41.663Z] --- SERVER RESTARTED - ROUTES REGISTERED v1.0.6 ---
[2026-03-27T15:35:45.721Z] --- SERVER RESTARTED - ROUTES REGISTERED v1.0.6 ---
[2026-03-27T15:35:50.016Z] --- SERVER RESTARTED - ROUTES REGISTERED v1.0.6 ---
[2026-03-27T15:35:54.185Z] --- SERVER RESTARTED - ROUTES REGISTERED v1.0.6 ---
[2026-03-27T15:35:59.601Z] --- SERVER RESTARTED - ROUTES REGISTERED v1.0.6 ---
[2026-03-27T15:36:04.253Z] --- SERVER RESTARTED - ROUTES REGISTERED v1.0.6 ---
[2026-03-27T15:36:08.589Z] --- SERVER RESTARTED - ROUTES REGISTERED v1.0.6 ---
[2026-03-27T15:36:13.050Z] --- SERVER RESTARTED - ROUTES REGISTERED v1.0.6 ---
[2026-03-27T15:36:18.725Z] --- SERVER RESTARTED - ROUTES REGISTERED v1.0.6 ---
[2026-03-27T15:36:23.764Z] --- SERVER RESTARTED - ROUTES REGISTERED v1.0.6 ---
[2026-03-27T15:36:28.889Z] --- SERVER RESTARTED - ROUTES REGISTERED v1.0.6 ---
[2026-03-27T15:36:33.083Z] --- SERVER RESTARTED - ROUTES REGISTERED v1.0.6 ---
[2026-03-27T15:36:37.281Z] --- SERVER RESTARTED - ROUTES REGISTERED v1.0.6 ---
[2026-03-27T15:36:41.482Z] --- SERVER RESTARTED - ROUTES REGISTERED v1.0.6 ---
[2026-03-27T15:36:45.952Z] --- SERVER RESTARTED - ROUTES REGISTERED v1.0.6 ---
[2026-03-27T15:36:50.905Z] --- SERVER RESTARTED - ROUTES REGISTERED v1.0.6 ---
[2026-03-27T15:36:55.524Z] --- SERVER RESTARTED - ROUTES REGISTERED v1.0.6 ---
[2026-03-27T15:36:59.855Z] --- SERVER RESTARTED - ROUTES REGISTERED v1.0.6 ---
[2026-03-27T15:37:04.204Z] --- SERVER RESTARTED - ROUTES REGISTERED v1.0.6 ---
[2026-03-27T15:37:08.323Z] --- SERVER RESTARTED - ROUTES REGISTERED v1.0.6 ---
[2026-03-27T15:37:12.630Z] --- SERVER RESTARTED - ROUTES REGISTERED v1.0.6 ---
[2026-03-27T15:37:16.784Z] --- SERVER RESTARTED - ROUTES REGISTERED v1.0.6 ---
[2026-03-27T15:37:20.839Z] --- SERVER RESTARTED - ROUTES REGISTERED v1.0.6 ---
[2026-03-27T15:37:25.567Z] --- SERVER RESTARTED - ROUTES REGISTERED v1.0.6 ---
[2026-03-27T15:37:30.126Z] --- SERVER RESTARTED - ROUTES REGISTERED v1.0.6 ---
[2026-03-27T15:37:34.877Z] --- SERVER RESTARTED - ROUTES REGISTERED v1.0.6 ---
[2026-03-27T15:37:39.478Z] --- SERVER RESTARTED - ROUTES REGISTERED v1.0.6 ---
[2026-03-27T15:37:43.769Z] --- SERVER RESTARTED - ROUTES REGISTERED v1.0.6 ---
[2026-03-27T15:37:48.235Z] --- SERVER RESTARTED - ROUTES REGISTERED v1.0.6 ---
[2026-03-27T15:37:52.302Z] --- SERVER RESTARTED - ROUTES REGISTERED v1.0.6 ---
[2026-03-27T15:37:56.552Z] --- SERVER RESTARTED - ROUTES REGISTERED v1.0.6 ---
[2026-03-27T15:38:01.006Z] --- SERVER RESTARTED - ROUTES REGISTERED v1.0.6 ---
[2026-03-27T15:38:05.420Z] --- SERVER RESTARTED - ROUTES REGISTERED v1.0.6 ---
[2026-03-27T15:38:10.024Z] --- SERVER RESTARTED - ROUTES REGISTERED v1.0.6 ---
[2026-03-27T15:38:14.496Z] --- SERVER RESTARTED - ROUTES REGISTERED v1.0.6 ---
[2026-03-27T15:38:19.228Z] --- SERVER RESTARTED - ROUTES REGISTERED v1.0.6 ---
[2026-03-27T15:38:23.617Z] --- SERVER RESTARTED - ROUTES REGISTERED v1.0.6 ---
[2026-03-27T15:38:28.271Z] --- SERVER RESTARTED - ROUTES REGISTERED v1.0.6 ---
[2026-03-27T15:38:33.578Z] --- SERVER RESTARTED - ROUTES REGISTERED v1.0.6 ---
[2026-03-27T15:38:38.304Z] --- SERVER RESTARTED - ROUTES REGISTERED v1.0.6 ---
[2026-03-27T15:38:42.584Z] --- SERVER RESTARTED - ROUTES REGISTERED v1.0.6 ---
[2026-03-27T15:38:46.886Z] --- SERVER RESTARTED - ROUTES REGISTERED v1.0.6 ---
[2026-03-27T15:38:51.405Z] --- SERVER RESTARTED - ROUTES REGISTERED v1.0.6 ---
[2026-03-27T15:38:56.252Z] --- SERVER RESTARTED - ROUTES REGISTERED v1.0.6 ---
[2026-03-27T15:39:01.171Z] --- SERVER RESTARTED - ROUTES REGISTERED v1.0.6 ---
[2026-03-27T15:39:05.372Z] --- SERVER RESTARTED - ROUTES REGISTERED v1.0.6 ---
[2026-03-27T15:39:10.068Z] --- SERVER RESTARTED - ROUTES REGISTERED v1.0.6 ---
[2026-03-27T15:39:14.363Z] --- SERVER RESTARTED - ROUTES REGISTERED v1.0.6 ---
[2026-03-27T15:39:19.558Z] --- SERVER RESTARTED - ROUTES REGISTERED v1.0.6 ---
[2026-03-27T15:39:24.073Z] --- SERVER RESTARTED - ROUTES REGISTERED v1.0.6 ---
[2026-03-27T15:39:28.756Z] --- SERVER RESTARTED - ROUTES REGISTERED v1.0.6 ---
[2026-03-27T15:39:33.740Z] --- SERVER RESTARTED - ROUTES REGISTERED v1.0.6 ---
[2026-03-27T15:39:38.783Z] --- SERVER RESTARTED - ROUTES REGISTERED v1.0.6 ---
[2026-03-27T15:39:43.255Z] --- SERVER RESTARTED - ROUTES REGISTERED v1.0.6 ---
[2026-03-27T15:39:47.785Z] --- SERVER RESTARTED - ROUTES REGISTERED v1.0.6 ---
[2026-03-27T15:39:52.546Z] --- SERVER RESTARTED - ROUTES REGISTERED v1.0.6 ---
[2026-03-27T15:39:58.084Z] --- SERVER RESTARTED - ROUTES REGISTERED v1.0.6 ---
[2026-03-27T15:40:02.890Z] --- SERVER RESTARTED - ROUTES REGISTERED v1.0.6 ---
[2026-03-27T15:40:07.967Z] --- SERVER RESTARTED - ROUTES REGISTERED v1.0.6 ---
[2026-03-27T15:40:12.981Z] --- SERVER RESTARTED - ROUTES REGISTERED v1.0.6 ---
[2026-03-27T15:40:17.905Z] --- SERVER RESTARTED - ROUTES REGISTERED v1.0.6 ---
[2026-03-27T15:40:22.082Z] --- SERVER RESTARTED - ROUTES REGISTERED v1.0.6 ---
[2026-03-27T15:40:26.208Z] --- SERVER RESTARTED - ROUTES REGISTERED v1.0.6 ---
[2026-03-27T15:40:30.739Z] --- SERVER RESTARTED - ROUTES REGISTERED v1.0.6 ---
[2026-03-27T15:40:35.112Z] --- SERVER RESTARTED - ROUTES REGISTERED v1.0.6 ---
[2026-03-27T15:40:39.954Z] --- SERVER RESTARTED - ROUTES REGISTERED v1.0.6 ---
[2026-03-27T15:40:44.546Z] --- SERVER RESTARTED - ROUTES REGISTERED v1.0.6 ---
[2026-03-27T15:40:49.212Z] --- SERVER RESTARTED - ROUTES REGISTERED v1.0.6 ---
[2026-03-27T15:40:54.091Z] --- SERVER RESTARTED - ROUTES REGISTERED v1.0.6 ---
[2026-03-27T15:40:58.573Z] --- SERVER RESTARTED - ROUTES REGISTERED v1.0.6 ---
[2026-03-27T15:41:03.295Z] --- SERVER RESTARTED - ROUTES REGISTERED v1.0.6 ---
[2026-03-27T15:41:07.970Z] --- SERVER RESTARTED - ROUTES REGISTERED v1.0.6 ---
[2026-03-27T15:41:12.267Z] --- SERVER RESTARTED - ROUTES REGISTERED v1.0.6 ---
[2026-03-27T15:41:16.988Z] --- SERVER RESTARTED - ROUTES REGISTERED v1.0.6 ---
[2026-03-27T15:41:21.748Z] --- SERVER RESTARTED - ROUTES REGISTERED v1.0.6 ---
[2026-03-27T15:41:26.421Z] --- SERVER RESTARTED - ROUTES REGISTERED v1.0.6 ---
[2026-03-27T15:41:31.059Z] --- SERVER RESTARTED - ROUTES REGISTERED v1.0.6 ---
[2026-03-27T15:41:35.377Z] --- SERVER RESTARTED - ROUTES REGISTERED v1.0.6 ---
[2026-03-27T15:41:39.858Z] --- SERVER RESTARTED - ROUTES REGISTERED v1.0.6 ---
[2026-03-27T15:41:44.158Z] --- SERVER RESTARTED - ROUTES REGISTERED v1.0.6 ---
[2026-03-27T15:41:48.601Z] --- SERVER RESTARTED - ROUTES REGISTERED v1.0.6 ---
[2026-03-27T15:41:53.533Z] --- SERVER RESTARTED - ROUTES REGISTERED v1.0.6 ---
[2026-03-27T15:41:58.701Z] --- SERVER RESTARTED - ROUTES REGISTERED v1.0.6 ---
[2026-03-27T15:42:03.611Z] --- SERVER RESTARTED - ROUTES REGISTERED v1.0.6 ---
[2026-03-27T15:42:08.648Z] --- SERVER RESTARTED - ROUTES REGISTERED v1.0.6 ---
[2026-03-27T15:42:13.266Z] --- SERVER RESTARTED - ROUTES REGISTERED v1.0.6 ---
[2026-03-27T15:42:17.827Z] --- SERVER RESTARTED - ROUTES REGISTERED v1.0.6 ---
[2026-03-27T15:42:22.557Z] --- SERVER RESTARTED - ROUTES REGISTERED v1.0.6 ---
[2026-03-27T15:42:26.957Z] --- SERVER RESTARTED - ROUTES REGISTERED v1.0.6 ---
[2026-03-27T15:42:31.136Z] --- SERVER RESTARTED - ROUTES REGISTERED v1.0.6 ---
[2026-03-27T15:42:35.540Z] --- SERVER RESTARTED - ROUTES REGISTERED v1.0.6 ---
[2026-03-27T15:42:39.653Z] --- SERVER RESTARTED - ROUTES REGISTERED v1.0.6 ---
[2026-03-27T15:42:44.062Z] --- SERVER RESTARTED - ROUTES REGISTERED v1.0.6 ---
[2026-03-27T15:42:48.366Z] --- SERVER RESTARTED - ROUTES REGISTERED v1.0.6 ---
[2026-03-27T15:42:52.778Z] --- SERVER RESTARTED - ROUTES REGISTERED v1.0.6 ---
[2026-03-27T15:42:57.299Z] --- SERVER RESTARTED - ROUTES REGISTERED v1.0.6 ---
[2026-03-27T15:43:01.655Z] --- SERVER RESTARTED - ROUTES REGISTERED v1.0.6 ---
[2026-03-27T15:43:06.486Z] --- SERVER RESTARTED - ROUTES REGISTERED v1.0.6 ---
[2026-03-27T15:43:11.066Z] --- SERVER RESTARTED - ROUTES REGISTERED v1.0.6 ---
[2026-03-27T15:43:14.980Z] --- SERVER RESTARTED - ROUTES REGISTERED v1.0.6 ---
[2026-03-27T15:43:18.994Z] --- SERVER RESTARTED - ROUTES REGISTERED v1.0.6 ---
[2026-03-27T15:43:23.392Z] --- SERVER RESTARTED - ROUTES REGISTERED v1.0.6 ---
[2026-03-27T15:43:27.676Z] --- SERVER RESTARTED - ROUTES REGISTERED v1.0.6 ---
[2026-03-27T15:43:32.387Z] --- SERVER RESTARTED - ROUTES REGISTERED v1.0.6 ---
[2026-03-27T15:43:37.556Z] --- SERVER RESTARTED - ROUTES REGISTERED v1.0.6 ---
[2026-03-27T15:43:42.412Z] --- SERVER RESTARTED - ROUTES REGISTERED v1.0.6 ---
[2026-03-27T15:43:46.391Z] --- SERVER RESTARTED - ROUTES REGISTERED v1.0.6 ---
[2026-03-27T15:43:50.872Z] --- SERVER RESTARTED - ROUTES REGISTERED v1.0.6 ---
[2026-03-27T15:43:55.628Z] --- SERVER RESTARTED - ROUTES REGISTERED v1.0.6 ---
[2026-03-27T15:44:00.668Z] --- SERVER RESTARTED - ROUTES REGISTERED v1.0.6 ---
[2026-03-27T15:44:04.710Z] --- SERVER RESTARTED - ROUTES REGISTERED v1.0.6 ---
[2026-03-27T15:44:08.958Z] --- SERVER RESTARTED - ROUTES REGISTERED v1.0.6 ---
[2026-03-27T15:44:13.003Z] --- SERVER RESTARTED - ROUTES REGISTERED v1.0.6 ---
[2026-03-27T15:44:17.485Z] --- SERVER RESTARTED - ROUTES REGISTERED v1.0.6 ---
[2026-03-27T15:44:21.709Z] --- SERVER RESTARTED - ROUTES REGISTERED v1.0.6 ---
[2026-03-27T15:44:26.498Z] --- SERVER RESTARTED - ROUTES REGISTERED v1.0.6 ---
[2026-03-27T15:44:31.028Z] --- SERVER RESTARTED - ROUTES REGISTERED v1.0.6 ---
[2026-03-27T15:44:35.581Z] --- SERVER RESTARTED - ROUTES REGISTERED v1.0.6 ---
[2026-03-27T15:44:39.969Z] --- SERVER RESTARTED - ROUTES REGISTERED v1.0.6 ---
[2026-03-27T15:44:44.285Z] --- SERVER RESTARTED - ROUTES REGISTERED v1.0.6 ---
[2026-03-27T15:44:48.627Z] --- SERVER RESTARTED - ROUTES REGISTERED v1.0.6 ---
[2026-03-27T15:44:53.489Z] --- SERVER RESTARTED - ROUTES REGISTERED v1.0.6 ---
[2026-03-27T15:44:57.675Z] --- SERVER RESTARTED - ROUTES REGISTERED v1.0.6 ---
[2026-03-27T15:45:02.264Z] --- SERVER RESTARTED - ROUTES REGISTERED v1.0.6 ---
[2026-03-27T15:45:06.968Z] --- SERVER RESTARTED - ROUTES REGISTERED v1.0.6 ---
[2026-03-27T15:45:11.160Z] --- SERVER RESTARTED - ROUTES REGISTERED v1.0.6 ---
[2026-03-27T15:45:15.468Z] --- SERVER RESTARTED - ROUTES REGISTERED v1.0.6 ---
[2026-03-27T15:45:19.517Z] --- SERVER RESTARTED - ROUTES REGISTERED v1.0.6 ---
[2026-03-27T15:45:23.803Z] --- SERVER RESTARTED - ROUTES REGISTERED v1.0.6 ---
[2026-03-27T15:45:28.345Z] --- SERVER RESTARTED - ROUTES REGISTERED v1.0.6 ---
[2026-03-27T15:45:32.750Z] --- SERVER RESTARTED - ROUTES REGISTERED v1.0.6 ---
[2026-03-27T15:45:36.969Z] --- SERVER RESTARTED - ROUTES REGISTERED v1.0.6 ---
[2026-03-27T15:45:41.344Z] --- SERVER RESTARTED - ROUTES REGISTERED v1.0.6 ---
[2026-03-27T15:45:45.555Z] --- SERVER RESTARTED - ROUTES REGISTERED v1.0.6 ---
[2026-03-27T15:45:50.166Z] --- SERVER RESTARTED - ROUTES REGISTERED v1.0.6 ---
[2026-03-27T15:45:55.060Z] --- SERVER RESTARTED - ROUTES REGISTERED v1.0.6 ---
[2026-03-27T15:46:00.326Z] --- SERVER RESTARTED - ROUTES REGISTERED v1.0.6 ---
[2026-03-27T15:46:05.423Z] --- SERVER RESTARTED - ROUTES REGISTERED v1.0.6 ---
[2026-03-27T15:46:09.867Z] --- SERVER RESTARTED - ROUTES REGISTERED v1.0.6 ---
[2026-03-27T15:46:13.778Z] --- SERVER RESTARTED - ROUTES REGISTERED v1.0.6 ---
[2026-03-27T15:46:18.275Z] --- SERVER RESTARTED - ROUTES REGISTERED v1.0.6 ---
[2026-03-27T15:46:22.509Z] --- SERVER RESTARTED - ROUTES REGISTERED v1.0.6 ---
[2026-03-27T15:46:26.644Z] --- SERVER RESTARTED - ROUTES REGISTERED v1.0.6 ---
[2026-03-27T15:46:30.978Z] --- SERVER RESTARTED - ROUTES REGISTERED v1.0.6 ---
[2026-03-27T15:46:35.098Z] --- SERVER RESTARTED - ROUTES REGISTERED v1.0.6 ---
[2026-03-27T15:46:39.227Z] --- SERVER RESTARTED - ROUTES REGISTERED v1.0.6 ---
[2026-03-27T15:46:43.877Z] --- SERVER RESTARTED - ROUTES REGISTERED v1.0.6 ---
[2026-03-27T15:46:48.627Z] --- SERVER RESTARTED - ROUTES REGISTERED v1.0.6 ---
[2026-03-27T15:46:53.182Z] --- SERVER RESTARTED - ROUTES REGISTERED v1.0.6 ---
[2026-03-27T15:46:57.587Z] --- SERVER RESTARTED - ROUTES REGISTERED v1.0.6 ---
[2026-03-27T15:47:02.862Z] --- SERVER RESTARTED - ROUTES REGISTERED v1.0.6 ---
[2026-03-27T15:47:07.386Z] --- SERVER RESTARTED - ROUTES REGISTERED v1.0.6 ---
[2026-03-27T15:47:12.555Z] --- SERVER RESTARTED - ROUTES REGISTERED v1.0.6 ---
[2026-03-27T15:47:17.611Z] --- SERVER RESTARTED - ROUTES REGISTERED v1.0.6 ---
[2026-03-27T15:47:21.939Z] --- SERVER RESTARTED - ROUTES REGISTERED v1.0.6 ---
[2026-03-27T15:47:26.780Z] --- SERVER RESTARTED - ROUTES REGISTERED v1.0.6 ---
[2026-03-27T15:47:31.768Z] --- SERVER RESTARTED - ROUTES REGISTERED v1.0.6 ---
[2026-03-27T15:47:36.180Z] --- SERVER RESTARTED - ROUTES REGISTERED v1.0.6 ---
[2026-03-27T15:47:40.468Z] --- SERVER RESTARTED - ROUTES REGISTERED v1.0.6 ---
[2026-03-27T15:47:44.500Z] --- SERVER RESTARTED - ROUTES REGISTERED v1.0.6 ---
[2026-03-27T15:47:48.570Z] --- SERVER RESTARTED - ROUTES REGISTERED v1.0.6 ---
[2026-03-27T15:47:52.914Z] --- SERVER RESTARTED - ROUTES REGISTERED v1.0.6 ---
[2026-03-27T15:47:57.771Z] --- SERVER RESTARTED - ROUTES REGISTERED v1.0.6 ---
[2026-03-27T15:48:02.623Z] --- SERVER RESTARTED - ROUTES REGISTERED v1.0.6 ---
[2026-03-27T15:48:07.350Z] --- SERVER RESTARTED - ROUTES REGISTERED v1.0.6 ---
[2026-03-27T15:48:11.576Z] --- SERVER RESTARTED - ROUTES REGISTERED v1.0.6 ---
[2026-03-27T15:48:15.812Z] --- SERVER RESTARTED - ROUTES REGISTERED v1.0.6 ---
[2026-03-27T15:48:20.653Z] --- SERVER RESTARTED - ROUTES REGISTERED v1.0.6 ---
[2026-03-27T15:48:25.029Z] --- SERVER RESTARTED - ROUTES REGISTERED v1.0.6 ---
[2026-03-27T15:48:29.421Z] --- SERVER RESTARTED - ROUTES REGISTERED v1.0.6 ---
[2026-03-27T15:48:33.660Z] --- SERVER RESTARTED - ROUTES REGISTERED v1.0.6 ---
[2026-03-27T15:48:38.563Z] --- SERVER RESTARTED - ROUTES REGISTERED v1.0.6 ---
[2026-03-27T15:48:43.827Z] --- SERVER RESTARTED - ROUTES REGISTERED v1.0.6 ---
[2026-03-27T15:48:48.259Z] --- SERVER RESTARTED - ROUTES REGISTERED v1.0.6 ---
[2026-03-27T15:48:52.627Z] --- SERVER RESTARTED - ROUTES REGISTERED v1.0.6 ---
[2026-03-27T15:48:57.274Z] --- SERVER RESTARTED - ROUTES REGISTERED v1.0.6 ---
[2026-03-27T15:49:02.512Z] --- SERVER RESTARTED - ROUTES REGISTERED v1.0.6 ---
[2026-03-27T15:49:07.170Z] --- SERVER RESTARTED - ROUTES REGISTERED v1.0.6 ---
[2026-03-27T15:49:11.890Z] --- SERVER RESTARTED - ROUTES REGISTERED v1.0.6 ---
[2026-03-27T15:49:16.838Z] --- SERVER RESTARTED - ROUTES REGISTERED v1.0.6 ---
[2026-03-27T15:49:21.325Z] --- SERVER RESTARTED - ROUTES REGISTERED v1.0.6 ---
[2026-03-27T15:49:26.585Z] --- SERVER RESTARTED - ROUTES REGISTERED v1.0.6 ---
[2026-03-27T15:49:31.899Z] --- SERVER RESTARTED - ROUTES REGISTERED v1.0.6 ---
[2026-03-27T15:49:36.834Z] --- SERVER RESTARTED - ROUTES REGISTERED v1.0.6 ---
[2026-03-27T15:49:41.993Z] --- SERVER RESTARTED - ROUTES REGISTERED v1.0.6 ---
[2026-03-27T15:49:47.094Z] --- SERVER RESTARTED - ROUTES REGISTERED v1.0.6 ---
[2026-03-27T15:49:51.941Z] --- SERVER RESTARTED - ROUTES REGISTERED v1.0.6 ---
[2026-03-27T15:49:56.733Z] --- SERVER RESTARTED - ROUTES REGISTERED v1.0.6 ---
[2026-03-27T15:50:02.166Z] --- SERVER RESTARTED - ROUTES REGISTERED v1.0.6 ---
[2026-03-27T15:50:07.324Z] --- SERVER RESTARTED - ROUTES REGISTERED v1.0.6 ---
[2026-03-27T15:50:12.432Z] --- SERVER RESTARTED - ROUTES REGISTERED v1.0.6 ---
[2026-03-27T15:50:17.079Z] --- SERVER RESTARTED - ROUTES REGISTERED v1.0.6 ---
[2026-03-27T15:50:21.814Z] --- SERVER RESTARTED - ROUTES REGISTERED v1.0.6 ---
[2026-03-27T15:50:27.979Z] --- SERVER RESTARTED - ROUTES REGISTERED v1.0.6 ---
[2026-03-27T15:50:32.823Z] --- SERVER RESTARTED - ROUTES REGISTERED v1.0.6 ---
[2026-03-27T15:50:37.071Z] --- SERVER RESTARTED - ROUTES REGISTERED v1.0.6 ---
[2026-03-27T15:50:41.481Z] --- SERVER RESTARTED - ROUTES REGISTERED v1.0.6 ---
[2026-03-27T15:50:46.413Z] --- SERVER RESTARTED - ROUTES REGISTERED v1.0.6 ---
[2026-03-27T15:50:50.722Z] --- SERVER RESTARTED - ROUTES REGISTERED v1.0.6 ---
[2026-03-27T15:50:55.171Z] --- SERVER RESTARTED - ROUTES REGISTERED v1.0.6 ---
[2026-03-27T15:50:59.672Z] --- SERVER RESTARTED - ROUTES REGISTERED v1.0.6 ---
[2026-03-27T15:51:04.246Z] --- SERVER RESTARTED - ROUTES REGISTERED v1.0.6 ---
[2026-03-27T15:51:08.983Z] --- SERVER RESTARTED - ROUTES REGISTERED v1.0.6 ---
[2026-03-27T15:51:13.657Z] --- SERVER RESTARTED - ROUTES REGISTERED v1.0.6 ---
[2026-03-27T15:51:18.124Z] --- SERVER RESTARTED - ROUTES REGISTERED v1.0.6 ---
[2026-03-27T15:51:22.239Z] --- SERVER RESTARTED - ROUTES REGISTERED v1.0.6 ---
[2026-03-27T15:51:27.186Z] --- SERVER RESTARTED - ROUTES REGISTERED v1.0.6 ---
[2026-03-27T15:51:32.280Z] --- SERVER RESTARTED - ROUTES REGISTERED v1.0.6 ---
[2026-03-27T15:51:36.618Z] --- SERVER RESTARTED - ROUTES REGISTERED v1.0.6 ---
[2026-03-27T15:51:41.437Z] --- SERVER RESTARTED - ROUTES REGISTERED v1.0.6 ---
[2026-03-27T15:51:45.864Z] --- SERVER RESTARTED - ROUTES REGISTERED v1.0.6 ---
[2026-03-27T15:51:50.247Z] --- SERVER RESTARTED - ROUTES REGISTERED v1.0.6 ---
[2026-03-27T15:51:54.690Z] --- SERVER RESTARTED - ROUTES REGISTERED v1.0.6 ---
[2026-03-27T15:51:59.239Z] --- SERVER RESTARTED - ROUTES REGISTERED v1.0.6 ---
[2026-03-27T15:52:03.488Z] --- SERVER RESTARTED - ROUTES REGISTERED v1.0.6 ---
[2026-03-27T15:52:07.823Z] --- SERVER RESTARTED - ROUTES REGISTERED v1.0.6 ---
[2026-03-27T15:52:12.539Z] --- SERVER RESTARTED - ROUTES REGISTERED v1.0.6 ---
[2026-03-27T15:52:16.904Z] --- SERVER RESTARTED - ROUTES REGISTERED v1.0.6 ---
[2026-03-27T15:52:21.550Z] --- SERVER RESTARTED - ROUTES REGISTERED v1.0.6 ---
[2026-03-27T15:52:26.650Z] --- SERVER RESTARTED - ROUTES REGISTERED v1.0.6 ---
[2026-03-27T15:52:30.883Z] --- SERVER RESTARTED - ROUTES REGISTERED v1.0.6 ---
[2026-03-27T15:52:35.258Z] --- SERVER RESTARTED - ROUTES REGISTERED v1.0.6 ---
[2026-03-27T15:52:39.527Z] --- SERVER RESTARTED - ROUTES REGISTERED v1.0.6 ---
[2026-03-27T15:52:43.856Z] --- SERVER RESTARTED - ROUTES REGISTERED v1.0.6 ---
[2026-03-27T15:52:48.633Z] --- SERVER RESTARTED - ROUTES REGISTERED v1.0.6 ---
[2026-03-27T15:52:54.054Z] --- SERVER RESTARTED - ROUTES REGISTERED v1.0.6 ---
[2026-03-27T15:52:58.527Z] --- SERVER RESTARTED - ROUTES REGISTERED v1.0.6 ---
[2026-03-27T15:53:10.797Z] --- SERVER RESTARTED - ROUTES REGISTERED v1.0.6 ---
[2026-03-27T15:53:20.067Z] --- SERVER RESTARTED - ROUTES REGISTERED v1.0.6 ---
[2026-03-27T15:53:27.055Z] --- SERVER RESTARTED - ROUTES REGISTERED v1.0.6 ---
[2026-03-27T15:53:33.123Z] --- SERVER RESTARTED - ROUTES REGISTERED v1.0.6 ---
[2026-03-27T15:53:37.808Z] --- SERVER RESTARTED - ROUTES REGISTERED v1.0.6 ---
[2026-03-27T15:53:44.306Z] --- SERVER RESTARTED - ROUTES REGISTERED v1.0.6 ---
[2026-03-27T15:54:09.772Z] --- SERVER RESTARTED - ROUTES REGISTERED v1.0.6 ---
[2026-03-27T15:54:48.530Z] --- SERVER RESTARTED - ROUTES REGISTERED v1.0.6 ---
[2026-03-27T15:55:53.605Z] --- SERVER RESTARTED - ROUTES REGISTERED v1.0.6 ---
[2026-03-27T16:00:54.039Z] --- SERVER RESTARTED - ROUTES REGISTERED v1.0.6 ---
[2026-03-28T17:31:17.097Z] --- SERVER RESTARTED - ROUTES REGISTERED v1.0.6 ---
[2026-03-28T17:32:57.419Z] --- SERVER RESTARTED - ROUTES REGISTERED v1.0.6 ---
[2026-03-28T17:34:25.267Z] --- SERVER RESTARTED - ROUTES REGISTERED v1.0.6 ---
[2026-03-28T17:35:54.771Z] [Storage] Executing: UPDATE documents SET word_file_path = @wordFilePath, updated_at = GETDATE() WHERE id = @id
[2026-03-28T17:40:00.069Z] --- SERVER RESTARTED - ROUTES REGISTERED v1.0.6 ---
[2026-03-28T17:40:15.348Z] [Storage] Executing: UPDATE documents SET status = @status, approved_by = @approvedBy, approved_at = @approvedAt, approval_remarks = @approvalRemarks, approver_data = @approverData, approver_name = @approverName, updated_at = GETDATE() WHERE id = @id
[2026-03-28T17:40:54.748Z] [Storage] Executing: UPDATE documents SET doc_number = @docNumber, status = @status, issued_by = @issuedBy, issued_at = @issuedAt, issue_remarks = @issueRemarks, issuer_name = @issuerName, issuer_data = @issuerData, updated_at = GETDATE() WHERE id = @id
[2026-03-28T17:44:07.398Z] [RevisionActivities] Starting grouped revision activities query
[2026-03-28T17:45:43.734Z] [RevisionActivities] Starting grouped revision activities query
[2026-03-28T17:46:14.601Z] [RevisionActivities] Starting grouped revision activities query
[2026-03-28T17:52:17.587Z] --- SERVER RESTARTED - ROUTES REGISTERED v1.0.6 ---
[2026-03-28T17:53:09.002Z] [RevisionActivities] Starting grouped revision activities query
[2026-03-28T17:53:14.261Z] [RevisionActivities] Starting grouped revision activities query
[2026-03-28T17:54:28.564Z] [RevisionActivities] Starting grouped revision activities query
[2026-03-28T17:55:01.391Z] [RevisionActivities] Starting grouped revision activities query
[2026-03-28T17:55:32.449Z] [RevisionActivities] Starting grouped revision activities query
[2026-03-28T17:56:06.995Z] [RevisionActivities] Starting grouped revision activities query
[2026-03-28T17:56:39.062Z] [RevisionActivities] Starting grouped revision activities query
[2026-03-28T17:57:09.781Z] [RevisionActivities] Starting grouped revision activities query
[2026-03-28T17:57:41.961Z] [RevisionActivities] Starting grouped revision activities query
[2026-03-28T17:58:13.065Z] [RevisionActivities] Starting grouped revision activities query
[2026-03-28T17:58:43.260Z] [RevisionActivities] Starting grouped revision activities query
[2026-03-30T05:36:58.301Z] --- SERVER RESTARTED - ROUTES REGISTERED v1.0.6 ---
[2026-03-30T05:41:38.039Z] [RevisionActivities] Starting grouped revision activities query
[2026-03-30T05:41:53.418Z] [RevisionActivities] Starting grouped revision activities query
[2026-03-30T05:45:44.765Z] [Storage] Executing: UPDATE documents SET status = @status, approved_by = @approvedBy, approved_at = @approvedAt, approval_remarks = @approvalRemarks, approver_data = @approverData, approver_name = @approverName, updated_at = GETDATE() WHERE id = @id
[2026-03-30T05:48:16.094Z] [Storage] Executing: UPDATE documents SET status = @status, approved_by = @approvedBy, approved_at = @approvedAt, approval_remarks = @approvalRemarks, approver_data = @approverData, approver_name = @approverName, updated_at = GETDATE() WHERE id = @id
[2026-03-30T05:48:30.922Z] [Word View] Requesting document doc-1774607744475
[2026-03-30T05:48:30.932Z] [Word View] Primary path attempt: C:\inetpub\wwwroot\dms\uploads\uploads\doc-1774607744475_1774607744578_15. Monthly Veriicaion Check List--.docx
[2026-03-30T05:48:30.934Z] [Word View] Primary path failed: ENOENT: no such file or directory, access 'C:\inetpub\wwwroot\dms\uploads\uploads\doc-1774607744475_1774607744578_15. Monthly Veriicaion Check List--.docx'
[2026-03-30T05:48:30.935Z] [Word View] Trying fallback path: C:\inetpub\wwwroot\dms\uploads\doc-1774607744475_1774607744578_15. Monthly Veriicaion Check List--.docx
[2026-03-30T05:48:30.937Z] [Word View] Successfully read file from fallback path, size: 27014 bytes
[2026-03-30T05:48:30.937Z] [Word View] Processing .docx file for document doc-1774607744475.
[2026-03-30T05:48:31.088Z] [Word View] Mammoth conversion complete, HTML length: 1492 
[2026-03-30T05:48:41.231Z] [Storage] Executing: UPDATE documents SET status = @status, approved_by = @approvedBy, approved_at = @approvedAt, approval_remarks = @approvalRemarks, approver_data = @approverData, approver_name = @approverName, updated_at = GETDATE() WHERE id = @id
[2026-03-30T05:50:09.843Z] [Storage] Executing: UPDATE documents SET status = @status, approved_by = @approvedBy, approved_at = @approvedAt, approval_remarks = @approvalRemarks, approver_data = @approverData, approver_name = @approverName, updated_at = GETDATE() WHERE id = @id
[2026-03-30T05:51:06.438Z] [Storage] Executing: UPDATE documents SET status = @status, approved_by = @approvedBy, approved_at = @approvedAt, approval_remarks = @approvalRemarks, approver_data = @approverData, approver_name = @approverName, updated_at = GETDATE() WHERE id = @id
[2026-03-30T05:52:13.246Z] --- SERVER RESTARTED - ROUTES REGISTERED v1.0.6 ---
[2026-03-30T05:52:17.554Z] [Storage] Executing: UPDATE documents SET status = @status, approved_by = @approvedBy, issued_by = @issuedBy, decline_remarks = @declineRemarks, declined_by = @declinedBy, decliner_name = @declinerName, declined_at = @declinedAt, updated_at = GETDATE() WHERE id = @id
[2026-03-30T05:52:29.284Z] [Storage] Executing: UPDATE documents SET status = @status, approved_by = @approvedBy, issued_by = @issuedBy, decline_remarks = @declineRemarks, declined_by = @declinedBy, decliner_name = @declinerName, declined_at = @declinedAt, updated_at = GETDATE() WHERE id = @id
[2026-03-30T05:52:40.673Z] [Storage] Executing: UPDATE documents SET status = @status, approved_by = @approvedBy, issued_by = @issuedBy, decline_remarks = @declineRemarks, declined_by = @declinedBy, decliner_name = @declinerName, declined_at = @declinedAt, updated_at = GETDATE() WHERE id = @id
[2026-03-30T05:52:55.894Z] [Storage] Executing: UPDATE documents SET status = @status, approved_by = @approvedBy, issued_by = @issuedBy, decline_remarks = @declineRemarks, declined_by = @declinedBy, decliner_name = @declinerName, declined_at = @declinedAt, updated_at = GETDATE() WHERE id = @id
[2026-03-30T05:53:21.301Z] [Storage] Executing: UPDATE documents SET doc_number = @docNumber, status = @status, issued_by = @issuedBy, issued_at = @issuedAt, issue_remarks = @issueRemarks, issuer_name = @issuerName, issuer_data = @issuerData, updated_at = GETDATE() WHERE id = @id
[2026-03-30T05:53:34.987Z] [Storage] Executing: UPDATE documents SET doc_number = @docNumber, status = @status, issued_by = @issuedBy, issued_at = @issuedAt, issue_remarks = @issueRemarks, issuer_name = @issuerName, issuer_data = @issuerData, updated_at = GETDATE() WHERE id = @id
[2026-03-30T05:53:49.751Z] [Storage] Executing: UPDATE documents SET doc_number = @docNumber, status = @status, issued_by = @issuedBy, issued_at = @issuedAt, issue_remarks = @issueRemarks, issuer_name = @issuerName, issuer_data = @issuerData, updated_at = GETDATE() WHERE id = @id
[2026-03-30T05:54:02.678Z] [Storage] Executing: UPDATE documents SET doc_number = @docNumber, status = @status, issued_by = @issuedBy, issued_at = @issuedAt, issue_remarks = @issueRemarks, issuer_name = @issuerName, issuer_data = @issuerData, updated_at = GETDATE() WHERE id = @id
[2026-03-30T05:54:56.008Z] [Storage] Executing: UPDATE documents SET status = @status, approved_by = @approvedBy, issued_by = @issuedBy, decline_remarks = @declineRemarks, declined_by = @declinedBy, decliner_name = @declinerName, declined_at = @declinedAt, updated_at = GETDATE() WHERE id = @id
[2026-03-30T05:55:32.122Z] [Storage] Executing: UPDATE documents SET status = @status, approved_by = @approvedBy, issued_by = @issuedBy, decline_remarks = @declineRemarks, declined_by = @declinedBy, decliner_name = @declinerName, declined_at = @declinedAt, updated_at = GETDATE() WHERE id = @id
[2026-03-30T05:56:48.292Z] [Storage] Executing: UPDATE documents SET doc_number = @docNumber, status = @status, issued_by = @issuedBy, issued_at = @issuedAt, issue_remarks = @issueRemarks, issuer_name = @issuerName, issuer_data = @issuerData, updated_at = GETDATE() WHERE id = @id
[2026-03-30T05:56:59.940Z] [Storage] Executing: UPDATE documents SET doc_number = @docNumber, status = @status, issued_by = @issuedBy, issued_at = @issuedAt, issue_remarks = @issueRemarks, issuer_name = @issuerName, issuer_data = @issuerData, updated_at = GETDATE() WHERE id = @id
[2026-03-30T05:57:06.514Z] [Storage] Executing: UPDATE documents SET doc_number = @docNumber, status = @status, issued_by = @issuedBy, issued_at = @issuedAt, issue_remarks = @issueRemarks, issuer_name = @issuerName, issuer_data = @issuerData, updated_at = GETDATE() WHERE id = @id
[2026-03-30T05:57:14.556Z] [Storage] Executing: UPDATE documents SET doc_number = @docNumber, status = @status, issued_by = @issuedBy, issued_at = @issuedAt, issue_remarks = @issueRemarks, issuer_name = @issuerName, issuer_data = @issuerData, updated_at = GETDATE() WHERE id = @id
[2026-03-30T05:57:21.056Z] [Storage] Executing: UPDATE documents SET doc_number = @docNumber, status = @status, issued_by = @issuedBy, issued_at = @issuedAt, issue_remarks = @issueRemarks, issuer_name = @issuerName, issuer_data = @issuerData, updated_at = GETDATE() WHERE id = @id
[2026-03-30T05:57:23.096Z] [RevisionActivities] Starting grouped revision activities query
[2026-03-30T05:57:48.516Z] [Storage] Executing: UPDATE documents SET doc_number = @docNumber, status = @status, issued_by = @issuedBy, issued_at = @issuedAt, issue_remarks = @issueRemarks, issuer_name = @issuerName, issuer_data = @issuerData, updated_at = GETDATE() WHERE id = @id
[2026-03-30T05:58:06.657Z] [Storage] Executing: UPDATE documents SET doc_number = @docNumber, status = @status, issued_by = @issuedBy, issued_at = @issuedAt, issue_remarks = @issueRemarks, issuer_name = @issuerName, issuer_data = @issuerData, updated_at = GETDATE() WHERE id = @id
[2026-03-30T05:58:16.376Z] [Storage] Executing: UPDATE documents SET doc_number = @docNumber, status = @status, issued_by = @issuedBy, issued_at = @issuedAt, issue_remarks = @issueRemarks, issuer_name = @issuerName, issuer_data = @issuerData, updated_at = GETDATE() WHERE id = @id
[2026-03-30T05:58:23.504Z] [RevisionActivities] Starting grouped revision activities query
[2026-03-30T05:58:26.092Z] [Storage] Executing: UPDATE documents SET doc_number = @docNumber, status = @status, issued_by = @issuedBy, issued_at = @issuedAt, issue_remarks = @issueRemarks, issuer_name = @issuerName, issuer_data = @issuerData, updated_at = GETDATE() WHERE id = @id
[2026-03-30T05:59:24.066Z] [RevisionActivities] Starting grouped revision activities query
[2026-03-30T06:00:27.067Z] [RevisionActivities] Starting grouped revision activities query
[2026-03-30T06:00:57.621Z] [RevisionActivities] Starting grouped revision activities query
[2026-03-30T06:01:28.412Z] [RevisionActivities] Starting grouped revision activities query
[2026-03-30T06:01:58.642Z] [RevisionActivities] Starting grouped revision activities query
[2026-03-30T06:02:28.858Z] [RevisionActivities] Starting grouped revision activities query
[2026-03-30T06:02:59.083Z] [RevisionActivities] Starting grouped revision activities query
[2026-03-30T06:03:29.283Z] [RevisionActivities] Starting grouped revision activities query
[2026-03-30T06:03:59.543Z] [RevisionActivities] Starting grouped revision activities query
[2026-03-30T06:04:29.838Z] [RevisionActivities] Starting grouped revision activities query
[2026-03-30T06:05:00.046Z] [RevisionActivities] Starting grouped revision activities query
[2026-03-30T06:05:30.265Z] [RevisionActivities] Starting grouped revision activities query
[2026-03-30T06:06:00.439Z] [RevisionActivities] Starting grouped revision activities query
[2026-03-30T06:06:30.772Z] [RevisionActivities] Starting grouped revision activities query
[2026-03-30T06:07:00.959Z] [RevisionActivities] Starting grouped revision activities query
[2026-03-30T06:07:31.152Z] [RevisionActivities] Starting grouped revision activities query
[2026-03-30T06:08:01.332Z] [RevisionActivities] Starting grouped revision activities query
[2026-03-30T06:08:31.504Z] [RevisionActivities] Starting grouped revision activities query
[2026-03-30T06:09:01.772Z] [RevisionActivities] Starting grouped revision activities query
[2026-03-30T06:09:31.911Z] [RevisionActivities] Starting grouped revision activities query
[2026-03-30T06:10:02.113Z] [RevisionActivities] Starting grouped revision activities query
[2026-03-30T06:10:32.265Z] [RevisionActivities] Starting grouped revision activities query
[2026-03-30T06:11:02.446Z] [RevisionActivities] Starting grouped revision activities query
[2026-03-30T06:11:32.586Z] [RevisionActivities] Starting grouped revision activities query
[2026-03-30T06:12:02.740Z] [RevisionActivities] Starting grouped revision activities query
[2026-03-30T06:12:32.907Z] [RevisionActivities] Starting grouped revision activities query
[2026-03-30T06:13:03.080Z] [RevisionActivities] Starting grouped revision activities query
[2026-03-30T06:13:33.348Z] [RevisionActivities] Starting grouped revision activities query
[2026-03-30T06:14:03.500Z] [RevisionActivities] Starting grouped revision activities query
[2026-03-30T06:14:33.660Z] [RevisionActivities] Starting grouped revision activities query
[2026-03-30T06:15:03.842Z] [RevisionActivities] Starting grouped revision activities query
[2026-03-30T06:15:34.059Z] [RevisionActivities] Starting grouped revision activities query
[2026-03-30T06:16:04.224Z] [RevisionActivities] Starting grouped revision activities query
[2026-03-30T06:16:34.380Z] [RevisionActivities] Starting grouped revision activities query
[2026-03-30T06:17:04.587Z] [RevisionActivities] Starting grouped revision activities query
[2026-03-30T06:17:34.813Z] [RevisionActivities] Starting grouped revision activities query
[2026-03-30T06:18:04.998Z] [RevisionActivities] Starting grouped revision activities query
[2026-03-30T06:18:35.267Z] [RevisionActivities] Starting grouped revision activities query
[2026-03-30T06:19:05.519Z] [RevisionActivities] Starting grouped revision activities query
[2026-03-30T06:19:35.718Z] [RevisionActivities] Starting grouped revision activities query
[2026-03-30T06:20:05.859Z] [RevisionActivities] Starting grouped revision activities query
[2026-03-30T06:20:36.007Z] [RevisionActivities] Starting grouped revision activities query
[2026-03-30T06:22:06.240Z] [RevisionActivities] Starting grouped revision activities query
[2026-03-30T06:22:36.539Z] [RevisionActivities] Starting grouped revision activities query
[2026-03-30T06:23:02.377Z] [RevisionActivities] Starting grouped revision activities query
[2026-03-30T06:23:32.699Z] [RevisionActivities] Starting grouped revision activities query
[2026-03-30T06:23:56.582Z] [RevisionActivities] Starting grouped revision activities query
[2026-03-30T06:24:27.079Z] [RevisionActivities] Starting grouped revision activities query
[2026-03-30T06:24:57.367Z] [RevisionActivities] Starting grouped revision activities query
[2026-03-30T06:26:08.008Z] [RevisionActivities] Starting grouped revision activities query
[2026-03-30T06:26:38.392Z] [RevisionActivities] Starting grouped revision activities query
[2026-03-30T06:27:08.599Z] [RevisionActivities] Starting grouped revision activities query
[2026-03-30T06:27:38.846Z] [RevisionActivities] Starting grouped revision activities query
[2026-03-30T06:28:09.085Z] [RevisionActivities] Starting grouped revision activities query
[2026-03-30T06:28:39.364Z] [RevisionActivities] Starting grouped revision activities query
[2026-03-30T06:29:09.557Z] [RevisionActivities] Starting grouped revision activities query
[2026-03-30T06:29:39.798Z] [RevisionActivities] Starting grouped revision activities query
[2026-03-30T06:30:10.062Z] [RevisionActivities] Starting grouped revision activities query
[2026-03-30T06:30:40.204Z] [RevisionActivities] Starting grouped revision activities query
[2026-03-30T06:31:10.345Z] [RevisionActivities] Starting grouped revision activities query
[2026-03-30T06:31:40.486Z] [RevisionActivities] Starting grouped revision activities query
[2026-03-30T06:32:11.004Z] [RevisionActivities] Starting grouped revision activities query
[2026-03-30T06:32:41.337Z] [RevisionActivities] Starting grouped revision activities query
[2026-03-30T06:33:11.587Z] [RevisionActivities] Starting grouped revision activities query
[2026-03-30T06:33:41.767Z] [RevisionActivities] Starting grouped revision activities query
[2026-03-30T06:34:11.918Z] [RevisionActivities] Starting grouped revision activities query
[2026-03-30T06:34:42.065Z] [RevisionActivities] Starting grouped revision activities query
[2026-03-30T06:35:12.277Z] [RevisionActivities] Starting grouped revision activities query
[2026-03-30T06:35:42.414Z] [RevisionActivities] Starting grouped revision activities query
[2026-03-30T06:36:42.647Z] [RevisionActivities] Starting grouped revision activities query
[2026-03-30T06:37:12.837Z] [RevisionActivities] Starting grouped revision activities query
[2026-03-30T06:37:43.019Z] [RevisionActivities] Starting grouped revision activities query
[2026-03-30T06:38:13.238Z] [RevisionActivities] Starting grouped revision activities query
[2026-03-30T06:38:43.478Z] [RevisionActivities] Starting grouped revision activities query
[2026-03-30T06:39:13.717Z] [RevisionActivities] Starting grouped revision activities query
[2026-03-30T06:39:43.979Z] [RevisionActivities] Starting grouped revision activities query
[2026-03-30T06:40:14.199Z] [RevisionActivities] Starting grouped revision activities query
[2026-03-30T06:40:44.398Z] [RevisionActivities] Starting grouped revision activities query
[2026-03-30T06:41:14.593Z] [RevisionActivities] Starting grouped revision activities query
[2026-03-30T08:45:31.491Z] [RevisionActivities] Starting grouped revision activities query
[2026-03-30T08:45:33.536Z] [RevisionActivities] Starting grouped revision activities query
[2026-03-30T09:01:16.967Z] [RevisionActivities] Starting grouped revision activities query
[2026-03-30T12:28:40.263Z] [RevisionActivities] Starting grouped revision activities query
[2026-03-31T09:02:27.190Z] [RevisionActivities] Starting grouped revision activities query
[2026-03-31T09:03:40.903Z] [Word View] Requesting document doc-1774600078760
[2026-03-31T09:03:40.942Z] [Word View] Primary path attempt: C:\inetpub\wwwroot\dms\uploads\uploads\doc-1774600078760_1774600078801_07-Lab Instruments List.doc
[2026-03-31T09:03:40.950Z] [Word View] Primary path failed: ENOENT: no such file or directory, access 'C:\inetpub\wwwroot\dms\uploads\uploads\doc-1774600078760_1774600078801_07-Lab Instruments List.doc'
[2026-03-31T09:03:40.952Z] [Word View] Trying fallback path: C:\inetpub\wwwroot\dms\uploads\doc-1774600078760_1774600078801_07-Lab Instruments List.doc
[2026-03-31T09:03:40.958Z] [Word View] Successfully read file from fallback path, size: 204288 bytes
[2026-03-31T09:03:40.959Z] [Word View] Legacy .doc file detected for document doc-1774600078760. Magic number: d0cf11e0a1b11ae1
[2026-03-31T09:04:35.952Z] [Word View] Requesting document doc-1774600078760
[2026-03-31T09:04:35.964Z] [Word View] Primary path attempt: C:\inetpub\wwwroot\dms\uploads\uploads\doc-1774600078760_1774600078801_07-Lab Instruments List.doc
[2026-03-31T09:04:35.966Z] [Word View] Primary path failed: ENOENT: no such file or directory, access 'C:\inetpub\wwwroot\dms\uploads\uploads\doc-1774600078760_1774600078801_07-Lab Instruments List.doc'
[2026-03-31T09:04:35.966Z] [Word View] Trying fallback path: C:\inetpub\wwwroot\dms\uploads\doc-1774600078760_1774600078801_07-Lab Instruments List.doc
[2026-03-31T09:04:35.970Z] [Word View] Successfully read file from fallback path, size: 204288 bytes
[2026-03-31T09:04:35.970Z] [Word View] Legacy .doc file detected for document doc-1774600078760. Magic number: d0cf11e0a1b11ae1
[2026-03-31T09:12:01.716Z] [Storage] Executing: UPDATE documents SET word_file_path = @wordFilePath, updated_at = GETDATE() WHERE id = @id
[2026-03-31T09:45:29.036Z] [Storage] Executing: UPDATE documents SET word_file_path = @wordFilePath, updated_at = GETDATE() WHERE id = @id
[2026-03-31T09:48:36.101Z] [Storage] Executing: UPDATE documents SET status = @status, approved_by = @approvedBy, approved_at = @approvedAt, approval_remarks = @approvalRemarks, approver_data = @approverData, approver_name = @approverName, updated_at = GETDATE() WHERE id = @id
[2026-03-31T09:58:36.601Z] [Storage] Executing: UPDATE documents SET word_file_path = @wordFilePath, updated_at = GETDATE() WHERE id = @id
[2026-03-31T09:58:45.510Z] [Word View] Requesting document doc-1774951116405
[2026-03-31T09:58:45.520Z] [Word View] Primary path attempt: C:\inetpub\wwwroot\dms\uploads\uploads\doc-1774951116405_1774951116591_07-Lab Instruments List.doc
[2026-03-31T09:58:45.527Z] [Word View] Primary path failed: ENOENT: no such file or directory, access 'C:\inetpub\wwwroot\dms\uploads\uploads\doc-1774951116405_1774951116591_07-Lab Instruments List.doc'
[2026-03-31T09:58:45.528Z] [Word View] Trying fallback path: C:\inetpub\wwwroot\dms\uploads\doc-1774951116405_1774951116591_07-Lab Instruments List.doc
[2026-03-31T09:58:45.531Z] [Word View] Successfully read file from fallback path, size: 204288 bytes
[2026-03-31T09:58:45.532Z] [Word View] Legacy .doc file detected for document doc-1774951116405. Magic number: d0cf11e0a1b11ae1
[2026-03-31T10:00:06.366Z] [Storage] Executing: UPDATE documents SET word_file_path = @wordFilePath, updated_at = GETDATE() WHERE id = @id
[2026-03-31T10:00:20.839Z] [Storage] Executing: UPDATE documents SET word_file_path = @wordFilePath, updated_at = GETDATE() WHERE id = @id
[2026-03-31T10:01:01.243Z] [Word View] Requesting document doc-1774951206329
[2026-03-31T10:01:01.251Z] [Word View] Primary path attempt: C:\inetpub\wwwroot\dms\uploads\uploads\doc-1774951206329_1774951206362_Lab Instruments List.doc
[2026-03-31T10:01:01.252Z] [Word View] Primary path failed: ENOENT: no such file or directory, access 'C:\inetpub\wwwroot\dms\uploads\uploads\doc-1774951206329_1774951206362_Lab Instruments List.doc'
[2026-03-31T10:01:01.252Z] [Word View] Trying fallback path: C:\inetpub\wwwroot\dms\uploads\doc-1774951206329_1774951206362_Lab Instruments List.doc
[2026-03-31T10:01:01.253Z] [Word View] Successfully read file from fallback path, size: 108032 bytes
[2026-03-31T10:01:01.254Z] [Word View] Legacy .doc file detected for document doc-1774951206329. Magic number: d0cf11e0a1b11ae1
[2026-03-31T10:01:50.880Z] [Storage] Executing: UPDATE documents SET status = @status, approved_by = @approvedBy, approved_at = @approvedAt, approval_remarks = @approvalRemarks, approver_data = @approverData, approver_name = @approverName, updated_at = GETDATE() WHERE id = @id
[2026-03-31T10:02:09.004Z] [Word View] Requesting document doc-1774951206329
[2026-03-31T10:02:09.010Z] [Word View] Primary path attempt: C:\inetpub\wwwroot\dms\uploads\uploads\doc-1774951206329_1774951206362_Lab Instruments List.doc
[2026-03-31T10:02:09.012Z] [Word View] Primary path failed: ENOENT: no such file or directory, access 'C:\inetpub\wwwroot\dms\uploads\uploads\doc-1774951206329_1774951206362_Lab Instruments List.doc'
[2026-03-31T10:02:09.012Z] [Word View] Trying fallback path: C:\inetpub\wwwroot\dms\uploads\doc-1774951206329_1774951206362_Lab Instruments List.doc
[2026-03-31T10:02:09.013Z] [Word View] Successfully read file from fallback path, size: 108032 bytes
[2026-03-31T10:02:09.014Z] [Word View] Legacy .doc file detected for document doc-1774951206329. Magic number: d0cf11e0a1b11ae1
[2026-03-31T10:02:39.565Z] [Word View] Requesting document doc-1774951206329
[2026-03-31T10:02:39.572Z] [Word View] Primary path attempt: C:\inetpub\wwwroot\dms\uploads\uploads\doc-1774951206329_1774951206362_Lab Instruments List.doc
[2026-03-31T10:02:39.573Z] [Word View] Primary path failed: ENOENT: no such file or directory, access 'C:\inetpub\wwwroot\dms\uploads\uploads\doc-1774951206329_1774951206362_Lab Instruments List.doc'
[2026-03-31T10:02:39.574Z] [Word View] Trying fallback path: C:\inetpub\wwwroot\dms\uploads\doc-1774951206329_1774951206362_Lab Instruments List.doc
[2026-03-31T10:02:39.575Z] [Word View] Successfully read file from fallback path, size: 108032 bytes
[2026-03-31T10:02:39.575Z] [Word View] Legacy .doc file detected for document doc-1774951206329. Magic number: d0cf11e0a1b11ae1
[2026-03-31T10:02:49.773Z] [Word View] Requesting document doc-1774951206329
[2026-03-31T10:02:50.395Z] [Word View] Primary path attempt: C:\inetpub\wwwroot\dms\uploads\uploads\doc-1774951206329_1774951206362_Lab Instruments List.doc
[2026-03-31T10:02:50.397Z] [Word View] Primary path failed: ENOENT: no such file or directory, access 'C:\inetpub\wwwroot\dms\uploads\uploads\doc-1774951206329_1774951206362_Lab Instruments List.doc'
[2026-03-31T10:02:50.397Z] [Word View] Trying fallback path: C:\inetpub\wwwroot\dms\uploads\doc-1774951206329_1774951206362_Lab Instruments List.doc
[2026-03-31T10:02:50.399Z] [Word View] Successfully read file from fallback path, size: 108032 bytes
[2026-03-31T10:02:50.399Z] [Word View] Legacy .doc file detected for document doc-1774951206329. Magic number: d0cf11e0a1b11ae1
[2026-03-31T10:02:53.369Z] [Storage] Executing: UPDATE documents SET status = @status, approved_by = @approvedBy, approved_at = @approvedAt, approval_remarks = @approvalRemarks, approver_data = @approverData, approver_name = @approverName, updated_at = GETDATE() WHERE id = @id
[2026-03-31T10:03:11.535Z] [Storage] Executing: UPDATE documents SET doc_number = @docNumber, status = @status, issued_by = @issuedBy, issued_at = @issuedAt, issue_remarks = @issueRemarks, issuer_name = @issuerName, issuer_data = @issuerData, updated_at = GETDATE() WHERE id = @id
[2026-03-31T10:07:20.714Z] [Storage] Executing: UPDATE documents SET status = @status, approved_by = @approvedBy, approved_at = @approvedAt, approval_remarks = @approvalRemarks, approver_data = @approverData, approver_name = @approverName, updated_at = GETDATE() WHERE id = @id
[2026-03-31T10:07:43.280Z] [Storage] Executing: UPDATE documents SET doc_number = @docNumber, status = @status, issued_by = @issuedBy, issued_at = @issuedAt, issue_remarks = @issueRemarks, issuer_name = @issuerName, issuer_data = @issuerData, updated_at = GETDATE() WHERE id = @id
[2026-03-31T10:09:40.829Z] [Storage] Executing: UPDATE documents SET word_file_path = @wordFilePath, updated_at = GETDATE() WHERE id = @id
[2026-03-31T10:11:59.318Z] [Storage] Executing: UPDATE documents SET status = @status, approved_by = @approvedBy, approved_at = @approvedAt, approval_remarks = @approvalRemarks, approver_data = @approverData, approver_name = @approverName, updated_at = GETDATE() WHERE id = @id
[2026-03-31T10:12:48.643Z] [Storage] Executing: UPDATE documents SET status = @status, approved_by = @approvedBy, issued_by = @issuedBy, decline_remarks = @declineRemarks, declined_by = @declinedBy, decliner_name = @declinerName, declined_at = @declinedAt, updated_at = GETDATE() WHERE id = @id
[2026-03-31T10:19:57.540Z] [Storage] Executing: UPDATE documents SET word_file_path = @wordFilePath, updated_at = GETDATE() WHERE id = @id
[2026-03-31T10:20:44.880Z] [Word View] Requesting document doc-1774952397482
[2026-03-31T10:20:44.887Z] [Word View] Primary path attempt: C:\inetpub\wwwroot\dms\uploads\uploads\doc-1774952397482_1774952397536_5. Product List.docx
[2026-03-31T10:20:44.889Z] [Word View] Primary path failed: ENOENT: no such file or directory, access 'C:\inetpub\wwwroot\dms\uploads\uploads\doc-1774952397482_1774952397536_5. Product List.docx'
[2026-03-31T10:20:44.890Z] [Word View] Trying fallback path: C:\inetpub\wwwroot\dms\uploads\doc-1774952397482_1774952397536_5. Product List.docx
[2026-03-31T10:20:44.891Z] [Word View] Successfully read file from fallback path, size: 20543 bytes
[2026-03-31T10:20:44.891Z] [Word View] Processing .docx file for document doc-1774952397482.
[2026-03-31T10:20:45.124Z] [Word View] Mammoth conversion complete, HTML length: 2368 
[2026-03-31T10:24:37.168Z] [Storage] Executing: UPDATE documents SET status = @status, approved_by = @approvedBy, approved_at = @approvedAt, approval_remarks = @approvalRemarks, approver_data = @approverData, approver_name = @approverName, updated_at = GETDATE() WHERE id = @id
[2026-03-31T10:25:02.931Z] [Storage] Executing: UPDATE documents SET doc_number = @docNumber, status = @status, issued_by = @issuedBy, issued_at = @issuedAt, issue_remarks = @issueRemarks, issuer_name = @issuerName, issuer_data = @issuerData, updated_at = GETDATE() WHERE id = @id
[2026-03-31T10:25:02.966Z] [Storage] Executing: UPDATE documents SET status = @status, updated_at = GETDATE() WHERE id = @id
[2026-03-31T10:31:35.564Z] [Storage] Executing: UPDATE documents SET word_file_path = @wordFilePath, updated_at = GETDATE() WHERE id = @id
[2026-03-31T10:32:05.536Z] [Word View] Requesting document doc-1774953095328
[2026-03-31T10:32:05.545Z] [Word View] Primary path attempt: C:\inetpub\wwwroot\dms\uploads\uploads\doc-1774953095328_1774953095557_6. Competency Chart.doc
[2026-03-31T10:32:05.546Z] [Word View] Primary path failed: ENOENT: no such file or directory, access 'C:\inetpub\wwwroot\dms\uploads\uploads\doc-1774953095328_1774953095557_6. Competency Chart.doc'
[2026-03-31T10:32:05.546Z] [Word View] Trying fallback path: C:\inetpub\wwwroot\dms\uploads\doc-1774953095328_1774953095557_6. Competency Chart.doc
[2026-03-31T10:32:05.547Z] [Word View] Successfully read file from fallback path, size: 50688 bytes
[2026-03-31T10:32:05.548Z] [Word View] Legacy .doc file detected for document doc-1774953095328. Magic number: d0cf11e0a1b11ae1
[2026-03-31T10:32:50.060Z] [Storage] Executing: UPDATE documents SET status = @status, approved_by = @approvedBy, approved_at = @approvedAt, approval_remarks = @approvalRemarks, approver_data = @approverData, approver_name = @approverName, updated_at = GETDATE() WHERE id = @id
[2026-03-31T10:35:52.199Z] [Storage] Executing: UPDATE documents SET status = @status, approved_by = @approvedBy, issued_by = @issuedBy, decline_remarks = @declineRemarks, declined_by = @declinedBy, decliner_name = @declinerName, declined_at = @declinedAt, updated_at = GETDATE() WHERE id = @id
[2026-03-31T10:36:03.372Z] [Storage] Executing: UPDATE documents SET status = @status, approved_by = @approvedBy, issued_by = @issuedBy, decline_remarks = @declineRemarks, declined_by = @declinedBy, decliner_name = @declinerName, declined_at = @declinedAt, updated_at = GETDATE() WHERE id = @id
[2026-03-31T10:36:21.073Z] [Storage] Executing: UPDATE documents SET status = @status, approved_by = @approvedBy, issued_by = @issuedBy, decline_remarks = @declineRemarks, declined_by = @declinedBy, decliner_name = @declinerName, declined_at = @declinedAt, updated_at = GETDATE() WHERE id = @id
[2026-03-31T10:36:34.079Z] [Storage] Executing: UPDATE documents SET doc_number = @docNumber, status = @status, issued_by = @issuedBy, issued_at = @issuedAt, issue_remarks = @issueRemarks, issuer_name = @issuerName, issuer_data = @issuerData, updated_at = GETDATE() WHERE id = @id
[2026-03-31T10:36:43.713Z] [Storage] Executing: UPDATE documents SET doc_number = @docNumber, status = @status, issued_by = @issuedBy, issued_at = @issuedAt, issue_remarks = @issueRemarks, issuer_name = @issuerName, issuer_data = @issuerData, updated_at = GETDATE() WHERE id = @id
[2026-03-31T10:36:53.680Z] [Storage] Executing: UPDATE documents SET doc_number = @docNumber, status = @status, issued_by = @issuedBy, issued_at = @issuedAt, issue_remarks = @issueRemarks, issuer_name = @issuerName, issuer_data = @issuerData, updated_at = GETDATE() WHERE id = @id
[2026-03-31T10:37:32.689Z] [Storage] Executing: UPDATE documents SET word_file_path = @wordFilePath, updated_at = GETDATE() WHERE id = @id
[2026-03-31T10:42:40.306Z] [Storage] Executing: UPDATE documents SET word_file_path = @wordFilePath, updated_at = GETDATE() WHERE id = @id
[2026-03-31T10:43:43.015Z] [Storage] Executing: UPDATE documents SET status = @status, approved_by = @approvedBy, approved_at = @approvedAt, approval_remarks = @approvalRemarks, approver_data = @approverData, approver_name = @approverName, updated_at = GETDATE() WHERE id = @id
[2026-03-31T10:44:03.820Z] [Storage] Executing: UPDATE documents SET status = @status, approved_by = @approvedBy, approved_at = @approvedAt, approval_remarks = @approvalRemarks, approver_data = @approverData, approver_name = @approverName, updated_at = GETDATE() WHERE id = @id
[2026-03-31T11:15:16.973Z] [Storage] Executing: UPDATE documents SET doc_number = @docNumber, status = @status, issued_by = @issuedBy, issued_at = @issuedAt, issue_remarks = @issueRemarks, issuer_name = @issuerName, issuer_data = @issuerData, updated_at = GETDATE() WHERE id = @id
[2026-03-31T11:15:22.419Z] [Storage] Executing: UPDATE documents SET doc_number = @docNumber, status = @status, issued_by = @issuedBy, issued_at = @issuedAt, issue_remarks = @issueRemarks, issuer_name = @issuerName, issuer_data = @issuerData, updated_at = GETDATE() WHERE id = @id
[2026-03-31T11:15:41.791Z] [Storage] Executing: UPDATE documents SET doc_number = @docNumber, status = @status, issued_by = @issuedBy, issued_at = @issuedAt, issue_remarks = @issueRemarks, issuer_name = @issuerName, issuer_data = @issuerData, updated_at = GETDATE() WHERE id = @id
[2026-03-31T11:16:53.287Z] [Storage] Executing: UPDATE documents SET doc_number = @docNumber, status = @status, issued_by = @issuedBy, issued_at = @issuedAt, issue_remarks = @issueRemarks, issuer_name = @issuerName, issuer_data = @issuerData, updated_at = GETDATE() WHERE id = @id
[2026-03-31T11:23:07.140Z] [Update] Status check: current=declined, original=declined
[2026-03-31T11:23:07.141Z] [Update] Resubmitting declined document doc-1774595182872. Resetting to pending.
[2026-03-31T11:23:07.151Z] [Update] Final updateData keys for doc-1774595182872: updatedAt, status, declineRemarks, approvalRemarks, approvedBy, issuedBy, approvedAt, issuedAt, docName, docNumber, dateOfIssue, revisionNo, duePeriodYears, reasonForRevision, location, preparerName, dateOfRev, reviewDueDate, wordFilePath
[2026-03-31T11:23:07.152Z] [Update] Final updateData values: {"updatedAt":"2026-03-31T11:23:07.140Z","status":"pending","declineRemarks":null,"approvalRemarks":null,"approvedBy":null,"issuedBy":null,"approvedAt":null,"issuedAt":null,"docName":"CONDUCTING MOCK DRILL","docNumber":"NFDCL/SOP/EHS/02","dateOfIssue":"2002-06-01T00:00:00.000Z","revisionNo":12,"duePeriodYears":3,"reasonForRevision":"INTERNAL AUDIT OBSERVATION","location":"Unit 1, Unit 2, Unit 3","preparerName":"Satish Pawar","dateOfRev":"2026-04-01T00:00:00.000Z","reviewDueDate":"2029-03-31T00:00:00.000Z","wordFilePath":"uploads/doc-1774595182872_1774956187149_SOP_EHS_Conducting_Mock_Drill.docx"}
[2026-03-31T11:23:07.168Z] [Storage] Executing: UPDATE documents SET doc_name = @docName, doc_number = @docNumber, status = @status, date_of_issue = @dateOfIssue, revision_no = @revisionNo, approved_by = @approvedBy, issued_by = @issuedBy, due_period_years = @duePeriodYears, reason_for_revision = @reasonForRevision, review_due_date = @reviewDueDate, approved_at = @approvedAt, issued_at = @issuedAt, approval_remarks = @approvalRemarks, decline_remarks = @declineRemarks, word_file_path = @wordFilePath, preparer_name = @preparerName, location = @location, date_of_rev = @dateOfRev, updated_at = GETDATE() WHERE id = @id
[2026-03-31T11:25:15.174Z] [Update] Status check: current=declined, original=declined
[2026-03-31T11:25:15.174Z] [Update] Resubmitting declined document doc-1774595305854. Resetting to pending.
[2026-03-31T11:25:15.175Z] [Update] Final updateData keys for doc-1774595305854: updatedAt, status, declineRemarks, approvalRemarks, approvedBy, issuedBy, approvedAt, issuedAt, docName, docNumber, dateOfIssue, revisionNo, duePeriodYears, reasonForRevision, location, preparerName, dateOfRev, reviewDueDate
[2026-03-31T11:25:15.175Z] [Update] Final updateData values: {"updatedAt":"2026-03-31T11:25:15.174Z","status":"pending","declineRemarks":null,"approvalRemarks":null,"approvedBy":null,"issuedBy":null,"approvedAt":null,"issuedAt":null,"docName":"MOCK DRILL REPORT","docNumber":"NFDCL/F/EHS/64","dateOfIssue":"2019-08-01T00:00:00.000Z","revisionNo":3,"duePeriodYears":3,"reasonForRevision":"SOP REVISION","location":"Unit 1, Unit 2, Unit 3","preparerName":"Satish Pawar","dateOfRev":"2026-04-01T00:00:00.000Z","reviewDueDate":"2029-03-31T00:00:00.000Z"}
[2026-03-31T11:25:15.179Z] [Storage] Executing: UPDATE documents SET doc_name = @docName, doc_number = @docNumber, status = @status, date_of_issue = @dateOfIssue, revision_no = @revisionNo, approved_by = @approvedBy, issued_by = @issuedBy, due_period_years = @duePeriodYears, reason_for_revision = @reasonForRevision, review_due_date = @reviewDueDate, approved_at = @approvedAt, issued_at = @issuedAt, approval_remarks = @approvalRemarks, decline_remarks = @declineRemarks, preparer_name = @preparerName, location = @location, date_of_rev = @dateOfRev, updated_at = GETDATE() WHERE id = @id
[2026-03-31T11:26:27.423Z] [Update] Status check: current=declined, original=declined
[2026-03-31T11:26:27.423Z] [Update] Resubmitting declined document doc-1774595628873. Resetting to pending.
[2026-03-31T11:26:27.424Z] [Update] Final updateData keys for doc-1774595628873: updatedAt, status, declineRemarks, approvalRemarks, approvedBy, issuedBy, approvedAt, issuedAt, docName, docNumber, dateOfIssue, revisionNo, duePeriodYears, reasonForRevision, location, preparerName, dateOfRev, reviewDueDate
[2026-03-31T11:26:27.424Z] [Update] Final updateData values: {"updatedAt":"2026-03-31T11:26:27.423Z","status":"pending","declineRemarks":null,"approvalRemarks":null,"approvedBy":null,"issuedBy":null,"approvedAt":null,"issuedAt":null,"docName":"INCIDENT INVESTIGATION REPORT","docNumber":"NFDCL/F/EHS/28","dateOfIssue":"2005-03-01T00:00:00.000Z","revisionNo":7,"duePeriodYears":3,"reasonForRevision":"PERIODIC REVISION","location":"Unit 1, Unit 2, Unit 3","preparerName":"Satish Pawar","dateOfRev":"2026-04-01T00:00:00.000Z","reviewDueDate":"2029-03-31T00:00:00.000Z"}
[2026-03-31T11:26:27.436Z] [Storage] Executing: UPDATE documents SET doc_name = @docName, doc_number = @docNumber, status = @status, date_of_issue = @dateOfIssue, revision_no = @revisionNo, approved_by = @approvedBy, issued_by = @issuedBy, due_period_years = @duePeriodYears, reason_for_revision = @reasonForRevision, review_due_date = @reviewDueDate, approved_at = @approvedAt, issued_at = @issuedAt, approval_remarks = @approvalRemarks, decline_remarks = @declineRemarks, preparer_name = @preparerName, location = @location, date_of_rev = @dateOfRev, updated_at = GETDATE() WHERE id = @id
[2026-03-31T11:28:42.801Z] [Storage] Executing: UPDATE documents SET status = @status, approved_by = @approvedBy, approved_at = @approvedAt, approval_remarks = @approvalRemarks, approver_data = @approverData, approver_name = @approverName, updated_at = GETDATE() WHERE id = @id
[2026-03-31T11:28:54.744Z] [Storage] Executing: UPDATE documents SET status = @status, approved_by = @approvedBy, approved_at = @approvedAt, approval_remarks = @approvalRemarks, approver_data = @approverData, approver_name = @approverName, updated_at = GETDATE() WHERE id = @id
[2026-03-31T11:29:04.193Z] [Storage] Executing: UPDATE documents SET status = @status, approved_by = @approvedBy, approved_at = @approvedAt, approval_remarks = @approvalRemarks, approver_data = @approverData, approver_name = @approverName, updated_at = GETDATE() WHERE id = @id
[2026-03-31T11:29:25.712Z] [Storage] Executing: UPDATE documents SET status = @status, approved_by = @approvedBy, approved_at = @approvedAt, approval_remarks = @approvalRemarks, approver_data = @approverData, approver_name = @approverName, updated_at = GETDATE() WHERE id = @id
[2026-03-31T11:30:03.492Z] [Storage] Executing: UPDATE documents SET status = @status, approved_by = @approvedBy, approved_at = @approvedAt, approval_remarks = @approvalRemarks, approver_data = @approverData, approver_name = @approverName, updated_at = GETDATE() WHERE id = @id
[2026-03-31T11:30:50.937Z] [Storage] Executing: UPDATE documents SET doc_number = @docNumber, status = @status, issued_by = @issuedBy, issued_at = @issuedAt, issue_remarks = @issueRemarks, issuer_name = @issuerName, issuer_data = @issuerData, updated_at = GETDATE() WHERE id = @id
[2026-03-31T11:31:04.004Z] [Storage] Executing: UPDATE documents SET doc_number = @docNumber, status = @status, issued_by = @issuedBy, issued_at = @issuedAt, issue_remarks = @issueRemarks, issuer_name = @issuerName, issuer_data = @issuerData, updated_at = GETDATE() WHERE id = @id
[2026-03-31T11:31:11.024Z] [Storage] Executing: UPDATE documents SET doc_number = @docNumber, status = @status, issued_by = @issuedBy, issued_at = @issuedAt, issue_remarks = @issueRemarks, issuer_name = @issuerName, issuer_data = @issuerData, updated_at = GETDATE() WHERE id = @id
[2026-03-31T11:32:58.312Z] [Download - ahld2v] New PDF download request for ID: doc-1774595471557 
[2026-03-31T11:32:58.447Z] [Download - ahld2v] Looking for file: C:\inetpub\wwwroot\dms\uploads\doc-1774595471557_1774595471588_Incident_Reporting_27.docx 
[2026-03-31T11:32:58.487Z] [Download - ahld2v] Starting conversion v2.1...
[2026-03-31T11:33:17.087Z] [Download - ahld2v]Success! Sending 73283 bytes
[2026-03-31T11:35:25.685Z] [Download - 3a38ej] New PDF download request for ID: doc-1774951220805 
[2026-03-31T11:35:25.696Z] [Download - 3a38ej] Looking for file: C:\inetpub\wwwroot\dms\uploads\doc-1774951220805_1774951220836_SOP_EHS_Hot_Work_Permit.docx 
[2026-03-31T11:35:25.716Z] [Download - 3a38ej] Starting conversion v2.1...
[2026-03-31T11:35:33.803Z] [Download - 3a38ej]Success! Sending 138020 bytes
[2026-03-31T12:02:28.905Z] [Download - xut9tn] New PDF download request for ID: doc-1774595305854 
[2026-03-31T12:02:28.914Z] [Download - xut9tn] Looking for file: C:\inetpub\wwwroot\dms\uploads\doc-1774595305854_1774595305884_Mock_Drill_Report_64.doc 
[2026-03-31T12:02:28.942Z] [Download - xut9tn] Starting conversion v2.1...
[2026-03-31T12:02:33.326Z] [Download - xut9tn]Success! Sending 181397 bytes
[2026-03-31T12:04:24.049Z] [Download - 59m7xd] New PDF download request for ID: doc-1774595182872 
[2026-03-31T12:04:24.057Z] [Download - 59m7xd] Looking for file: C:\inetpub\wwwroot\dms\uploads\doc-1774595182872_1774956187149_SOP_EHS_Conducting_Mock_Drill.docx 
[2026-03-31T12:04:24.083Z] [Download - 59m7xd] Starting conversion v2.1...
[2026-03-31T12:04:29.866Z] [Download - 59m7xd]Success! Sending 143413 bytes
[2026-04-01T05:27:15.500Z] [RevisionActivities] Starting grouped revision activities query
[2026-04-01T05:27:20.262Z] [RevisionActivities] Starting grouped revision activities query
[2026-04-01T05:27:50.735Z] [RevisionActivities] Starting grouped revision activities query
[2026-04-01T05:28:20.916Z] [RevisionActivities] Starting grouped revision activities query
[2026-04-01T05:30:51.324Z] [RevisionActivities] Starting grouped revision activities query
[2026-04-01T06:29:09.177Z] [Storage] Executing: UPDATE documents SET word_file_path = @wordFilePath, updated_at = GETDATE() WHERE id = @id
[2026-04-01T06:30:43.312Z] [Word View] Requesting document doc-1775024949033
[2026-04-01T06:30:43.322Z] [Word View] Primary path attempt: C:\inetpub\wwwroot\dms\uploads\uploads\doc-1775024949033_1775024949159_38. Pemit for Civil work inside production.docx
[2026-04-01T06:30:43.328Z] [Word View] Primary path failed: ENOENT: no such file or directory, access 'C:\inetpub\wwwroot\dms\uploads\uploads\doc-1775024949033_1775024949159_38. Pemit for Civil work inside production.docx'
[2026-04-01T06:30:43.328Z] [Word View] Trying fallback path: C:\inetpub\wwwroot\dms\uploads\doc-1775024949033_1775024949159_38. Pemit for Civil work inside production.docx
[2026-04-01T06:30:43.330Z] [Word View] Successfully read file from fallback path, size: 21906 bytes
[2026-04-01T06:30:43.332Z] [Word View] Processing .docx file for document doc-1775024949033.
[2026-04-01T06:30:43.486Z] [Word View] Mammoth conversion complete, HTML length: 3772 
[2026-04-01T06:31:33.167Z] [Storage] Executing: UPDATE documents SET status = @status, approved_by = @approvedBy, approved_at = @approvedAt, approval_remarks = @approvalRemarks, approver_data = @approverData, approver_name = @approverName, updated_at = GETDATE() WHERE id = @id
[2026-04-01T07:14:07.518Z] [Storage] Executing: UPDATE documents SET doc_number = @docNumber, status = @status, issued_by = @issuedBy, issued_at = @issuedAt, issue_remarks = @issueRemarks, issuer_name = @issuerName, issuer_data = @issuerData, updated_at = GETDATE() WHERE id = @id
[2026-04-01T09:13:34.330Z] [Storage] Executing: UPDATE documents SET word_file_path = @wordFilePath, updated_at = GETDATE() WHERE id = @id
[2026-04-01T09:14:18.696Z] [Storage] Executing: UPDATE documents SET status = @status, approved_by = @approvedBy, approved_at = @approvedAt, approval_remarks = @approvalRemarks, approver_data = @approverData, approver_name = @approverName, updated_at = GETDATE() WHERE id = @id
[2026-04-01T09:14:43.574Z] [Storage] Executing: UPDATE documents SET doc_number = @docNumber, status = @status, issued_by = @issuedBy, issued_at = @issuedAt, issue_remarks = @issueRemarks, issuer_name = @issuerName, issuer_data = @issuerData, updated_at = GETDATE() WHERE id = @id
[2026-04-01T09:14:43.594Z] [Storage] Executing: UPDATE documents SET status = @status, updated_at = GETDATE() WHERE id = @id
[2026-04-01T09:22:32.590Z] [Download - qzw1ad] New PDF download request for ID: doc-1775024949033 
[2026-04-01T09:22:33.011Z] [Download - qzw1ad] Looking for file: C:\inetpub\wwwroot\dms\uploads\doc-1775024949033_1775024949159_38. Pemit for Civil work inside production.docx 
[2026-04-01T09:22:33.404Z] [Download - qzw1ad] Starting conversion v2.1...
[2026-04-01T09:22:45.557Z] [Download - qzw1ad]Success! Sending 98553 bytes
[2026-04-01T09:28:45.933Z] [Download - v8uh7b] New PDF download request for ID: doc-1775024949033 
[2026-04-01T09:28:46.876Z] [Download - v8uh7b] Looking for file: C:\inetpub\wwwroot\dms\uploads\doc-1775024949033_1775024949159_38. Pemit for Civil work inside production.docx 
[2026-04-01T09:28:53.237Z] [Download - v8uh7b] Starting conversion v2.1...
[2026-04-01T09:29:46.920Z] [Download - v8uh7b]Success! Sending 83498 bytes
[2026-04-01T09:34:53.125Z] [Download - gis1r] New PDF download request for ID: doc-1774595471557 
[2026-04-01T09:34:53.147Z] [Download - gis1r] Looking for file: C:\inetpub\wwwroot\dms\uploads\doc-1774595471557_1774595471588_Incident_Reporting_27.docx 
[2026-04-01T09:34:53.173Z] [Download - gis1r] Starting conversion v2.1...
[2026-04-01T09:34:58.007Z] [Download - gis1r]Success! Sending 73278 bytes
[2026-04-01T09:35:42.640Z] [Download - m0zsrt] New PDF download request for ID: doc-1774595628873 
[2026-04-01T09:35:43.856Z] [Download - m0zsrt] Looking for file: C:\inetpub\wwwroot\dms\uploads\doc-1774595628873_1774595628994_Incident_Investigation_Report_28.doc 
[2026-04-01T09:35:44.942Z] [Download - m0zsrt] Starting conversion v2.1...
[2026-04-01T09:36:13.414Z] [Download - m0zsrt]Success! Sending 106834 bytes
[2026-04-01T09:41:39.078Z] [Download - rckxun] New PDF download request for ID: doc-1774595305854 
[2026-04-01T09:41:39.087Z] [Download - rckxun] Looking for file: C:\inetpub\wwwroot\dms\uploads\doc-1774595305854_1774595305884_Mock_Drill_Report_64.doc 
[2026-04-01T09:41:39.108Z] [Download - rckxun] Starting conversion v2.1...
[2026-04-01T09:41:45.514Z] [Download - rckxun]Success! Sending 181387 bytes
[2026-04-01T09:42:38.664Z] [Download - pr6az] New PDF download request for ID: doc-1774595182872 
[2026-04-01T09:42:38.674Z] [Download - pr6az] Looking for file: C:\inetpub\wwwroot\dms\uploads\doc-1774595182872_1774956187149_SOP_EHS_Conducting_Mock_Drill.docx 
[2026-04-01T09:42:38.706Z] [Download - pr6az] Starting conversion v2.1...
[2026-04-01T09:42:43.676Z] [Download - pr6az]Success! Sending 143400 bytes
[2026-04-01T09:42:58.490Z] [Download - 2g6ruh] New PDF download request for ID: doc-1775024949033 
[2026-04-01T09:42:58.494Z] [Download - 2g6ruh] Looking for file: C:\inetpub\wwwroot\dms\uploads\doc-1775024949033_1775024949159_38. Pemit for Civil work inside production.docx 
[2026-04-01T09:42:58.509Z] [Download - 2g6ruh] Starting conversion v2.1...
[2026-04-01T09:43:02.695Z] [Download - 2g6ruh]Success! Sending 83499 bytes
[2026-04-01T09:45:22.800Z] [Download - 9v3t8] New PDF download request for ID: doc-1774595107576 
[2026-04-01T09:45:22.806Z] [Download - 9v3t8] Looking for file: C:\inetpub\wwwroot\dms\uploads\doc-1774595107576_1774595107609_SOP_EHS_Checking_Fire_Extinguishers.docx 
[2026-04-01T09:45:22.827Z] [Download - 9v3t8] Starting conversion v2.1...
[2026-04-01T09:45:27.681Z] [Download - 9v3t8]Success! Sending 131407 bytes
[2026-04-01T09:50:01.251Z] [Download - nvfuk] New PDF download request for ID: doc-1774595024557 
[2026-04-01T09:50:01.257Z] [Download - nvfuk] Looking for file: C:\inetpub\wwwroot\dms\uploads\doc-1774595024557_1774595024598_SOP_EHS_Checking_EY_BS.docx 
[2026-04-01T09:50:01.276Z] [Download - nvfuk] Starting conversion v2.1...
[2026-04-01T09:50:06.301Z] [Download - nvfuk]Success! Sending 136472 bytes
[2026-04-01T09:50:34.213Z] [Download - i203le] New PDF download request for ID: doc-1774595399535 
[2026-04-01T09:50:34.222Z] [Download - i203le] Looking for file: C:\inetpub\wwwroot\dms\uploads\doc-1774595399535_1774595399564_List_Fire_Extinguisher_Check_Sheet_Weekly_13.docx 
[2026-04-01T09:50:34.240Z] [Download - i203le] Starting conversion v2.1...
[2026-04-01T09:50:40.812Z] [Download - i203le]Success! Sending 187598 bytes
[2026-04-01T09:51:35.635Z] [Download - 80vod] New PDF download request for ID: doc-1774594837719 
[2026-04-01T09:51:35.646Z] [Download - 80vod] Looking for file: C:\inetpub\wwwroot\dms\uploads\doc-1774594837719_1774594837781_SOP_EHS_Incident_Investigation.docx 
[2026-04-01T09:51:35.673Z] [Download - 80vod] Starting conversion v2.1...
[2026-04-01T09:51:40.096Z] [Download - 80vod]Success! Sending 121669 bytes
[2026-04-01T09:54:46.270Z] [Download - 21dqxj] New PDF download request for ID: doc-1774607744475 
[2026-04-01T09:54:46.284Z] [Download - 21dqxj] Looking for file: C:\inetpub\wwwroot\dms\uploads\doc-1774607744475_1774607744578_15. Monthly Veriicaion Check List--.docx 
[2026-04-01T09:54:46.309Z] [Download - 21dqxj] Starting conversion v2.1...
[2026-04-01T09:54:51.235Z] [Download - 21dqxj]Success! Sending 58312 bytes
[2026-04-01T10:02:07.213Z] [Download - 8tyak4] New PDF download request for ID: doc-1774595108982 
[2026-04-01T10:02:07.224Z] [Download - 8tyak4] Looking for file: C:\inetpub\wwwroot\dms\uploads\doc-1774595108982_1774601088865_11. HAZARD Control plan revised -01.08.2025.docx 
[2026-04-01T10:02:07.253Z] [Download - 8tyak4] Starting conversion v2.1...
[2026-04-01T10:03:22.290Z] [Download - 8tyak4]Success! Sending 6318073 bytes
[2026-04-01T10:04:50.434Z] [Download - 4bclci] New PDF download request for ID: doc-1774595108982 
[2026-04-01T10:04:50.462Z] [Download - 4bclci] Looking for file: C:\inetpub\wwwroot\dms\uploads\doc-1774595108982_1774601088865_11. HAZARD Control plan revised -01.08.2025.docx 
[2026-04-01T10:04:50.494Z] [Download - 4bclci] Starting conversion v2.1...
[2026-04-01T10:06:27.172Z] [Download - 4bclci]Success! Sending 6318073 bytes
[2026-04-01T10:06:59.332Z] [Download - 7oc3tp] New PDF download request for ID: doc-1774951206329 
[2026-04-01T10:06:59.346Z] [Download - 7oc3tp] Looking for file: C:\inetpub\wwwroot\dms\uploads\doc-1774951206329_1774951206362_Lab Instruments List.doc 
[2026-04-01T10:06:59.370Z] [Download - 7oc3tp] Starting conversion v2.1...
[2026-04-01T10:07:04.236Z] [Download - 7oc3tp]Success! Sending 118251 bytes
[2026-04-01T10:34:03.406Z] [Storage] Executing: UPDATE documents SET word_file_path = @wordFilePath, updated_at = GETDATE() WHERE id = @id
[2026-04-01T10:36:25.722Z] [Storage] Executing: UPDATE documents SET status = @status, approved_by = @approvedBy, approved_at = @approvedAt, approval_remarks = @approvalRemarks, approver_data = @approverData, approver_name = @approverName, updated_at = GETDATE() WHERE id = @id
[2026-04-01T10:40:37.429Z] [Storage] Executing: UPDATE documents SET word_file_path = @wordFilePath, updated_at = GETDATE() WHERE id = @id
[2026-04-01T10:42:12.829Z] [Download - qwtcl] New PDF download request for ID: doc-1774601678422 
[2026-04-01T10:42:12.938Z] [Download - qwtcl] Looking for file: C:\inetpub\wwwroot\dms\uploads\doc-1774601678422_1774601678463_9. FSMS Team & Competency Matrix 21112025 Unit 3.docx 
[2026-04-01T10:42:12.965Z] [Download - qwtcl] Starting conversion v2.1...
[2026-04-01T10:42:22.448Z] [Download - qwtcl]Success! Sending 79611 bytes
[2026-04-01T10:44:33.278Z] [Download - vvd58w] New PDF download request for ID: doc-1774950328972 
[2026-04-01T10:44:33.506Z] [Download - vvd58w] Looking for file: C:\inetpub\wwwroot\dms\uploads\doc-1774950328972_1774950329017_List of Disposed Documents.docx 
[2026-04-01T10:44:33.554Z] [Download - vvd58w] Starting conversion v2.1...
[2026-04-01T10:44:40.804Z] [Download - vvd58w]Success! Sending 48702 bytes
[2026-04-01T10:54:49.763Z] [Download - o0jk87] New PDF download request for ID: doc-1774595108982 
[2026-04-01T10:54:49.941Z] [Download - o0jk87] Looking for file: C:\inetpub\wwwroot\dms\uploads\doc-1774595108982_1774601088865_11. HAZARD Control plan revised -01.08.2025.docx 
[2026-04-01T10:54:49.969Z] [Download - o0jk87] Starting conversion v2.1...
[2026-04-01T10:55:57.848Z] [Download - o0jk87]Success! Sending 2006236 bytes
[2026-04-01T10:57:09.829Z] [RevisionActivities] Starting grouped revision activities query
[2026-04-01T11:01:35.552Z] [RevisionActivities] Starting grouped revision activities query
[2026-04-01T11:02:06.458Z] [RevisionActivities] Starting grouped revision activities query
[2026-04-01T11:02:15.302Z] [Storage] Executing: UPDATE documents SET status = @status, approved_by = @approvedBy, approved_at = @approvedAt, approval_remarks = @approvalRemarks, approver_data = @approverData, approver_name = @approverName, updated_at = GETDATE() WHERE id = @id
[2026-04-01T11:02:36.732Z] [RevisionActivities] Starting grouped revision activities query
[2026-04-01T11:05:37.632Z] [RevisionActivities] Starting grouped revision activities query
[2026-04-01T11:06:07.872Z] [RevisionActivities] Starting grouped revision activities query
[2026-04-01T11:06:38.958Z] [RevisionActivities] Starting grouped revision activities query
[2026-04-01T11:08:09.815Z] [RevisionActivities] Starting grouped revision activities query
[2026-04-01T11:09:16.521Z] [RevisionActivities] Starting grouped revision activities query
[2026-04-01T11:09:49.591Z] [RevisionActivities] Starting grouped revision activities query
[2026-04-01T11:10:20.518Z] [RevisionActivities] Starting grouped revision activities query
[2026-04-01T11:10:50.826Z] [RevisionActivities] Starting grouped revision activities query
[2026-04-01T11:11:21.062Z] [RevisionActivities] Starting grouped revision activities query
[2026-04-01T11:11:51.255Z] [RevisionActivities] Starting grouped revision activities query
[2026-04-01T11:12:21.437Z] [RevisionActivities] Starting grouped revision activities query
[2026-04-01T11:12:51.756Z] [RevisionActivities] Starting grouped revision activities query
[2026-04-01T11:13:23.368Z] [RevisionActivities] Starting grouped revision activities query
[2026-04-01T11:13:55.814Z] [RevisionActivities] Starting grouped revision activities query
[2026-04-01T11:14:27.887Z] [RevisionActivities] Starting grouped revision activities query
[2026-04-01T11:14:58.103Z] [RevisionActivities] Starting grouped revision activities query
[2026-04-01T11:15:28.285Z] [RevisionActivities] Starting grouped revision activities query
[2026-04-01T11:15:58.522Z] [RevisionActivities] Starting grouped revision activities query
[2026-04-01T11:16:29.013Z] [RevisionActivities] Starting grouped revision activities query
[2026-04-01T11:16:59.375Z] [RevisionActivities] Starting grouped revision activities query
[2026-04-01T11:17:59.539Z] [RevisionActivities] Starting grouped revision activities query
[2026-04-01T11:20:15.276Z] [RevisionActivities] Starting grouped revision activities query
[2026-04-01T11:20:46.834Z] [RevisionActivities] Starting grouped revision activities query
[2026-04-01T11:21:17.483Z] [RevisionActivities] Starting grouped revision activities query
[2026-04-01T11:21:48.310Z] [RevisionActivities] Starting grouped revision activities query
[2026-04-01T11:25:44.213Z] [RevisionActivities] Starting grouped revision activities query
[2026-04-01T11:26:14.432Z] [RevisionActivities] Starting grouped revision activities query
[2026-04-01T11:26:44.657Z] [RevisionActivities] Starting grouped revision activities query
[2026-04-01T11:27:14.904Z] [RevisionActivities] Starting grouped revision activities query
[2026-04-01T11:27:46.489Z] [RevisionActivities] Starting grouped revision activities query
[2026-04-01T11:28:16.845Z] [RevisionActivities] Starting grouped revision activities query
[2026-04-01T11:28:47.081Z] [RevisionActivities] Starting grouped revision activities query
[2026-04-01T11:29:17.293Z] [RevisionActivities] Starting grouped revision activities query
[2026-04-01T11:29:47.579Z] [RevisionActivities] Starting grouped revision activities query
[2026-04-01T11:30:17.815Z] [RevisionActivities] Starting grouped revision activities query
[2026-04-01T11:30:48.713Z] [RevisionActivities] Starting grouped revision activities query
[2026-04-01T11:31:19.415Z] [RevisionActivities] Starting grouped revision activities query
[2026-04-01T11:31:49.614Z] [RevisionActivities] Starting grouped revision activities query
[2026-04-01T11:32:19.824Z] [RevisionActivities] Starting grouped revision activities query
[2026-04-01T11:32:50.292Z] [RevisionActivities] Starting grouped revision activities query
[2026-04-01T11:33:20.524Z] [RevisionActivities] Starting grouped revision activities query
[2026-04-01T11:33:50.719Z] [RevisionActivities] Starting grouped revision activities query
[2026-04-01T11:34:21.021Z] [RevisionActivities] Starting grouped revision activities query
[2026-04-01T11:34:51.779Z] [RevisionActivities] Starting grouped revision activities query
[2026-04-01T11:35:21.986Z] [RevisionActivities] Starting grouped revision activities query
[2026-04-01T11:36:22.232Z] [RevisionActivities] Starting grouped revision activities query
[2026-04-01T11:37:22.698Z] [RevisionActivities] Starting grouped revision activities query
[2026-04-01T11:37:53.008Z] [RevisionActivities] Starting grouped revision activities query
[2026-04-01T11:38:23.166Z] [RevisionActivities] Starting grouped revision activities query
[2026-04-01T11:42:03.314Z] [RevisionActivities] Starting grouped revision activities query
[2026-04-01T11:57:21.372Z] [RevisionActivities] Starting grouped revision activities query
[2026-04-02T07:30:18.794Z] --- SERVER RESTARTED - ROUTES REGISTERED v1.0.6 ---
[2026-04-02T07:37:47.561Z] --- SERVER RESTARTED - ROUTES REGISTERED v1.0.6 ---
[2026-04-02T07:55:39.009Z] --- SERVER RESTARTED - ROUTES REGISTERED v1.0.6 ---
[2026-04-02T08:13:15.094Z] --- SERVER RESTARTED - ROUTES REGISTERED v1.0.6 ---
[2026-04-02T08:23:25.143Z] [Storage] Executing: UPDATE documents SET word_file_path = @wordFilePath, updated_at = GETDATE() WHERE id = @id
[2026-04-02T08:23:46.875Z] [Word View] Requesting document doc-1775118205075
[2026-04-02T08:23:47.004Z] [Word View] Primary path attempt: C:\inetpub\wwwroot\dms\uploads\uploads\doc-1775118205075_1775118205120_080 Standard Operating Procedure for recording and circulation of Humidity &Temperature.doc
[2026-04-02T08:23:47.006Z] [Word View] Primary path failed: ENOENT: no such file or directory, access 'C:\inetpub\wwwroot\dms\uploads\uploads\doc-1775118205075_1775118205120_080 Standard Operating Procedure for recording and circulation of Humidity &Temperature.doc'
[2026-04-02T08:23:47.007Z] [Word View] Trying fallback path: C:\inetpub\wwwroot\dms\uploads\doc-1775118205075_1775118205120_080 Standard Operating Procedure for recording and circulation of Humidity &Temperature.doc
[2026-04-02T08:23:47.012Z] [Word View] Successfully read file from fallback path, size: 2025984 bytes
[2026-04-02T08:23:47.013Z] [Word View] Legacy .doc file detected for document doc-1775118205075. Magic number: d0cf11e0a1b11ae1
[2026-04-02T08:24:08.301Z] [Storage] Executing: UPDATE documents SET status = @status, approved_by = @approvedBy, approved_at = @approvedAt, approval_remarks = @approvalRemarks, approver_data = @approverData, approver_name = @approverName, updated_at = GETDATE() WHERE id = @id
[2026-04-02T08:31:11.172Z] [Storage] Executing: UPDATE documents SET word_file_path = @wordFilePath, updated_at = GETDATE() WHERE id = @id
[2026-04-02T08:31:38.064Z] [Storage] Executing: UPDATE documents SET status = @status, approved_by = @approvedBy, approved_at = @approvedAt, approval_remarks = @approvalRemarks, approver_data = @approverData, approver_name = @approverName, updated_at = GETDATE() WHERE id = @id
[2026-04-02T08:43:00.970Z] --- SERVER RESTARTED - ROUTES REGISTERED v1.0.6 ---
[2026-04-02T08:52:25.526Z] [Storage] Executing: UPDATE documents SET doc_number = @docNumber, status = @status, issued_by = @issuedBy, issued_at = @issuedAt, issue_remarks = @issueRemarks, issuer_name = @issuerName, issuer_data = @issuerData, updated_at = GETDATE() WHERE id = @id
[2026-04-02T08:52:32.259Z] [Storage] Executing: UPDATE documents SET doc_number = @docNumber, status = @status, issued_by = @issuedBy, issued_at = @issuedAt, issue_remarks = @issueRemarks, issuer_name = @issuerName, issuer_data = @issuerData, updated_at = GETDATE() WHERE id = @id
[2026-04-02T08:53:35.913Z] [PDF Error] Document doc-1775040037392 (NFDCL/F/MR/13): Navigation timeout of 30000 ms exceeded
TimeoutError: Navigation timeout of 30000 ms exceeded
    at new Deferred (file:///C:/inetpub/wwwroot/dms/node_modules/puppeteer-core/lib/esm/puppeteer/util/Deferred.js:57:34)
    at Deferred.create (file:///C:/inetpub/wwwroot/dms/node_modules/puppeteer-core/lib/esm/puppeteer/util/Deferred.js:18:16)
    at new LifecycleWatcher (file:///C:/inetpub/wwwroot/dms/node_modules/puppeteer-core/lib/esm/puppeteer/cdp/LifecycleWatcher.js:70:46)
    at CdpFrame.setContent (file:///C:/inetpub/wwwroot/dms/node_modules/puppeteer-core/lib/esm/puppeteer/cdp/Frame.js:229:29)
    at process.processTicksAndRejections (node:internal/process/task_queues:103:5)
    at async CdpPage.setContent (file:///C:/inetpub/wwwroot/dms/node_modules/puppeteer-core/lib/esm/puppeteer/api/Page.js:570:13)
    at async PDFService.generatePdfFromHtml (file:///C:/inetpub/wwwroot/dms/dist/index.js:964:7)
    at async PDFService.convertWordToPDFWithPuppeteer (file:///C:/inetpub/wwwroot/dms/dist/index.js:998:14)
    at async PDFService.convertWordToPDF (file:///C:/inetpub/wwwroot/dms/dist/index.js:810:14)
    at async file:///C:/inetpub/wwwroot/dms/dist/index.js:2443:19  
[2026-04-02T08:53:39.226Z] [Storage] Executing: UPDATE documents SET doc_number = @docNumber, status = @status, issued_by = @issuedBy, issued_at = @issuedAt, issue_remarks = @issueRemarks, issuer_name = @issuerName, issuer_data = @issuerData, updated_at = GETDATE() WHERE id = @id
[2026-04-02T08:53:45.154Z] [Storage] Executing: UPDATE documents SET doc_number = @docNumber, status = @status, issued_by = @issuedBy, issued_at = @issuedAt, issue_remarks = @issueRemarks, issuer_name = @issuerName, issuer_data = @issuerData, updated_at = GETDATE() WHERE id = @id
[2026-04-02T08:53:54.988Z] [PDF Error] Document doc-1775039643331 (NFDCL/F/MR/19): Failed to parse parameter value: 595.28pt
Error: Failed to parse parameter value: 595.28pt
    at assert (file:///C:/inetpub/wwwroot/dms/node_modules/puppeteer-core/lib/esm/puppeteer/util/assert.js:15:15)
    at convertPrintParameterToInches (file:///C:/inetpub/wwwroot/dms/node_modules/puppeteer-core/lib/esm/puppeteer/common/util.js:327:9)
    at parsePDFOptions (file:///C:/inetpub/wwwroot/dms/node_modules/puppeteer-core/lib/esm/puppeteer/common/util.js:273:17)
    at CdpPage.createPDFStream (file:///C:/inetpub/wwwroot/dms/node_modules/puppeteer-core/lib/esm/puppeteer/cdp/Page.js:821:279)
    at CdpPage.pdf (file:///C:/inetpub/wwwroot/dms/node_modules/puppeteer-core/lib/esm/puppeteer/cdp/Page.js:860:37)
    at PDFService.generatePdfFromHtml (file:///C:/inetpub/wwwroot/dms/dist/index.js:970:36)
    at async PDFService.convertWordToPDFWithPuppeteer (file:///C:/inetpub/wwwroot/dms/dist/index.js:998:14)
    at async PDFService.convertWordToPDF (file:///C:/inetpub/wwwroot/dms/dist/index.js:810:14)
    at async file:///C:/inetpub/wwwroot/dms/dist/index.js:2443:19  
[2026-04-02T08:54:21.567Z] [PDF Error] Document doc-1775118671141 (NFDCL/F/QC/61): Failed to parse parameter value: 595.28pt
Error: Failed to parse parameter value: 595.28pt
    at assert (file:///C:/inetpub/wwwroot/dms/node_modules/puppeteer-core/lib/esm/puppeteer/util/assert.js:15:15)
    at convertPrintParameterToInches (file:///C:/inetpub/wwwroot/dms/node_modules/puppeteer-core/lib/esm/puppeteer/common/util.js:327:9)
    at parsePDFOptions (file:///C:/inetpub/wwwroot/dms/node_modules/puppeteer-core/lib/esm/puppeteer/common/util.js:273:17)
    at CdpPage.createPDFStream (file:///C:/inetpub/wwwroot/dms/node_modules/puppeteer-core/lib/esm/puppeteer/cdp/Page.js:821:279)
    at CdpPage.pdf (file:///C:/inetpub/wwwroot/dms/node_modules/puppeteer-core/lib/esm/puppeteer/cdp/Page.js:860:37)
    at PDFService.generatePdfFromHtml (file:///C:/inetpub/wwwroot/dms/dist/index.js:970:36)
    at async PDFService.convertWordToPDFWithPuppeteer (file:///C:/inetpub/wwwroot/dms/dist/index.js:998:14)
    at async PDFService.convertWordToPDF (file:///C:/inetpub/wwwroot/dms/dist/index.js:810:14)
    at async file:///C:/inetpub/wwwroot/dms/dist/index.js:2443:19  
[2026-04-02T08:54:50.586Z] [PDF Error] Document doc-1775024949033 (NFDCL/F/MR/38): Failed to parse parameter value: 595.28pt
Error: Failed to parse parameter value: 595.28pt
    at assert (file:///C:/inetpub/wwwroot/dms/node_modules/puppeteer-core/lib/esm/puppeteer/util/assert.js:15:15)
    at convertPrintParameterToInches (file:///C:/inetpub/wwwroot/dms/node_modules/puppeteer-core/lib/esm/puppeteer/common/util.js:327:9)
    at parsePDFOptions (file:///C:/inetpub/wwwroot/dms/node_modules/puppeteer-core/lib/esm/puppeteer/common/util.js:273:17)
    at CdpPage.createPDFStream (file:///C:/inetpub/wwwroot/dms/node_modules/puppeteer-core/lib/esm/puppeteer/cdp/Page.js:821:279)
    at CdpPage.pdf (file:///C:/inetpub/wwwroot/dms/node_modules/puppeteer-core/lib/esm/puppeteer/cdp/Page.js:860:37)
    at PDFService.generatePdfFromHtml (file:///C:/inetpub/wwwroot/dms/dist/index.js:970:36)
    at async PDFService.convertWordToPDFWithPuppeteer (file:///C:/inetpub/wwwroot/dms/dist/index.js:998:14)
    at async PDFService.convertWordToPDF (file:///C:/inetpub/wwwroot/dms/dist/index.js:810:14)
    at async file:///C:/inetpub/wwwroot/dms/dist/index.js:2443:19  
[2026-04-02T08:54:58.547Z] [PDF Error] Document doc-1775118205075 (NFDCL/SOP/QC/18): Could not find main document part. Are you sure this is a valid .docx file?
Error: Could not find main document part. Are you sure this is a valid .docx file?
    at C:\inetpub\wwwroot\dms\node_modules\mammoth\lib\docx\docx-reader.js:102:19  
[2026-04-02T08:55:17.622Z] [PDF Error] Document doc-1775118205075 (NFDCL/SOP/QC/18): Could not find main document part. Are you sure this is a valid .docx file?
Error: Could not find main document part. Are you sure this is a valid .docx file?
    at C:\inetpub\wwwroot\dms\node_modules\mammoth\lib\docx\docx-reader.js:102:19  
[2026-04-02T08:55:29.811Z] [PDF Error] Document doc-1775118205075 (NFDCL/SOP/QC/18): Could not find main document part. Are you sure this is a valid .docx file?
Error: Could not find main document part. Are you sure this is a valid .docx file?
    at C:\inetpub\wwwroot\dms\node_modules\mammoth\lib\docx\docx-reader.js:102:19  
[2026-04-02T08:57:44.887Z] --- SERVER RESTARTED - ROUTES REGISTERED v1.0.6 ---
[2026-04-02T08:59:15.344Z] [PDF Error] Document doc-1775040037392 (NFDCL/F/MR/13): Navigation timeout of 30000 ms exceeded
TimeoutError: Navigation timeout of 30000 ms exceeded
    at new Deferred (file:///C:/inetpub/wwwroot/dms/node_modules/puppeteer-core/lib/esm/puppeteer/util/Deferred.js:57:34)
    at Deferred.create (file:///C:/inetpub/wwwroot/dms/node_modules/puppeteer-core/lib/esm/puppeteer/util/Deferred.js:18:16)
    at new LifecycleWatcher (file:///C:/inetpub/wwwroot/dms/node_modules/puppeteer-core/lib/esm/puppeteer/cdp/LifecycleWatcher.js:70:46)
    at CdpFrame.setContent (file:///C:/inetpub/wwwroot/dms/node_modules/puppeteer-core/lib/esm/puppeteer/cdp/Frame.js:229:29)
    at async CdpPage.setContent (file:///C:/inetpub/wwwroot/dms/node_modules/puppeteer-core/lib/esm/puppeteer/api/Page.js:570:13)
    at async PDFService.generatePdfFromHtml (file:///C:/inetpub/wwwroot/dms/dist/index.js:964:7)
    at async PDFService.convertWordToPDFWithPuppeteer (file:///C:/inetpub/wwwroot/dms/dist/index.js:998:14)
    at async PDFService.convertWordToPDF (file:///C:/inetpub/wwwroot/dms/dist/index.js:810:14)
    at async file:///C:/inetpub/wwwroot/dms/dist/index.js:2443:19  
[2026-04-02T09:05:04.492Z] --- SERVER RESTARTED - ROUTES REGISTERED v1.0.6 ---
[2026-04-02T09:13:18.022Z] --- SERVER RESTARTED - ROUTES REGISTERED v1.0.6 ---
[2026-04-02T09:17:51.127Z] [Download - g0mkv] New PDF download request for ID: doc-1775024949033 
[2026-04-02T09:17:51.156Z] [Download - g0mkv] Looking for file: C:\inetpub\wwwroot\dms\uploads\doc-1775024949033_1775024949159_38. Pemit for Civil work inside production.docx 
[2026-04-02T09:17:51.211Z] [Download - g0mkv] Starting conversion v2.1...
[2026-04-02T09:17:57.156Z] [Download - g0mkv]Success! Sending 79697 bytes
[2026-04-02T09:19:38.144Z] --- SERVER RESTARTED - ROUTES REGISTERED v1.0.6 ---
[2026-04-02T09:24:14.651Z] --- SERVER RESTARTED - ROUTES REGISTERED v1.0.6 ---
[2026-04-02T09:37:30.460Z] [Download - hh505p] New PDF download request for ID: doc-1774595628873 
[2026-04-02T09:37:30.550Z] [Download - hh505p] Looking for file: C:\inetpub\wwwroot\dms\uploads\doc-1774595628873_1774595628994_Incident_Investigation_Report_28.doc 
[2026-04-02T09:37:30.580Z] [Download - hh505p] Starting conversion v2.1...
[2026-04-02T09:37:35.466Z] [Download - hh505p]Success! Sending 102702 bytes
[2026-04-02T09:40:11.345Z] --- SERVER RESTARTED - ROUTES REGISTERED v1.0.6 ---
[2026-04-02T09:52:22.161Z] --- SERVER RESTARTED - ROUTES REGISTERED v1.0.6 ---
[2026-04-02T09:57:46.263Z] --- SERVER RESTARTED - ROUTES REGISTERED v1.0.6 ---
[2026-04-02T10:04:33.502Z] [Download - oqw5qu] New PDF download request for ID: doc-1774595108982 
[2026-04-02T10:04:33.517Z] [Download - oqw5qu] Looking for file: C:\inetpub\wwwroot\dms\uploads\doc-1774595108982_1774601088865_11. HAZARD Control plan revised -01.08.2025.docx 
[2026-04-02T10:04:33.546Z] [Download - oqw5qu] Starting conversion v2.1...
[2026-04-02T10:05:47.642Z] [Download - oqw5qu]Success! Sending 5693888 bytes
[2026-04-02T10:06:54.394Z] [Download - 5rjcx] New PDF download request for ID: doc-1774595108982 
[2026-04-02T10:06:54.499Z] [Download - 5rjcx] Looking for file: C:\inetpub\wwwroot\dms\uploads\doc-1774595108982_1774601088865_11. HAZARD Control plan revised -01.08.2025.docx 
[2026-04-02T10:06:55.358Z] [Download - 5rjcx] Starting conversion v2.1...
[2026-04-02T10:08:12.237Z] [Download - 5rjcx]Success! Sending 5693888 bytes
[2026-04-02T10:09:39.507Z] --- SERVER RESTARTED - ROUTES REGISTERED v1.0.6 ---
[2026-04-02T10:16:22.788Z] --- SERVER RESTARTED - ROUTES REGISTERED v1.0.6 ---
[2026-04-02T10:19:58.402Z] [Storage] Executing: UPDATE documents SET word_file_path = @wordFilePath, updated_at = GETDATE() WHERE id = @id
[2026-04-02T10:20:28.338Z] [Storage] Executing: UPDATE documents SET status = @status, approved_by = @approvedBy, approved_at = @approvedAt, approval_remarks = @approvalRemarks, approver_data = @approverData, approver_name = @approverName, updated_at = GETDATE() WHERE id = @id
[2026-04-02T10:20:45.605Z] [Storage] Executing: UPDATE documents SET doc_number = @docNumber, status = @status, issued_by = @issuedBy, issued_at = @issuedAt, issue_remarks = @issueRemarks, issuer_name = @issuerName, issuer_data = @issuerData, updated_at = GETDATE() WHERE id = @id
[2026-04-02T10:20:45.641Z] [Storage] Executing: UPDATE documents SET status = @status, updated_at = GETDATE() WHERE id = @id
[2026-04-02T10:22:14.625Z] [Download - aa9jqb] New PDF download request for ID: doc-1775125198362 
[2026-04-02T10:22:14.632Z] [Download - aa9jqb] Looking for file: C:\inetpub\wwwroot\dms\uploads\doc-1775125198362_1775125198391_11. HAZARD Control plan revised -01.08.2025.docx 
[2026-04-02T10:22:14.650Z] [Download - aa9jqb] Starting conversion v2.1...
[2026-04-02T10:22:43.865Z] [Download - aa9jqb]Success! Sending 1649293 bytes
[2026-04-02T10:32:53.208Z] --- SERVER RESTARTED - ROUTES REGISTERED v1.0.6 ---
[2026-04-02T10:34:58.651Z] [Download - 8q72y] New PDF download request for ID: doc-1775125198362 
[2026-04-02T10:34:58.663Z] [Download - 8q72y] Looking for file: C:\inetpub\wwwroot\dms\uploads\doc-1775125198362_1775125198391_11. HAZARD Control plan revised -01.08.2025.docx 
[2026-04-02T10:34:58.695Z] [Download - 8q72y] Starting conversion v2.1...
[2026-04-02T10:35:32.057Z] [Download - 8q72y]Success! Sending 1651148 bytes
[2026-04-02T10:45:38.771Z] --- SERVER RESTARTED - ROUTES REGISTERED v1.0.6 ---
[2026-04-02T10:47:48.297Z] [Download - otl8v] New PDF download request for ID: doc-1775125198362 
[2026-04-02T10:47:48.307Z] [Download - otl8v] Looking for file: C:\inetpub\wwwroot\dms\uploads\doc-1775125198362_1775125198391_11. HAZARD Control plan revised -01.08.2025.docx 
[2026-04-02T10:47:48.344Z] [Download - otl8v] Starting conversion v2.1...
[2026-04-02T10:47:58.198Z] [Storage] Executing: UPDATE documents SET word_file_path = @wordFilePath, updated_at = GETDATE() WHERE id = @id
[2026-04-02T10:48:21.023Z] [Download - otl8v]Success! Sending 1649980 bytes
[2026-04-02T10:48:24.434Z] [Storage] Executing: UPDATE documents SET status = @status, approved_by = @approvedBy, approved_at = @approvedAt, approval_remarks = @approvalRemarks, approver_data = @approverData, approver_name = @approverName, updated_at = GETDATE() WHERE id = @id
[2026-04-02T10:48:43.945Z] [Storage] Executing: UPDATE documents SET doc_number = @docNumber, status = @status, issued_by = @issuedBy, issued_at = @issuedAt, issue_remarks = @issueRemarks, issuer_name = @issuerName, issuer_data = @issuerData, updated_at = GETDATE() WHERE id = @id
[2026-04-02T10:49:53.705Z] [Download - op33kc] New PDF download request for ID: doc-1775126878121 
[2026-04-02T10:49:53.712Z] [Download - op33kc] Looking for file: C:\inetpub\wwwroot\dms\uploads\doc-1775126878121_1775126878191_1 NFDCL_R_QC_13_Raw material analysis register.docx 
[2026-04-02T10:49:53.729Z] [Download - op33kc] Starting conversion v2.1...
[2026-04-02T10:49:58.690Z] [Download - op33kc]Success! Sending 104444 bytes
[2026-04-02T11:24:59.661Z] --- SERVER RESTARTED - ROUTES REGISTERED v1.0.6 ---
[2026-04-02T11:25:56.905Z] [Download - y4lw74] New PDF download request for ID: doc-1775125198362 
[2026-04-02T11:25:56.916Z] [Download - y4lw74] Looking for file: C:\inetpub\wwwroot\dms\uploads\doc-1775125198362_1775125198391_11. HAZARD Control plan revised -01.08.2025.docx 
[2026-04-02T11:25:56.942Z] [Download - y4lw74] Starting conversion v2.1...
[2026-04-02T11:26:29.133Z] [Download - y4lw74]Success! Sending 1650144 bytes
[2026-04-02T11:30:03.882Z] --- SERVER RESTARTED - ROUTES REGISTERED v1.0.6 ---
[2026-04-02T11:34:54.218Z] --- SERVER RESTARTED - ROUTES REGISTERED v1.0.6 ---
[2026-04-02T11:55:13.545Z] [Storage] Executing: UPDATE documents SET word_file_path = @wordFilePath, updated_at = GETDATE() WHERE id = @id
[2026-04-02T11:56:59.852Z] [Storage] Executing: UPDATE documents SET word_file_path = @wordFilePath, updated_at = GETDATE() WHERE id = @id
[2026-04-02T11:59:33.160Z] [Storage] Executing: UPDATE documents SET word_file_path = @wordFilePath, updated_at = GETDATE() WHERE id = @id
[2026-04-02T12:00:07.382Z] [Storage] Executing: UPDATE documents SET status = @status, approved_by = @approvedBy, approved_at = @approvedAt, approval_remarks = @approvalRemarks, approver_data = @approverData, approver_name = @approverName, updated_at = GETDATE() WHERE id = @id
[2026-04-02T12:00:26.416Z] [Storage] Executing: UPDATE documents SET doc_number = @docNumber, status = @status, issued_by = @issuedBy, issued_at = @issuedAt, issue_remarks = @issueRemarks, issuer_name = @issuerName, issuer_data = @issuerData, updated_at = GETDATE() WHERE id = @id
[2026-04-02T12:01:47.825Z] [Download - kugeb] New PDF download request for ID: doc-1775131173114 
[2026-04-02T12:01:47.833Z] [Download - kugeb] Looking for file: C:\inetpub\wwwroot\dms\uploads\doc-1775131173114_1775131173152_1 NFDCL_R_QC_13_Raw material analysis register.docx 
[2026-04-02T12:01:47.861Z] [Download - kugeb] Starting conversion v2.1...
[2026-04-02T12:01:51.995Z] [Download - kugeb]Success! Sending 104015 bytes
[2026-04-03T03:30:49.656Z] --- SERVER RESTARTED - ROUTES REGISTERED v1.0.6 ---
[2026-04-03T03:30:49.777Z] --- SERVER RESTARTED - ROUTES REGISTERED v1.0.6 ---
[2026-04-03T03:30:54.947Z] --- SERVER RESTARTED - ROUTES REGISTERED v1.0.6 ---
[2026-04-03T03:30:59.579Z] --- SERVER RESTARTED - ROUTES REGISTERED v1.0.6 ---
[2026-04-03T03:31:05.788Z] --- SERVER RESTARTED - ROUTES REGISTERED v1.0.6 ---
[2026-04-03T03:31:10.313Z] --- SERVER RESTARTED - ROUTES REGISTERED v1.0.6 ---
[2026-04-03T03:31:16.393Z] --- SERVER RESTARTED - ROUTES REGISTERED v1.0.6 ---
[2026-04-03T03:31:23.724Z] --- SERVER RESTARTED - ROUTES REGISTERED v1.0.6 ---
[2026-04-03T03:31:29.507Z] --- SERVER RESTARTED - ROUTES REGISTERED v1.0.6 ---
[2026-04-03T03:31:34.148Z] --- SERVER RESTARTED - ROUTES REGISTERED v1.0.6 ---
[2026-04-03T03:31:38.719Z] --- SERVER RESTARTED - ROUTES REGISTERED v1.0.6 ---
[2026-04-03T03:31:43.795Z] --- SERVER RESTARTED - ROUTES REGISTERED v1.0.6 ---
[2026-04-03T03:31:48.353Z] --- SERVER RESTARTED - ROUTES REGISTERED v1.0.6 ---
[2026-04-03T03:31:52.964Z] --- SERVER RESTARTED - ROUTES REGISTERED v1.0.6 ---
[2026-04-03T03:31:57.251Z] --- SERVER RESTARTED - ROUTES REGISTERED v1.0.6 ---
[2026-04-03T03:32:01.627Z] --- SERVER RESTARTED - ROUTES REGISTERED v1.0.6 ---
[2026-04-03T03:32:06.174Z] --- SERVER RESTARTED - ROUTES REGISTERED v1.0.6 ---
[2026-04-03T03:32:10.506Z] --- SERVER RESTARTED - ROUTES REGISTERED v1.0.6 ---
[2026-04-03T03:32:15.444Z] --- SERVER RESTARTED - ROUTES REGISTERED v1.0.6 ---
[2026-04-03T03:32:20.043Z] --- SERVER RESTARTED - ROUTES REGISTERED v1.0.6 ---
[2026-04-03T03:32:25.188Z] --- SERVER RESTARTED - ROUTES REGISTERED v1.0.6 ---
[2026-04-03T03:32:30.546Z] --- SERVER RESTARTED - ROUTES REGISTERED v1.0.6 ---
[2026-04-03T03:32:35.485Z] --- SERVER RESTARTED - ROUTES REGISTERED v1.0.6 ---
[2026-04-03T03:32:41.726Z] --- SERVER RESTARTED - ROUTES REGISTERED v1.0.6 ---
[2026-04-03T03:32:46.143Z] --- SERVER RESTARTED - ROUTES REGISTERED v1.0.6 ---
[2026-04-03T03:32:51.159Z] --- SERVER RESTARTED - ROUTES REGISTERED v1.0.6 ---
[2026-04-03T03:32:56.380Z] --- SERVER RESTARTED - ROUTES REGISTERED v1.0.6 ---
[2026-04-03T03:33:02.300Z] --- SERVER RESTARTED - ROUTES REGISTERED v1.0.6 ---
[2026-04-03T03:33:06.507Z] --- SERVER RESTARTED - ROUTES REGISTERED v1.0.6 ---
[2026-04-03T03:33:11.802Z] --- SERVER RESTARTED - ROUTES REGISTERED v1.0.6 ---
[2026-04-03T03:33:16.868Z] --- SERVER RESTARTED - ROUTES REGISTERED v1.0.6 ---
[2026-04-03T03:33:23.497Z] --- SERVER RESTARTED - ROUTES REGISTERED v1.0.6 ---
[2026-04-03T03:33:28.749Z] --- SERVER RESTARTED - ROUTES REGISTERED v1.0.6 ---
[2026-04-03T03:33:33.595Z] --- SERVER RESTARTED - ROUTES REGISTERED v1.0.6 ---
[2026-04-03T03:33:38.774Z] --- SERVER RESTARTED - ROUTES REGISTERED v1.0.6 ---
[2026-04-03T03:33:43.663Z] --- SERVER RESTARTED - ROUTES REGISTERED v1.0.6 ---
[2026-04-03T03:33:47.801Z] --- SERVER RESTARTED - ROUTES REGISTERED v1.0.6 ---
[2026-04-03T03:33:52.835Z] --- SERVER RESTARTED - ROUTES REGISTERED v1.0.6 ---
[2026-04-03T03:33:57.457Z] --- SERVER RESTARTED - ROUTES REGISTERED v1.0.6 ---
[2026-04-03T03:34:02.860Z] --- SERVER RESTARTED - ROUTES REGISTERED v1.0.6 ---
[2026-04-03T03:34:07.777Z] --- SERVER RESTARTED - ROUTES REGISTERED v1.0.6 ---
[2026-04-03T03:34:12.309Z] --- SERVER RESTARTED - ROUTES REGISTERED v1.0.6 ---
[2026-04-03T03:34:17.281Z] --- SERVER RESTARTED - ROUTES REGISTERED v1.0.6 ---
[2026-04-03T03:34:22.880Z] --- SERVER RESTARTED - ROUTES REGISTERED v1.0.6 ---
[2026-04-03T03:34:28.573Z] --- SERVER RESTARTED - ROUTES REGISTERED v1.0.6 ---
[2026-04-03T03:34:39.238Z] --- SERVER RESTARTED - ROUTES REGISTERED v1.0.6 ---
[2026-04-03T03:34:45.072Z] --- SERVER RESTARTED - ROUTES REGISTERED v1.0.6 ---
[2026-04-03T03:34:50.418Z] --- SERVER RESTARTED - ROUTES REGISTERED v1.0.6 ---
[2026-04-03T03:34:55.851Z] --- SERVER RESTARTED - ROUTES REGISTERED v1.0.6 ---
[2026-04-03T03:35:02.321Z] --- SERVER RESTARTED - ROUTES REGISTERED v1.0.6 ---
[2026-04-03T03:35:08.671Z] --- SERVER RESTARTED - ROUTES REGISTERED v1.0.6 ---
[2026-04-03T03:35:13.911Z] --- SERVER RESTARTED - ROUTES REGISTERED v1.0.6 ---
[2026-04-03T03:35:18.910Z] --- SERVER RESTARTED - ROUTES REGISTERED v1.0.6 ---
[2026-04-03T03:35:24.453Z] --- SERVER RESTARTED - ROUTES REGISTERED v1.0.6 ---
[2026-04-03T03:35:32.147Z] --- SERVER RESTARTED - ROUTES REGISTERED v1.0.6 ---
[2026-04-03T03:35:37.474Z] --- SERVER RESTARTED - ROUTES REGISTERED v1.0.6 ---
[2026-04-03T03:35:42.872Z] --- SERVER RESTARTED - ROUTES REGISTERED v1.0.6 ---
[2026-04-03T03:35:48.588Z] --- SERVER RESTARTED - ROUTES REGISTERED v1.0.6 ---
[2026-04-03T03:35:53.713Z] --- SERVER RESTARTED - ROUTES REGISTERED v1.0.6 ---
[2026-04-03T03:36:01.269Z] --- SERVER RESTARTED - ROUTES REGISTERED v1.0.6 ---
[2026-04-03T03:37:12.600Z] --- SERVER RESTARTED - ROUTES REGISTERED v1.0.6 ---
[2026-04-03T03:37:35.080Z] --- SERVER RESTARTED - ROUTES REGISTERED v1.0.6 ---
[2026-04-03T03:38:01.600Z] --- SERVER RESTARTED - ROUTES REGISTERED v1.0.6 ---
[2026-04-03T03:38:07.044Z] --- SERVER RESTARTED - ROUTES REGISTERED v1.0.6 ---
[2026-04-03T03:38:17.161Z] --- SERVER RESTARTED - ROUTES REGISTERED v1.0.6 ---
[2026-04-03T03:38:25.577Z] --- SERVER RESTARTED - ROUTES REGISTERED v1.0.6 ---
[2026-04-03T03:38:31.572Z] --- SERVER RESTARTED - ROUTES REGISTERED v1.0.6 ---
[2026-04-03T03:38:38.163Z] --- SERVER RESTARTED - ROUTES REGISTERED v1.0.6 ---
[2026-04-03T03:38:47.158Z] --- SERVER RESTARTED - ROUTES REGISTERED v1.0.6 ---
[2026-04-03T03:39:09.113Z] --- SERVER RESTARTED - ROUTES REGISTERED v1.0.6 ---
[2026-04-03T03:39:26.371Z] --- SERVER RESTARTED - ROUTES REGISTERED v1.0.6 ---
[2026-04-03T03:39:39.523Z] --- SERVER RESTARTED - ROUTES REGISTERED v1.0.6 ---
[2026-04-03T03:39:49.088Z] --- SERVER RESTARTED - ROUTES REGISTERED v1.0.6 ---
[2026-04-03T03:40:20.354Z] --- SERVER RESTARTED - ROUTES REGISTERED v1.0.6 ---
[2026-04-03T03:40:29.680Z] --- SERVER RESTARTED - ROUTES REGISTERED v1.0.6 ---
[2026-04-03T03:40:34.740Z] --- SERVER RESTARTED - ROUTES REGISTERED v1.0.6 ---
[2026-04-03T03:40:39.091Z] --- SERVER RESTARTED - ROUTES REGISTERED v1.0.6 ---
[2026-04-03T03:40:43.972Z] --- SERVER RESTARTED - ROUTES REGISTERED v1.0.6 ---
[2026-04-03T03:40:49.451Z] --- SERVER RESTARTED - ROUTES REGISTERED v1.0.6 ---
[2026-04-03T03:40:55.503Z] --- SERVER RESTARTED - ROUTES REGISTERED v1.0.6 ---
[2026-04-03T03:41:01.663Z] --- SERVER RESTARTED - ROUTES REGISTERED v1.0.6 ---
[2026-04-03T03:41:09.418Z] --- SERVER RESTARTED - ROUTES REGISTERED v1.0.6 ---
[2026-04-03T03:41:16.151Z] --- SERVER RESTARTED - ROUTES REGISTERED v1.0.6 ---
[2026-04-03T03:41:20.403Z] --- SERVER RESTARTED - ROUTES REGISTERED v1.0.6 ---
[2026-04-03T03:41:25.246Z] --- SERVER RESTARTED - ROUTES REGISTERED v1.0.6 ---
[2026-04-03T03:41:30.652Z] --- SERVER RESTARTED - ROUTES REGISTERED v1.0.6 ---
[2026-04-03T03:41:35.260Z] --- SERVER RESTARTED - ROUTES REGISTERED v1.0.6 ---
[2026-04-03T03:41:40.809Z] --- SERVER RESTARTED - ROUTES REGISTERED v1.0.6 ---
[2026-04-03T03:41:45.376Z] --- SERVER RESTARTED - ROUTES REGISTERED v1.0.6 ---
[2026-04-03T03:41:50.459Z] --- SERVER RESTARTED - ROUTES REGISTERED v1.0.6 ---
[2026-04-03T03:41:55.571Z] --- SERVER RESTARTED - ROUTES REGISTERED v1.0.6 ---
[2026-04-03T03:42:00.972Z] --- SERVER RESTARTED - ROUTES REGISTERED v1.0.6 ---
[2026-04-03T03:42:06.609Z] --- SERVER RESTARTED - ROUTES REGISTERED v1.0.6 ---
[2026-04-03T03:42:11.161Z] --- SERVER RESTARTED - ROUTES REGISTERED v1.0.6 ---
[2026-04-03T03:42:15.778Z] --- SERVER RESTARTED - ROUTES REGISTERED v1.0.6 ---
[2026-04-03T03:42:20.156Z] --- SERVER RESTARTED - ROUTES REGISTERED v1.0.6 ---
[2026-04-03T03:42:25.125Z] --- SERVER RESTARTED - ROUTES REGISTERED v1.0.6 ---
[2026-04-03T03:42:29.827Z] --- SERVER RESTARTED - ROUTES REGISTERED v1.0.6 ---
[2026-04-03T03:42:34.984Z] --- SERVER RESTARTED - ROUTES REGISTERED v1.0.6 ---
[2026-04-03T03:42:41.367Z] --- SERVER RESTARTED - ROUTES REGISTERED v1.0.6 ---
[2026-04-03T03:42:46.868Z] --- SERVER RESTARTED - ROUTES REGISTERED v1.0.6 ---
[2026-04-03T03:42:51.550Z] --- SERVER RESTARTED - ROUTES REGISTERED v1.0.6 ---
[2026-04-03T03:42:56.457Z] --- SERVER RESTARTED - ROUTES REGISTERED v1.0.6 ---
[2026-04-03T03:43:02.108Z] --- SERVER RESTARTED - ROUTES REGISTERED v1.0.6 ---
[2026-04-03T03:43:07.345Z] --- SERVER RESTARTED - ROUTES REGISTERED v1.0.6 ---
[2026-04-03T03:43:13.527Z] --- SERVER RESTARTED - ROUTES REGISTERED v1.0.6 ---
[2026-04-03T03:43:19.460Z] --- SERVER RESTARTED - ROUTES REGISTERED v1.0.6 ---
[2026-04-03T03:43:24.442Z] --- SERVER RESTARTED - ROUTES REGISTERED v1.0.6 ---
[2026-04-03T03:43:30.905Z] --- SERVER RESTARTED - ROUTES REGISTERED v1.0.6 ---
[2026-04-03T03:43:36.489Z] --- SERVER RESTARTED - ROUTES REGISTERED v1.0.6 ---
[2026-04-03T03:43:44.122Z] --- SERVER RESTARTED - ROUTES REGISTERED v1.0.6 ---
[2026-04-03T03:43:49.566Z] --- SERVER RESTARTED - ROUTES REGISTERED v1.0.6 ---
[2026-04-03T03:43:56.114Z] --- SERVER RESTARTED - ROUTES REGISTERED v1.0.6 ---
[2026-04-03T03:44:01.816Z] --- SERVER RESTARTED - ROUTES REGISTERED v1.0.6 ---
[2026-04-03T03:44:07.089Z] --- SERVER RESTARTED - ROUTES REGISTERED v1.0.6 ---
[2026-04-03T03:44:13.912Z] --- SERVER RESTARTED - ROUTES REGISTERED v1.0.6 ---
[2026-04-03T03:44:18.420Z] --- SERVER RESTARTED - ROUTES REGISTERED v1.0.6 ---
[2026-04-03T03:44:23.406Z] --- SERVER RESTARTED - ROUTES REGISTERED v1.0.6 ---
[2026-04-03T03:44:34.012Z] --- SERVER RESTARTED - ROUTES REGISTERED v1.0.6 ---
[2026-04-03T03:44:38.407Z] --- SERVER RESTARTED - ROUTES REGISTERED v1.0.6 ---
[2026-04-03T03:44:43.770Z] --- SERVER RESTARTED - ROUTES REGISTERED v1.0.6 ---
[2026-04-03T03:44:52.764Z] --- SERVER RESTARTED - ROUTES REGISTERED v1.0.6 ---
[2026-04-03T03:44:55.280Z] --- SERVER RESTARTED - ROUTES REGISTERED v1.0.6 ---
[2026-04-03T03:45:00.327Z] --- SERVER RESTARTED - ROUTES REGISTERED v1.0.6 ---
[2026-04-03T03:45:06.361Z] --- SERVER RESTARTED - ROUTES REGISTERED v1.0.6 ---
[2026-04-03T03:45:11.831Z] --- SERVER RESTARTED - ROUTES REGISTERED v1.0.6 ---
[2026-04-03T03:45:17.072Z] --- SERVER RESTARTED - ROUTES REGISTERED v1.0.6 ---
[2026-04-03T03:45:22.087Z] --- SERVER RESTARTED - ROUTES REGISTERED v1.0.6 ---
[2026-04-03T03:45:26.519Z] --- SERVER RESTARTED - ROUTES REGISTERED v1.0.6 ---
[2026-04-03T03:45:31.358Z] --- SERVER RESTARTED - ROUTES REGISTERED v1.0.6 ---
[2026-04-03T03:45:35.872Z] --- SERVER RESTARTED - ROUTES REGISTERED v1.0.6 ---
[2026-04-03T03:45:40.864Z] --- SERVER RESTARTED - ROUTES REGISTERED v1.0.6 ---
[2026-04-03T03:45:45.939Z] --- SERVER RESTARTED - ROUTES REGISTERED v1.0.6 ---
[2026-04-03T03:45:51.014Z] --- SERVER RESTARTED - ROUTES REGISTERED v1.0.6 ---
[2026-04-03T03:45:56.294Z] --- SERVER RESTARTED - ROUTES REGISTERED v1.0.6 ---
[2026-04-03T03:46:04.695Z] --- SERVER RESTARTED - ROUTES REGISTERED v1.0.6 ---
[2026-04-03T03:46:11.690Z] --- SERVER RESTARTED - ROUTES REGISTERED v1.0.6 ---
[2026-04-03T03:46:16.296Z] --- SERVER RESTARTED - ROUTES REGISTERED v1.0.6 ---
[2026-04-03T03:46:17.259Z] [Download - 2paesu] New PDF download request for ID: doc-1775131173114 
[2026-04-03T03:46:17.289Z] [Download - 2paesu] Looking for file: C:\inetpub\wwwroot\dms\uploads\doc-1775131173114_1775131173152_1 NFDCL_R_QC_13_Raw material analysis register.docx 
[2026-04-03T03:46:17.417Z] [Download - 2paesu] Starting conversion v2.1...
[2026-04-03T03:46:24.429Z] [Download - 2paesu]Success! Sending 109094 bytes
[2026-04-03T03:46:24.800Z] --- SERVER RESTARTED - ROUTES REGISTERED v1.0.6 ---
[2026-04-03T03:46:31.501Z] --- SERVER RESTARTED - ROUTES REGISTERED v1.0.6 ---
[2026-04-03T03:46:36.036Z] --- SERVER RESTARTED - ROUTES REGISTERED v1.0.6 ---
[2026-04-03T03:46:40.696Z] --- SERVER RESTARTED - ROUTES REGISTERED v1.0.6 ---
[2026-04-03T03:46:45.354Z] --- SERVER RESTARTED - ROUTES REGISTERED v1.0.6 ---
[2026-04-03T03:46:50.429Z] --- SERVER RESTARTED - ROUTES REGISTERED v1.0.6 ---
[2026-04-03T03:46:55.853Z] --- SERVER RESTARTED - ROUTES REGISTERED v1.0.6 ---
[2026-04-03T03:47:00.238Z] --- SERVER RESTARTED - ROUTES REGISTERED v1.0.6 ---
[2026-04-03T03:47:05.360Z] --- SERVER RESTARTED - ROUTES REGISTERED v1.0.6 ---
[2026-04-03T03:47:10.239Z] --- SERVER RESTARTED - ROUTES REGISTERED v1.0.6 ---
[2026-04-03T03:47:15.165Z] --- SERVER RESTARTED - ROUTES REGISTERED v1.0.6 ---
[2026-04-03T03:47:19.753Z] --- SERVER RESTARTED - ROUTES REGISTERED v1.0.6 ---
[2026-04-03T03:47:24.490Z] --- SERVER RESTARTED - ROUTES REGISTERED v1.0.6 ---
[2026-04-03T03:47:29.302Z] --- SERVER RESTARTED - ROUTES REGISTERED v1.0.6 ---
[2026-04-03T03:47:33.754Z] --- SERVER RESTARTED - ROUTES REGISTERED v1.0.6 ---
[2026-04-03T03:47:37.988Z] --- SERVER RESTARTED - ROUTES REGISTERED v1.0.6 ---
[2026-04-03T03:47:42.333Z] --- SERVER RESTARTED - ROUTES REGISTERED v1.0.6 ---
[2026-04-03T03:47:47.029Z] --- SERVER RESTARTED - ROUTES REGISTERED v1.0.6 ---
[2026-04-03T03:47:52.999Z] --- SERVER RESTARTED - ROUTES REGISTERED v1.0.6 ---
[2026-04-03T03:47:57.740Z] --- SERVER RESTARTED - ROUTES REGISTERED v1.0.6 ---
[2026-04-03T03:48:04.161Z] --- SERVER RESTARTED - ROUTES REGISTERED v1.0.6 ---
[2026-04-03T03:48:09.880Z] --- SERVER RESTARTED - ROUTES REGISTERED v1.0.6 ---
[2026-04-03T03:48:14.829Z] --- SERVER RESTARTED - ROUTES REGISTERED v1.0.6 ---
[2026-04-03T03:48:19.614Z] --- SERVER RESTARTED - ROUTES REGISTERED v1.0.6 ---
[2026-04-03T03:48:24.341Z] --- SERVER RESTARTED - ROUTES REGISTERED v1.0.6 ---
[2026-04-03T03:48:29.260Z] --- SERVER RESTARTED - ROUTES REGISTERED v1.0.6 ---
[2026-04-03T03:48:34.522Z] --- SERVER RESTARTED - ROUTES REGISTERED v1.0.6 ---
[2026-04-03T03:48:40.791Z] --- SERVER RESTARTED - ROUTES REGISTERED v1.0.6 ---
[2026-04-03T03:48:45.789Z] --- SERVER RESTARTED - ROUTES REGISTERED v1.0.6 ---
[2026-04-03T03:48:50.868Z] --- SERVER RESTARTED - ROUTES REGISTERED v1.0.6 ---
[2026-04-03T03:48:55.820Z] --- SERVER RESTARTED - ROUTES REGISTERED v1.0.6 ---
[2026-04-03T03:49:00.492Z] --- SERVER RESTARTED - ROUTES REGISTERED v1.0.6 ---
[2026-04-03T03:49:05.530Z] --- SERVER RESTARTED - ROUTES REGISTERED v1.0.6 ---
[2026-04-03T03:49:10.586Z] --- SERVER RESTARTED - ROUTES REGISTERED v1.0.6 ---
[2026-04-03T03:49:15.911Z] --- SERVER RESTARTED - ROUTES REGISTERED v1.0.6 ---
[2026-04-03T03:49:20.801Z] --- SERVER RESTARTED - ROUTES REGISTERED v1.0.6 ---
[2026-04-03T03:49:26.028Z] --- SERVER RESTARTED - ROUTES REGISTERED v1.0.6 ---
[2026-04-03T03:49:31.842Z] --- SERVER RESTARTED - ROUTES REGISTERED v1.0.6 ---
[2026-04-03T03:49:36.822Z] --- SERVER RESTARTED - ROUTES REGISTERED v1.0.6 ---
[2026-04-03T03:49:42.639Z] --- SERVER RESTARTED - ROUTES REGISTERED v1.0.6 ---
[2026-04-03T03:49:47.886Z] --- SERVER RESTARTED - ROUTES REGISTERED v1.0.6 ---
[2026-04-03T03:49:53.623Z] --- SERVER RESTARTED - ROUTES REGISTERED v1.0.6 ---
[2026-04-03T03:49:59.284Z] --- SERVER RESTARTED - ROUTES REGISTERED v1.0.6 ---
[2026-04-03T03:50:04.764Z] --- SERVER RESTARTED - ROUTES REGISTERED v1.0.6 ---
[2026-04-03T03:50:10.134Z] --- SERVER RESTARTED - ROUTES REGISTERED v1.0.6 ---
[2026-04-03T03:50:15.975Z] --- SERVER RESTARTED - ROUTES REGISTERED v1.0.6 ---
[2026-04-03T03:50:24.191Z] --- SERVER RESTARTED - ROUTES REGISTERED v1.0.6 ---
[2026-04-03T03:50:30.855Z] --- SERVER RESTARTED - ROUTES REGISTERED v1.0.6 ---
[2026-04-03T03:50:36.556Z] --- SERVER RESTARTED - ROUTES REGISTERED v1.0.6 ---
[2026-04-03T03:50:41.689Z] --- SERVER RESTARTED - ROUTES REGISTERED v1.0.6 ---
[2026-04-03T03:50:47.029Z] --- SERVER RESTARTED - ROUTES REGISTERED v1.0.6 ---
[2026-04-03T03:50:52.303Z] --- SERVER RESTARTED - ROUTES REGISTERED v1.0.6 ---
[2026-04-03T03:50:58.530Z] --- SERVER RESTARTED - ROUTES REGISTERED v1.0.6 ---
[2026-04-03T03:51:03.972Z] --- SERVER RESTARTED - ROUTES REGISTERED v1.0.6 ---
[2026-04-03T03:51:13.026Z] --- SERVER RESTARTED - ROUTES REGISTERED v1.0.6 ---
[2026-04-03T03:51:37.084Z] --- SERVER RESTARTED - ROUTES REGISTERED v1.0.6 ---
[2026-04-03T03:51:55.505Z] --- SERVER RESTARTED - ROUTES REGISTERED v1.0.6 ---
[2026-04-03T03:52:04.153Z] --- SERVER RESTARTED - ROUTES REGISTERED v1.0.6 ---
[2026-04-03T03:52:08.944Z] --- SERVER RESTARTED - ROUTES REGISTERED v1.0.6 ---
[2026-04-03T03:52:13.529Z] --- SERVER RESTARTED - ROUTES REGISTERED v1.0.6 ---
[2026-04-03T03:52:17.618Z] --- SERVER RESTARTED - ROUTES REGISTERED v1.0.6 ---
[2026-04-03T03:52:22.327Z] --- SERVER RESTARTED - ROUTES REGISTERED v1.0.6 ---
[2026-04-03T03:52:28.246Z] --- SERVER RESTARTED - ROUTES REGISTERED v1.0.6 ---
[2026-04-03T03:52:33.112Z] --- SERVER RESTARTED - ROUTES REGISTERED v1.0.6 ---
[2026-04-03T03:52:37.508Z] --- SERVER RESTARTED - ROUTES REGISTERED v1.0.6 ---
[2026-04-03T03:52:41.901Z] --- SERVER RESTARTED - ROUTES REGISTERED v1.0.6 ---
[2026-04-03T03:52:46.757Z] --- SERVER RESTARTED - ROUTES REGISTERED v1.0.6 ---
[2026-04-03T03:52:50.899Z] --- SERVER RESTARTED - ROUTES REGISTERED v1.0.6 ---
[2026-04-03T03:52:55.558Z] --- SERVER RESTARTED - ROUTES REGISTERED v1.0.6 ---
[2026-04-03T03:53:00.234Z] --- SERVER RESTARTED - ROUTES REGISTERED v1.0.6 ---
[2026-04-03T03:53:04.661Z] --- SERVER RESTARTED - ROUTES REGISTERED v1.0.6 ---
[2026-04-03T03:53:09.190Z] --- SERVER RESTARTED - ROUTES REGISTERED v1.0.6 ---
[2026-04-03T03:53:13.574Z] --- SERVER RESTARTED - ROUTES REGISTERED v1.0.6 ---
[2026-04-03T03:53:17.681Z] --- SERVER RESTARTED - ROUTES REGISTERED v1.0.6 ---
[2026-04-03T03:53:22.176Z] --- SERVER RESTARTED - ROUTES REGISTERED v1.0.6 ---
[2026-04-03T03:53:26.892Z] --- SERVER RESTARTED - ROUTES REGISTERED v1.0.6 ---
[2026-04-03T03:53:31.320Z] --- SERVER RESTARTED - ROUTES REGISTERED v1.0.6 ---
[2026-04-03T03:53:36.411Z] --- SERVER RESTARTED - ROUTES REGISTERED v1.0.6 ---
[2026-04-03T03:53:40.906Z] --- SERVER RESTARTED - ROUTES REGISTERED v1.0.6 ---
[2026-04-03T03:53:45.019Z] --- SERVER RESTARTED - ROUTES REGISTERED v1.0.6 ---
[2026-04-03T03:53:49.702Z] --- SERVER RESTARTED - ROUTES REGISTERED v1.0.6 ---
[2026-04-03T03:53:53.957Z] --- SERVER RESTARTED - ROUTES REGISTERED v1.0.6 ---
[2026-04-03T03:53:58.600Z] --- SERVER RESTARTED - ROUTES REGISTERED v1.0.6 ---
[2026-04-03T03:54:03.180Z] --- SERVER RESTARTED - ROUTES REGISTERED v1.0.6 ---
[2026-04-03T03:54:07.293Z] --- SERVER RESTARTED - ROUTES REGISTERED v1.0.6 ---
[2026-04-03T03:54:11.624Z] --- SERVER RESTARTED - ROUTES REGISTERED v1.0.6 ---
[2026-04-03T03:54:15.824Z] --- SERVER RESTARTED - ROUTES REGISTERED v1.0.6 ---
[2026-04-03T03:54:20.426Z] --- SERVER RESTARTED - ROUTES REGISTERED v1.0.6 ---
[2026-04-03T03:54:25.026Z] --- SERVER RESTARTED - ROUTES REGISTERED v1.0.6 ---
[2026-04-03T03:54:29.606Z] --- SERVER RESTARTED - ROUTES REGISTERED v1.0.6 ---
[2026-04-03T03:54:35.286Z] --- SERVER RESTARTED - ROUTES REGISTERED v1.0.6 ---
[2026-04-03T03:54:43.042Z] --- SERVER RESTARTED - ROUTES REGISTERED v1.0.6 ---
[2026-04-03T03:54:48.655Z] --- SERVER RESTARTED - ROUTES REGISTERED v1.0.6 ---
[2026-04-03T03:54:53.607Z] --- SERVER RESTARTED - ROUTES REGISTERED v1.0.6 ---
[2026-04-03T03:54:58.492Z] --- SERVER RESTARTED - ROUTES REGISTERED v1.0.6 ---
[2026-04-03T03:55:03.358Z] --- SERVER RESTARTED - ROUTES REGISTERED v1.0.6 ---
[2026-04-03T03:55:08.294Z] --- SERVER RESTARTED - ROUTES REGISTERED v1.0.6 ---
[2026-04-03T03:55:13.419Z] --- SERVER RESTARTED - ROUTES REGISTERED v1.0.6 ---
[2026-04-03T03:55:17.829Z] --- SERVER RESTARTED - ROUTES REGISTERED v1.0.6 ---
[2026-04-03T03:55:22.685Z] --- SERVER RESTARTED - ROUTES REGISTERED v1.0.6 ---
[2026-04-03T03:55:27.439Z] --- SERVER RESTARTED - ROUTES REGISTERED v1.0.6 ---
[2026-04-03T03:55:32.042Z] --- SERVER RESTARTED - ROUTES REGISTERED v1.0.6 ---
[2026-04-03T03:55:36.637Z] --- SERVER RESTARTED - ROUTES REGISTERED v1.0.6 ---
[2026-04-03T03:55:41.259Z] --- SERVER RESTARTED - ROUTES REGISTERED v1.0.6 ---
[2026-04-03T03:55:45.409Z] --- SERVER RESTARTED - ROUTES REGISTERED v1.0.6 ---
[2026-04-03T03:55:49.955Z] --- SERVER RESTARTED - ROUTES REGISTERED v1.0.6 ---
[2026-04-03T03:55:56.105Z] --- SERVER RESTARTED - ROUTES REGISTERED v1.0.6 ---
[2026-04-03T03:56:01.038Z] --- SERVER RESTARTED - ROUTES REGISTERED v1.0.6 ---
[2026-04-03T03:56:06.579Z] --- SERVER RESTARTED - ROUTES REGISTERED v1.0.6 ---
[2026-04-03T03:56:11.919Z] --- SERVER RESTARTED - ROUTES REGISTERED v1.0.6 ---
[2026-04-03T03:56:19.561Z] --- SERVER RESTARTED - ROUTES REGISTERED v1.0.6 ---
[2026-04-03T03:56:24.811Z] --- SERVER RESTARTED - ROUTES REGISTERED v1.0.6 ---
[2026-04-03T03:56:30.620Z] --- SERVER RESTARTED - ROUTES REGISTERED v1.0.6 ---
[2026-04-03T03:56:35.566Z] --- SERVER RESTARTED - ROUTES REGISTERED v1.0.6 ---
[2026-04-03T03:56:41.107Z] --- SERVER RESTARTED - ROUTES REGISTERED v1.0.6 ---
[2026-04-03T03:56:46.942Z] --- SERVER RESTARTED - ROUTES REGISTERED v1.0.6 ---
[2026-04-03T03:56:52.120Z] --- SERVER RESTARTED - ROUTES REGISTERED v1.0.6 ---
[2026-04-03T03:56:57.961Z] --- SERVER RESTARTED - ROUTES REGISTERED v1.0.6 ---
[2026-04-03T03:57:03.651Z] --- SERVER RESTARTED - ROUTES REGISTERED v1.0.6 ---
[2026-04-03T03:57:12.273Z] --- SERVER RESTARTED - ROUTES REGISTERED v1.0.6 ---
[2026-04-03T03:57:17.649Z] --- SERVER RESTARTED - ROUTES REGISTERED v1.0.6 ---
[2026-04-03T03:57:23.151Z] --- SERVER RESTARTED - ROUTES REGISTERED v1.0.6 ---
[2026-04-03T03:57:28.993Z] --- SERVER RESTARTED - ROUTES REGISTERED v1.0.6 ---
[2026-04-03T03:57:34.500Z] --- SERVER RESTARTED - ROUTES REGISTERED v1.0.6 ---
[2026-04-03T03:57:55.435Z] --- SERVER RESTARTED - ROUTES REGISTERED v1.0.6 ---
[2026-04-03T04:15:17.210Z] [Storage] Executing: UPDATE documents SET word_file_path = @wordFilePath, updated_at = GETDATE() WHERE id = @id
[2026-04-03T04:16:04.590Z] [Storage] Executing: UPDATE documents SET status = @status, approved_by = @approvedBy, approved_at = @approvedAt, approval_remarks = @approvalRemarks, approver_data = @approverData, approver_name = @approverName, updated_at = GETDATE() WHERE id = @id
[2026-04-03T04:16:26.926Z] [Storage] Executing: UPDATE documents SET doc_number = @docNumber, status = @status, issued_by = @issuedBy, issued_at = @issuedAt, issue_remarks = @issueRemarks, issuer_name = @issuerName, issuer_data = @issuerData, updated_at = GETDATE() WHERE id = @id
[2026-04-03T04:16:27.050Z] [Storage] Executing: UPDATE documents SET status = @status, updated_at = GETDATE() WHERE id = @id
[2026-04-03T04:17:19.409Z] [Download - 8iwgx8] New PDF download request for ID: doc-1775189715277 
[2026-04-03T04:17:19.416Z] [Download - 8iwgx8] Looking for file: C:\inetpub\wwwroot\dms\uploads\doc-1775189715277_1775189717169_1 NFDCL_R_QC_13_Raw material analysis register.docx 
[2026-04-03T04:17:19.442Z] [Download - 8iwgx8] Starting conversion v2.1...
[2026-04-03T04:17:25.301Z] [Download - 8iwgx8]Success! Sending 109412 bytes
[2026-04-03T04:22:34.251Z] [Storage] Executing: UPDATE documents SET word_file_path = @wordFilePath, updated_at = GETDATE() WHERE id = @id
[2026-04-03T04:22:54.760Z] [Storage] Executing: UPDATE documents SET status = @status, approved_by = @approvedBy, approved_at = @approvedAt, approval_remarks = @approvalRemarks, approver_data = @approverData, approver_name = @approverName, updated_at = GETDATE() WHERE id = @id
[2026-04-03T04:23:08.002Z] [Storage] Executing: UPDATE documents SET doc_number = @docNumber, status = @status, issued_by = @issuedBy, issued_at = @issuedAt, issue_remarks = @issueRemarks, issuer_name = @issuerName, issuer_data = @issuerData, updated_at = GETDATE() WHERE id = @id
[2026-04-03T04:23:08.033Z] [Storage] Executing: UPDATE documents SET status = @status, updated_at = GETDATE() WHERE id = @id
[2026-04-03T04:23:42.829Z] [Download - odsgcc] New PDF download request for ID: doc-1775190154164 
[2026-04-03T04:23:42.943Z] [Download - odsgcc] Looking for file: C:\inetpub\wwwroot\dms\uploads\doc-1775190154164_1775190154244_1 NFDCL_R_QC_13_Raw material analysis register.docx 
[2026-04-03T04:23:43.045Z] [Download - odsgcc] Starting conversion v2.1...
[2026-04-03T04:23:49.068Z] [Download - odsgcc]Success! Sending 109192 bytes
[2026-04-03T04:26:54.654Z] [Storage] Executing: UPDATE documents SET word_file_path = @wordFilePath, updated_at = GETDATE() WHERE id = @id
[2026-04-03T04:27:24.247Z] [Storage] Executing: UPDATE documents SET status = @status, approved_by = @approvedBy, approved_at = @approvedAt, approval_remarks = @approvalRemarks, approver_data = @approverData, approver_name = @approverName, updated_at = GETDATE() WHERE id = @id
[2026-04-03T04:27:37.107Z] [Storage] Executing: UPDATE documents SET doc_number = @docNumber, status = @status, issued_by = @issuedBy, issued_at = @issuedAt, issue_remarks = @issueRemarks, issuer_name = @issuerName, issuer_data = @issuerData, updated_at = GETDATE() WHERE id = @id
[2026-04-03T04:27:37.314Z] [Storage] Executing: UPDATE documents SET status = @status, updated_at = GETDATE() WHERE id = @id
[2026-04-03T04:28:10.948Z] [Download - hdw15i] New PDF download request for ID: doc-1775190414624 
[2026-04-03T04:28:10.955Z] [Download - hdw15i] Looking for file: C:\inetpub\wwwroot\dms\uploads\doc-1775190414624_1775190414647_1 NFDCL_R_QC_13_Raw material analysis register.docx 
[2026-04-03T04:28:10.972Z] [Download - hdw15i] Starting conversion v2.1...
[2026-04-03T04:28:15.228Z] [Download - hdw15i]Success! Sending 103970 bytes
[2026-04-03T05:10:15.580Z] [Storage] Executing: UPDATE documents SET word_file_path = @wordFilePath, updated_at = GETDATE() WHERE id = @id
[2026-04-03T05:11:42.830Z] [Storage] Executing: UPDATE documents SET status = @status, approved_by = @approvedBy, approved_at = @approvedAt, approval_remarks = @approvalRemarks, approver_data = @approverData, approver_name = @approverName, updated_at = GETDATE() WHERE id = @id
[2026-04-03T05:12:39.742Z] [Storage] Executing: UPDATE documents SET doc_number = @docNumber, status = @status, issued_by = @issuedBy, issued_at = @issuedAt, issue_remarks = @issueRemarks, issuer_name = @issuerName, issuer_data = @issuerData, updated_at = GETDATE() WHERE id = @id
[2026-04-03T05:13:00.656Z] [Storage] Executing: UPDATE documents SET doc_number = @docNumber, status = @status, issued_by = @issuedBy, issued_at = @issuedAt, issue_remarks = @issueRemarks, issuer_name = @issuerName, issuer_data = @issuerData, updated_at = GETDATE() WHERE id = @id
[2026-04-03T05:13:28.796Z] [Download - lejbh] New PDF download request for ID: doc-1775193015534 
[2026-04-03T05:13:28.806Z] [Download - lejbh] Looking for file: C:\inetpub\wwwroot\dms\uploads\doc-1775193015534_1775193015575_Control of Documents.docx 
[2026-04-03T05:13:28.838Z] [Download - lejbh] Starting conversion v2.1...
[2026-04-03T05:13:45.007Z] [Download - lejbh]Success! Sending 156862 bytes
[2026-04-03T05:14:12.627Z] [Download - iuednb] New PDF download request for ID: doc-1775193015534 
[2026-04-03T05:14:12.832Z] [Download - iuednb] Looking for file: C:\inetpub\wwwroot\dms\uploads\doc-1775193015534_1775193015575_Control of Documents.docx 
[2026-04-03T05:14:13.121Z] [Download - iuednb] Starting conversion v2.1...
[2026-04-03T05:14:24.028Z] [Download - iuednb]Success! Sending 156862 bytes
[2026-04-03T05:23:20.129Z] --- SERVER RESTARTED - ROUTES REGISTERED v1.0.6 ---
[2026-04-03T05:31:17.086Z] --- SERVER RESTARTED - ROUTES REGISTERED v1.0.6 ---
[2026-04-03T05:33:45.314Z] [Download - tzg0tk] New PDF download request for ID: doc-1775190414624 
[2026-04-03T05:33:45.373Z] [Download - tzg0tk] Looking for file: C:\inetpub\wwwroot\dms\uploads\doc-1775190414624_1775190414647_1 NFDCL_R_QC_13_Raw material analysis register.docx 
[2026-04-03T05:33:45.678Z] [Download - tzg0tk] Starting conversion v2.1...
[2026-04-03T05:33:52.646Z] [Download - tzg0tk]Success! Sending 104076 bytes
[2026-04-03T05:38:40.626Z] [Storage] Executing: UPDATE documents SET word_file_path = @wordFilePath, updated_at = GETDATE() WHERE id = @id
[2026-04-03T05:40:50.415Z] [Storage] Executing: UPDATE documents SET status = @status, approved_by = @approvedBy, approved_at = @approvedAt, approval_remarks = @approvalRemarks, approver_data = @approverData, approver_name = @approverName, updated_at = GETDATE() WHERE id = @id
[2026-04-03T05:46:18.649Z] --- SERVER RESTARTED - ROUTES REGISTERED v1.0.6 ---
[2026-04-03T05:51:45.282Z] --- SERVER RESTARTED - ROUTES REGISTERED v1.0.6 ---
[2026-04-03T05:54:11.060Z] --- SERVER RESTARTED - ROUTES REGISTERED v1.0.6 ---
[2026-04-03T05:57:36.088Z] --- SERVER RESTARTED - ROUTES REGISTERED v1.0.6 ---
[2026-04-03T06:01:49.042Z] [Storage] Executing: UPDATE documents SET doc_number = @docNumber, status = @status, issued_by = @issuedBy, issued_at = @issuedAt, issue_remarks = @issueRemarks, issuer_name = @issuerName, issuer_data = @issuerData, updated_at = GETDATE() WHERE id = @id
[2026-04-03T06:02:12.405Z] --- SERVER RESTARTED - ROUTES REGISTERED v1.0.6 ---
[2026-04-03T06:02:39.417Z] [Download - 29ykc7] New PDF download request for ID: doc-1775194720554 
[2026-04-03T06:02:39.432Z] [Download - 29ykc7] Looking for file: C:\inetpub\wwwroot\dms\uploads\doc-1775194720554_1775194720613_Risk & opportunity - Ext. Internal issues.docx 
[2026-04-03T06:02:39.464Z] [Download - 29ykc7] Starting conversion v2.1...
[2026-04-03T06:02:54.073Z] [Download - 29ykc7]Success! Sending 542118 bytes
[2026-04-03T06:03:43.405Z] --- SERVER RESTARTED - ROUTES REGISTERED v1.0.6 ---
[2026-04-03T06:07:25.875Z] --- SERVER RESTARTED - ROUTES REGISTERED v1.0.6 ---
[2026-04-03T06:12:05.320Z] --- SERVER RESTARTED - ROUTES REGISTERED v1.0.6 ---
[2026-04-03T06:14:42.414Z] [Storage] Executing: UPDATE documents SET word_file_path = @wordFilePath, updated_at = GETDATE() WHERE id = @id
[2026-04-03T06:15:30.350Z] [Storage] Executing: UPDATE documents SET status = @status, approved_by = @approvedBy, approved_at = @approvedAt, approval_remarks = @approvalRemarks, approver_data = @approverData, approver_name = @approverName, updated_at = GETDATE() WHERE id = @id
[2026-04-03T06:24:31.646Z] [Storage] Executing: UPDATE documents SET doc_number = @docNumber, status = @status, issued_by = @issuedBy, issued_at = @issuedAt, issue_remarks = @issueRemarks, issuer_name = @issuerName, issuer_data = @issuerData, updated_at = GETDATE() WHERE id = @id
[2026-04-03T06:24:31.674Z] [Storage] Executing: UPDATE documents SET status = @status, updated_at = GETDATE() WHERE id = @id
[2026-04-03T06:24:58.883Z] [Download - y6fqba] New PDF download request for ID: doc-1775196882375 
[2026-04-03T06:24:58.891Z] [Download - y6fqba] Looking for file: C:\inetpub\wwwroot\dms\uploads\doc-1775196882375_1775196882407_Risk & opportunity - Ext. Internal issues.docx 
[2026-04-03T06:24:58.915Z] [Download - y6fqba] Starting conversion v2.1...
[2026-04-03T06:25:06.392Z] [Download - y6fqba]Success! Sending 460294 bytes
[2026-04-03T07:46:22.072Z] [Download - yea45] New PDF download request for ID: doc-1775193015534 
[2026-04-03T07:46:22.082Z] [Download - yea45] Looking for file: C:\inetpub\wwwroot\dms\uploads\doc-1775193015534_1775193015575_Control of Documents.docx 
[2026-04-03T07:46:22.129Z] [Download - yea45] Starting conversion v2.1...
[2026-04-03T07:46:27.774Z] [Download - yea45]Success! Sending 156608 bytes
[2026-04-03T08:55:10.085Z] [Download - xl2xhm] New PDF download request for ID: doc-1775196882375 
[2026-04-03T08:55:10.228Z] [Download - xl2xhm] Looking for file: C:\inetpub\wwwroot\dms\uploads\doc-1775196882375_1775196882407_Risk & opportunity - Ext. Internal issues.docx 
[2026-04-03T08:55:10.267Z] [Download - xl2xhm] Starting conversion v2.1...
[2026-04-03T08:55:22.714Z] [Download - xl2xhm]Success! Sending 460294 bytes
[2026-04-03T09:01:32.017Z] --- SERVER RESTARTED - ROUTES REGISTERED v1.0.6 ---
[2026-04-03T09:02:04.226Z] [Storage] Executing: UPDATE documents SET word_file_path = @wordFilePath, updated_at = GETDATE() WHERE id = @id
[2026-04-03T09:02:35.238Z] [Storage] Executing: UPDATE documents SET word_file_path = @wordFilePath, updated_at = GETDATE() WHERE id = @id
[2026-04-03T09:03:06.099Z] [Download - zvcpy] New PDF download request for ID: doc-1775193015534 
[2026-04-03T09:03:06.106Z] [Download - zvcpy] Looking for file: C:\inetpub\wwwroot\dms\uploads\doc-1775193015534_1775193015575_Control of Documents.docx 
[2026-04-03T09:03:06.151Z] [Download - zvcpy] Starting conversion v2.1...
[2026-04-03T09:03:12.502Z] [Download - zvcpy]Success! Sending 157286 bytes
[2026-04-03T09:03:42.774Z] [Storage] Executing: UPDATE documents SET status = @status, approved_by = @approvedBy, approved_at = @approvedAt, approval_remarks = @approvalRemarks, approver_data = @approverData, approver_name = @approverName, updated_at = GETDATE() WHERE id = @id
[2026-04-03T09:06:50.644Z] --- SERVER RESTARTED - ROUTES REGISTERED v1.0.6 ---
[2026-04-03T09:10:18.154Z] [Storage] Executing: UPDATE documents SET doc_number = @docNumber, status = @status, issued_by = @issuedBy, issued_at = @issuedAt, issue_remarks = @issueRemarks, issuer_name = @issuerName, issuer_data = @issuerData, updated_at = GETDATE() WHERE id = @id
[2026-04-03T09:10:21.569Z] [Storage] Executing: UPDATE documents SET word_file_path = @wordFilePath, updated_at = GETDATE() WHERE id = @id
[2026-04-03T09:11:02.944Z] [Storage] Executing: UPDATE documents SET status = @status, approved_by = @approvedBy, approved_at = @approvedAt, approval_remarks = @approvalRemarks, approver_data = @approverData, approver_name = @approverName, updated_at = GETDATE() WHERE id = @id
[2026-04-03T09:12:18.693Z] [Storage] Executing: UPDATE documents SET doc_number = @docNumber, status = @status, issued_by = @issuedBy, issued_at = @issuedAt, issue_remarks = @issueRemarks, issuer_name = @issuerName, issuer_data = @issuerData, updated_at = GETDATE() WHERE id = @id
[2026-04-03T09:13:59.007Z] [Storage] Executing: UPDATE documents SET status = @status, approved_by = @approvedBy, approved_at = @approvedAt, approval_remarks = @approvalRemarks, approver_data = @approverData, approver_name = @approverName, updated_at = GETDATE() WHERE id = @id
[2026-04-03T09:14:12.947Z] [Storage] Executing: UPDATE documents SET doc_number = @docNumber, status = @status, issued_by = @issuedBy, issued_at = @issuedAt, issue_remarks = @issueRemarks, issuer_name = @issuerName, issuer_data = @issuerData, updated_at = GETDATE() WHERE id = @id
[2026-04-03T09:15:55.945Z] [Storage] Executing: UPDATE documents SET word_file_path = @wordFilePath, updated_at = GETDATE() WHERE id = @id
[2026-04-03T09:16:29.491Z] [Storage] Executing: UPDATE documents SET status = @status, approved_by = @approvedBy, approved_at = @approvedAt, approval_remarks = @approvalRemarks, approver_data = @approverData, approver_name = @approverName, updated_at = GETDATE() WHERE id = @id
[2026-04-03T09:17:14.875Z] [Storage] Executing: UPDATE documents SET doc_number = @docNumber, status = @status, issued_by = @issuedBy, issued_at = @issuedAt, issue_remarks = @issueRemarks, issuer_name = @issuerName, issuer_data = @issuerData, updated_at = GETDATE() WHERE id = @id
[2026-04-03T09:17:15.245Z] [Storage] Executing: UPDATE documents SET status = @status, updated_at = GETDATE() WHERE id = @id
[2026-04-03T09:20:02.239Z] [Download - lharc6] New PDF download request for ID: doc-1775207745725 
[2026-04-03T09:20:02.274Z] [Download - lharc6] Looking for file: C:\inetpub\wwwroot\dms\uploads\doc-1775207745725_1775207754129_40. IMS Policy Hindi.docx 
[2026-04-03T09:20:02.306Z] [Download - lharc6] Starting conversion v2.1...
[2026-04-03T09:20:09.346Z] [Download - lharc6]Success! Sending 122098 bytes
[2026-04-03T09:21:31.779Z] [Download - wk218l] New PDF download request for ID: doc-1775207421540 
[2026-04-03T09:21:31.794Z] [Download - wk218l] Looking for file: C:\inetpub\wwwroot\dms\uploads\doc-1775207421540_1775207421561_Pemit for Civil - Painting Work.docx 
[2026-04-03T09:21:31.842Z] [Download - wk218l] Starting conversion v2.1...
[2026-04-03T09:22:14.495Z] [Download - wk218l]Success! Sending 79548 bytes
[2026-04-03T09:25:13.954Z] [Download - un245b] New PDF download request for ID: doc-1775207745725 
[2026-04-03T09:25:13.963Z] [Download - un245b] Looking for file: C:\inetpub\wwwroot\dms\uploads\doc-1775207745725_1775207754129_40. IMS Policy Hindi.docx 
[2026-04-03T09:25:13.989Z] [Download - un245b] Starting conversion v2.1...
[2026-04-03T09:25:25.872Z] [Download - un245b]Success! Sending 122093 bytes
[2026-04-03T11:06:17.578Z] [Storage] Executing: UPDATE documents SET word_file_path = @wordFilePath, updated_at = GETDATE() WHERE id = @id
[2026-04-03T11:07:32.235Z] [Storage] Executing: UPDATE documents SET word_file_path = @wordFilePath, updated_at = GETDATE() WHERE id = @id
[2026-04-03T11:09:15.869Z] [Storage] Executing: UPDATE documents SET word_file_path = @wordFilePath, updated_at = GETDATE() WHERE id = @id
[2026-04-03T11:10:58.348Z] [Storage] Executing: UPDATE documents SET word_file_path = @wordFilePath, updated_at = GETDATE() WHERE id = @id
[2026-04-03T11:11:59.532Z] [Storage] Executing: UPDATE documents SET word_file_path = @wordFilePath, updated_at = GETDATE() WHERE id = @id
[2026-04-03T11:14:31.673Z] [Storage] Executing: UPDATE documents SET word_file_path = @wordFilePath, updated_at = GETDATE() WHERE id = @id
[2026-04-03T11:16:12.378Z] [Storage] Executing: UPDATE documents SET word_file_path = @wordFilePath, updated_at = GETDATE() WHERE id = @id
[2026-04-03T11:17:37.191Z] [Storage] Executing: UPDATE documents SET word_file_path = @wordFilePath, updated_at = GETDATE() WHERE id = @id
[2026-04-03T11:18:53.317Z] [Storage] Executing: UPDATE documents SET word_file_path = @wordFilePath, updated_at = GETDATE() WHERE id = @id
[2026-04-03T11:20:55.742Z] [Storage] Executing: UPDATE documents SET status = @status, approved_by = @approvedBy, approved_at = @approvedAt, approval_remarks = @approvalRemarks, approver_data = @approverData, approver_name = @approverName, updated_at = GETDATE() WHERE id = @id
[2026-04-03T11:21:45.795Z] [Storage] Executing: UPDATE documents SET status = @status, approved_by = @approvedBy, approved_at = @approvedAt, approval_remarks = @approvalRemarks, approver_data = @approverData, approver_name = @approverName, updated_at = GETDATE() WHERE id = @id
[2026-04-03T11:22:17.854Z] [Storage] Executing: UPDATE documents SET status = @status, approved_by = @approvedBy, approved_at = @approvedAt, approval_remarks = @approvalRemarks, approver_data = @approverData, approver_name = @approverName, updated_at = GETDATE() WHERE id = @id
[2026-04-03T11:22:42.985Z] [Storage] Executing: UPDATE documents SET status = @status, approved_by = @approvedBy, approved_at = @approvedAt, approval_remarks = @approvalRemarks, approver_data = @approverData, approver_name = @approverName, updated_at = GETDATE() WHERE id = @id
[2026-04-03T11:23:23.500Z] [Storage] Executing: UPDATE documents SET status = @status, approved_by = @approvedBy, approved_at = @approvedAt, approval_remarks = @approvalRemarks, approver_data = @approverData, approver_name = @approverName, updated_at = GETDATE() WHERE id = @id
[2026-04-03T11:23:45.663Z] [Storage] Executing: UPDATE documents SET status = @status, approved_by = @approvedBy, approved_at = @approvedAt, approval_remarks = @approvalRemarks, approver_data = @approverData, approver_name = @approverName, updated_at = GETDATE() WHERE id = @id
[2026-04-03T11:24:22.436Z] [Storage] Executing: UPDATE documents SET status = @status, approved_by = @approvedBy, approved_at = @approvedAt, approval_remarks = @approvalRemarks, approver_data = @approverData, approver_name = @approverName, updated_at = GETDATE() WHERE id = @id
[2026-04-03T11:24:44.883Z] [Storage] Executing: UPDATE documents SET status = @status, approved_by = @approvedBy, approved_at = @approvedAt, approval_remarks = @approvalRemarks, approver_data = @approverData, approver_name = @approverName, updated_at = GETDATE() WHERE id = @id
[2026-04-03T11:25:03.536Z] [Storage] Executing: UPDATE documents SET status = @status, approved_by = @approvedBy, approved_at = @approvedAt, approval_remarks = @approvalRemarks, approver_data = @approverData, approver_name = @approverName, updated_at = GETDATE() WHERE id = @id
[2026-04-03T11:25:54.236Z] [Storage] Executing: UPDATE documents SET doc_number = @docNumber, status = @status, issued_by = @issuedBy, issued_at = @issuedAt, issue_remarks = @issueRemarks, issuer_name = @issuerName, issuer_data = @issuerData, updated_at = GETDATE() WHERE id = @id
[2026-04-03T11:25:55.436Z] [Word View] Requesting document doc-1775214452196
[2026-04-03T11:25:55.523Z] [Word View] Primary path attempt: C:\inetpub\wwwroot\dms\uploads\uploads\doc-1775214452196_1775214452225_Foam_Trolley_Water_Monitor_Checklist_U2.docx
[2026-04-03T11:25:55.526Z] [Word View] Primary path failed: ENOENT: no such file or directory, access 'C:\inetpub\wwwroot\dms\uploads\uploads\doc-1775214452196_1775214452225_Foam_Trolley_Water_Monitor_Checklist_U2.docx'
[2026-04-03T11:25:55.526Z] [Word View] Trying fallback path: C:\inetpub\wwwroot\dms\uploads\doc-1775214452196_1775214452225_Foam_Trolley_Water_Monitor_Checklist_U2.docx
[2026-04-03T11:25:55.529Z] [Word View] Successfully read file from fallback path, size: 18376 bytes
[2026-04-03T11:25:55.530Z] [Word View] Processing .docx file for document doc-1775214452196.
[2026-04-03T11:25:55.636Z] [Word View] Mammoth conversion complete, HTML length: 2967 
[2026-04-03T11:26:05.297Z] [Storage] Executing: UPDATE documents SET doc_number = @docNumber, status = @status, issued_by = @issuedBy, issued_at = @issuedAt, issue_remarks = @issueRemarks, issuer_name = @issuerName, issuer_data = @issuerData, updated_at = GETDATE() WHERE id = @id
[2026-04-03T11:26:11.497Z] [Storage] Executing: UPDATE documents SET doc_number = @docNumber, status = @status, issued_by = @issuedBy, issued_at = @issuedAt, issue_remarks = @issueRemarks, issuer_name = @issuerName, issuer_data = @issuerData, updated_at = GETDATE() WHERE id = @id
[2026-04-03T11:26:17.132Z] [Storage] Executing: UPDATE documents SET doc_number = @docNumber, status = @status, issued_by = @issuedBy, issued_at = @issuedAt, issue_remarks = @issueRemarks, issuer_name = @issuerName, issuer_data = @issuerData, updated_at = GETDATE() WHERE id = @id
[2026-04-03T11:26:22.401Z] [Storage] Executing: UPDATE documents SET doc_number = @docNumber, status = @status, issued_by = @issuedBy, issued_at = @issuedAt, issue_remarks = @issueRemarks, issuer_name = @issuerName, issuer_data = @issuerData, updated_at = GETDATE() WHERE id = @id
[2026-04-03T11:26:30.198Z] [Storage] Executing: UPDATE documents SET doc_number = @docNumber, status = @status, issued_by = @issuedBy, issued_at = @issuedAt, issue_remarks = @issueRemarks, issuer_name = @issuerName, issuer_data = @issuerData, updated_at = GETDATE() WHERE id = @id
[2026-04-03T11:26:43.500Z] [Storage] Executing: UPDATE documents SET doc_number = @docNumber, status = @status, issued_by = @issuedBy, issued_at = @issuedAt, issue_remarks = @issueRemarks, issuer_name = @issuerName, issuer_data = @issuerData, updated_at = GETDATE() WHERE id = @id
[2026-04-03T11:26:44.024Z] [Storage] Executing: UPDATE documents SET doc_number = @docNumber, status = @status, issued_by = @issuedBy, issued_at = @issuedAt, issue_remarks = @issueRemarks, issuer_name = @issuerName, issuer_data = @issuerData, updated_at = GETDATE() WHERE id = @id
[2026-04-03T11:26:47.020Z] [Storage] Executing: UPDATE documents SET doc_number = @docNumber, status = @status, issued_by = @issuedBy, issued_at = @issuedAt, issue_remarks = @issueRemarks, issuer_name = @issuerName, issuer_data = @issuerData, updated_at = GETDATE() WHERE id = @id
[2026-04-03T11:28:55.655Z] [Download - 7w958b] New PDF download request for ID: doc-1775214871604 
[2026-04-03T11:28:55.666Z] [Download - 7w958b] Looking for file: C:\inetpub\wwwroot\dms\uploads\doc-1775214871604_1775214871636_SOP_EHS_Checking_EY_BS.docx 
[2026-04-03T11:28:55.691Z] [Download - 7w958b] Starting conversion v2.1...
[2026-04-03T11:29:01.799Z] [Download - 7w958b]Success! Sending 133113 bytes
[2026-04-03T11:31:50.575Z] [Download - w9wpfb] New PDF download request for ID: doc-1775214719502 
[2026-04-03T11:31:50.602Z] [Download - w9wpfb] Looking for file: C:\inetpub\wwwroot\dms\uploads\doc-1775214719502_1775214719528_List_EHS_Appliances_U2.docx 
[2026-04-03T11:31:50.826Z] [Download - w9wpfb] Starting conversion v2.1...
[2026-04-03T11:31:55.387Z] [Download - w9wpfb]Success! Sending 84615 bytes
[2026-04-03T11:32:17.060Z] [Download - o2kk35] New PDF download request for ID: doc-1775214555828 
[2026-04-03T11:32:17.073Z] [Download - o2kk35] Looking for file: C:\inetpub\wwwroot\dms\uploads\doc-1775214555828_1775214555863_Hot_Work_Permit.docx 
[2026-04-03T11:32:17.108Z] [Download - o2kk35] Starting conversion v2.1...
[2026-04-03T11:32:21.080Z] [Download - o2kk35]Success! Sending 94306 bytes
[2026-04-03T11:35:58.888Z] [Download - bssgo] New PDF download request for ID: doc-1775214871604 
[2026-04-03T11:35:58.933Z] [Download - bssgo] Looking for file: C:\inetpub\wwwroot\dms\uploads\doc-1775214871604_1775214871636_SOP_EHS_Checking_EY_BS.docx 
[2026-04-03T11:35:58.971Z] [Download - bssgo] Starting conversion v2.1...
[2026-04-03T11:36:03.760Z] [Download - bssgo]Success! Sending 133114 bytes
[2026-04-03T11:36:20.239Z] [Download - 6nl5ds] New PDF download request for ID: doc-1775214972329 
[2026-04-03T11:36:20.269Z] [Download - 6nl5ds] Looking for file: C:\inetpub\wwwroot\dms\uploads\doc-1775214972329_1775214972374_SOP_EHS_Checking_Fire_Extinguishers.docx 
[2026-04-03T11:36:20.302Z] [Download - 6nl5ds] Starting conversion v2.1...
[2026-04-03T11:36:24.584Z] [Download - 6nl5ds]Success! Sending 127863 bytes
[2026-04-03T11:36:37.473Z] [Download - 64jqb5] New PDF download request for ID: doc-1775215057126 
[2026-04-03T11:36:37.483Z] [Download - 64jqb5] Looking for file: C:\inetpub\wwwroot\dms\uploads\doc-1775215057126_1775215057167_SOP_EHS_Material_Handling.docx 
[2026-04-03T11:36:37.529Z] [Download - 64jqb5] Starting conversion v2.1...
[2026-04-03T11:36:42.414Z] [Download - 64jqb5]Success! Sending 264364 bytes
[2026-04-03T11:36:58.622Z] [Download - effq5] New PDF download request for ID: doc-1775214719502 
[2026-04-03T11:36:58.632Z] [Download - effq5] Looking for file: C:\inetpub\wwwroot\dms\uploads\doc-1775214719502_1775214719528_List_EHS_Appliances_U2.docx 
[2026-04-03T11:36:58.658Z] [Download - effq5] Starting conversion v2.1...
[2026-04-03T11:37:04.306Z] [Download - effq5]Success! Sending 84615 bytes
[2026-04-03T11:37:19.079Z] [Download - lv2swk] New PDF download request for ID: doc-1775214658299 
[2026-04-03T11:37:19.090Z] [Download - lv2swk] Looking for file: C:\inetpub\wwwroot\dms\uploads\doc-1775214658299_1775214658344_List_EHS_Appliances_U1.docx 
[2026-04-03T11:37:19.123Z] [Download - lv2swk] Starting conversion v2.1...
[2026-04-03T11:37:23.818Z] [Download - lv2swk]Success! Sending 83208 bytes
[2026-04-03T11:37:43.103Z] [Download - p8q8ja] New PDF download request for ID: doc-1775214555828 
[2026-04-03T11:37:43.116Z] [Download - p8q8ja] Looking for file: C:\inetpub\wwwroot\dms\uploads\doc-1775214555828_1775214555863_Hot_Work_Permit.docx 
[2026-04-03T11:37:43.147Z] [Download - p8q8ja] Starting conversion v2.1...
[2026-04-03T11:37:48.371Z] [Download - p8q8ja]Success! Sending 94307 bytes
[2026-04-03T11:37:58.769Z] [Download - hrd6g6] New PDF download request for ID: doc-1775214377480 
[2026-04-03T11:37:58.784Z] [Download - hrd6g6] Looking for file: C:\inetpub\wwwroot\dms\uploads\doc-1775214377480_1775214377566_Foam_Trolley_Water_Monitor_Checklist_U1.docx 
[2026-04-03T11:37:58.824Z] [Download - hrd6g6] Starting conversion v2.1...
[2026-04-03T11:38:01.396Z] [Download - wo2ujp] New PDF download request for ID: doc-1775214452196 
[2026-04-03T11:38:02.452Z] [Download - wo2ujp] Looking for file: C:\inetpub\wwwroot\dms\uploads\doc-1775214452196_1775214452225_Foam_Trolley_Water_Monitor_Checklist_U2.docx 
[2026-04-03T11:38:03.557Z] [Download - wo2ujp] Starting conversion v2.1...
[2026-04-03T11:38:03.811Z] [Download - hrd6g6]Success! Sending 75315 bytes
[2026-04-03T11:38:07.827Z] [Download - wo2ujp]Success! Sending 75238 bytes
[2026-04-03T11:38:23.687Z] [Download - vhxd78] New PDF download request for ID: doc-1775214377480 
[2026-04-03T11:38:23.717Z] [Download - vhxd78] Looking for file: C:\inetpub\wwwroot\dms\uploads\doc-1775214377480_1775214377566_Foam_Trolley_Water_Monitor_Checklist_U1.docx 
[2026-04-03T11:38:23.911Z] [Download - vhxd78] Starting conversion v2.1...
[2026-04-03T11:38:28.274Z] [Download - vhxd78]Success! Sending 75315 bytes
[2026-04-03T11:38:40.127Z] [Download - fkgutz] New PDF download request for ID: doc-1775206923156 
[2026-04-03T11:38:40.137Z] [Download - fkgutz] Looking for file: C:\inetpub\wwwroot\dms\uploads\doc-1775206923156_1775206924209_Emergency_First_Aider_Presenttee_Report_U1.docx 
[2026-04-03T11:38:40.160Z] [Download - fkgutz] Starting conversion v2.1...
[2026-04-03T11:38:44.255Z] [Download - fkgutz]Success! Sending 85724 bytes
[2026-04-03T11:38:58.195Z] [Download - lc39r] New PDF download request for ID: doc-1775215057126 
[2026-04-03T11:38:58.221Z] [Download - lc39r] Looking for file: C:\inetpub\wwwroot\dms\uploads\doc-1775215057126_1775215057167_SOP_EHS_Material_Handling.docx 
[2026-04-03T11:38:58.270Z] [Download - lc39r] Starting conversion v2.1...
[2026-04-03T11:39:02.941Z] [Download - lc39r]Success! Sending 264364 bytes
[2026-04-03T12:13:40.834Z] [Download - xn1nhn] New PDF download request for ID: doc-1775215057126 
[2026-04-03T12:13:40.859Z] [Download - xn1nhn] Looking for file: C:\inetpub\wwwroot\dms\uploads\doc-1775215057126_1775215057167_SOP_EHS_Material_Handling.docx 
[2026-04-03T12:13:40.961Z] [Download - xn1nhn] Starting conversion v2.1...
[2026-04-03T12:13:45.502Z] [Download - xn1nhn]Success! Sending 264364 bytes
[2026-04-10T10:32:11.631Z] --- SERVER RESTARTED - ROUTES REGISTERED v1.0.6 ---
[2026-04-14T04:56:14.030Z] --- SERVER RESTARTED - ROUTES REGISTERED v1.0.6 ---
[2026-04-15T04:02:56.850Z] --- SERVER RESTARTED - ROUTES REGISTERED v1.0.6 ---
[2026-04-15T05:38:27.671Z] --- SERVER RESTARTED - ROUTES REGISTERED v1.0.6 ---
[2026-04-15T06:04:45.321Z] --- SERVER RESTARTED - ROUTES REGISTERED v1.0.6 ---
[2026-04-16T09:58:43.235Z] --- SERVER RESTARTED - ROUTES REGISTERED v1.0.6 ---
[2026-04-17T04:29:12.470Z] --- SERVER RESTARTED - ROUTES REGISTERED v1.0.6 ---
[2026-04-17T16:52:56.374Z] --- SERVER RESTARTED - ROUTES REGISTERED v1.0.6 ---
[2026-04-20T03:55:02.573Z] --- SERVER RESTARTED - ROUTES REGISTERED v1.0.6 ---
[2026-04-20T09:02:13.987Z] --- SERVER RESTARTED - ROUTES REGISTERED v1.0.6 ---
[2026-04-27T09:34:13.842Z] [Storage] Executing: UPDATE documents SET doc_number = @docNumber, status = @status, issued_by = @issuedBy, issued_at = @issuedAt, issue_remarks = @issueRemarks, issuer_name = @issuerName, issuer_data = @issuerData, updated_at = GETDATE() WHERE id = @id
[2026-04-27T09:36:09.638Z] [Download - 80e6wm] New PDF download request for ID: doc-1775190414624 
[2026-04-27T09:36:09.687Z] [Download - 80e6wm] Looking for file: C:\inetpub\wwwroot\dms\uploads\doc-1775190414624_1775190414647_1 NFDCL_R_QC_13_Raw material analysis register.docx 
[2026-04-27T09:36:10.522Z] [Download - 80e6wm] Starting conversion v2.1...
[2026-04-27T09:36:26.424Z] [Download - 80e6wm]Success! Sending 104097 bytes
[2026-04-28T11:39:48.557Z] --- SERVER RESTARTED - ROUTES REGISTERED v1.0.6 ---
[2026-05-06T04:44:46.122Z] [Download - 9c8hkl] New PDF download request for ID: doc-1775194720554 
[2026-05-08T11:23:54.080Z] --- SERVER RESTARTED - ROUTES REGISTERED v1.0.6 ---
